name,short_name,type_ru,justification,lng,nearest_distance_m,nearest_monument,article,score
усадьба Остафьево,Усадьба Остафьево,усадьба / дворец / особняк,"Бывшая городская усадьба Вяземских-Шереметевых в селе Остафьево. До ближайшего монумента — «Дерево желаний», около 3.81 км.",37.50132,3811,Дерево желаний,https://ru.wikipedia.org/wiki/%D0%9E%D1%81%D1%82%D0%B0%D1%84%D1%8C%D0%B5%D0%B2%D0%BE_(%D1%83%D1%81%D0%B0%D0%B4%D1%8C%D0%B1%D0%B0),97
Крёкшино (усадьба),Усадьба Крёкшино,усадьба / дворец / особняк,"Подойдёт для спокойного знакомства с московской усадебной архитектурой. Есть выявленный охранный статус. До ближайшего монумента — «Лосиха и лосёнок», около 3.74 км.",37.1075,3742,Лосиха и лосёнок,https://ru.wikipedia.org/wiki/%D0%9A%D1%80%D1%91%D0%BA%D1%88%D0%B8%D0%BD%D0%BE_(%D1%83%D1%81%D0%B0%D0%B4%D1%8C%D0%B1%D0%B0),97
Сергиевское-Коньково,Усадьба Сергиевское-Коньково,усадьба или дворец,"Подойдёт для спокойного знакомства с московской усадебной архитектурой. Есть федеральный охранный статус. До ближайшего монумента — «Bitsa forest», около 2.69 км.",37.51916667,2685,Bitsa forest,https://ru.wikipedia.org/wiki/%D0%A1%D0%B5%D1%80%D0%B3%D0%B8%D0%B5%D0%B2%D1%81%D0%BA%D0%BE%D0%B5-%D0%9A%D0%BE%D0%BD%D1%8C%D0%BA%D0%BE%D0%B2%D0%BE,97
Церковь Архангела Михаила в Станиславле,Церковь Архангела Михаила,исторический храм / монастырь,"Тихая архитектурная точка, заметная в исторической среде района. Есть региональный охранный статус. До ближайшего монумента — «Беседка ""Прибрежная""», около 5.34 км.",37.36277778,5341,"Беседка ""Прибрежная""",https://ru.wikipedia.org/wiki/%D0%A6%D0%B5%D1%80%D0%BA%D0%BE%D0%B2%D1%8C_%D0%90%D1%80%D1%85%D0%B0%D0%BD%D0%B3%D0%B5%D0%BB%D0%B0_%D0%9C%D0%B8%D1%85%D0%B0%D0%B8%D0%BB%D0%B0_%D0%B2_%D0%A1%D1%82%D0%B0%D0%BD%D0%B8%D1%81%D0%BB%D0%B0%D0%B2%D0%BB%D0%B5,91
храм Архангела Михаила,Храм Архангела Михаила,исторический храм / монастырь,"Сохранившийся православный храм в деревне Летово Новомосковского административного округа Москвы. До ближайшего монумента — «Красный Бык», около 3.70 км.",37.4078,3703,Красный Бык,https://ru.wikipedia.org/wiki/%D0%A5%D1%80%D0%B0%D0%BC_%D0%90%D1%80%D1%85%D0%B0%D0%BD%D0%B3%D0%B5%D0%BB%D0%B0_%D0%9C%D0%B8%D1%85%D0%B0%D0%B8%D0%BB%D0%B0_(%D0%9B%D0%B5%D1%82%D0%BE%D0%B2%D0%BE),91
Чазовский дом,Чазовский дом,историческое здание,"Можно рассмотреть фрагмент исторической застройки без музейной торжественности. Сохраняет признаки объекта наследия. До ближайшего монумента — «Полёт», около 3.63 км.",37.399667,3627,Полёт,https://ru.wikipedia.org/wiki/%D0%A7%D0%B0%D0%B7%D0%BE%D0%B2%D1%81%D0%BA%D0%B8%D0%B9_%D0%B4%D0%BE%D0%BC,91
Храм Рождества Христова в Черкизове,Храм Рождества Христова,исторический храм / монастырь,"Тихая архитектурная точка, заметная в исторической среде района. Есть региональный охранный статус. До ближайшего монумента — «Шаляпинская усадьба», около 3.42 км.",37.353275,3422,Шаляпинская усадьба,https://ru.wikipedia.org/wiki/%D0%A5%D1%80%D0%B0%D0%BC_%D0%A0%D0%BE%D0%B6%D0%B4%D0%B5%D1%81%D1%82%D0%B2%D0%B0_%D0%A5%D1%80%D0%B8%D1%81%D1%82%D0%BE%D0%B2%D0%B0_%D0%B2_%D0%A7%D0%B5%D1%80%D0%BA%D0%B8%D0%B7%D0%BE%D0%B2%D0%B5,91
Крылатское (велотрасса),Крылатское,спортивная арена / стадион,"Связано со спортивной жизнью города и крупными событиями района. До ближайшего монумента — «Pier», около 3.03 км.",37.422611111,3031,Pier,https://ru.wikipedia.org/wiki/%D0%9A%D1%80%D1%8B%D0%BB%D0%B0%D1%82%D1%81%D0%BA%D0%BE%D0%B5_(%D0%B2%D0%B5%D0%BB%D0%BE%D1%82%D1%80%D0%B0%D1%81%D1%81%D0%B0),91
Храм Владимирской иконы Божией Матери в Виноградове,Храм Владимирской иконы,исторический храм / монастырь,"Тихая архитектурная точка, заметная в исторической среде района. Есть федеральный охранный статус. До ближайшего монумента — «Airship», около 2.99 км.",37.546388888,2987,Airship,https://ru.wikipedia.org/wiki/%D0%A5%D1%80%D0%B0%D0%BC_%D0%92%D0%BB%D0%B0%D0%B4%D0%B8%D0%BC%D0%B8%D1%80%D1%81%D0%BA%D0%BE%D0%B9_%D0%B8%D0%BA%D0%BE%D0%BD%D1%8B_%D0%91%D0%BE%D0%B6%D0%B8%D0%B5%D0%B9_%D0%9C%D0%B0%D1%82%D0%B5%D1%80%D0%B8_%D0%B2_%D0%92%D0%B8%D0%BD%D0%BE%D0%B3%D1%80%D0%B0%D0%B4%D0%BE%D0%B2%D0%B5,91
Храм Рождества Пресвятой Богородицы в Крылатском,Храм Рождества Богородицы,исторический храм / монастырь,"Тихая архитектурная точка, заметная в исторической среде района. Есть федеральный охранный статус. До ближайшего монумента — «Усадьба Нарышкиных», около 2.88 км.",37.425583333,2883,Усадьба Нарышкиных,https://ru.wikipedia.org/wiki/%D0%A5%D1%80%D0%B0%D0%BC_%D0%A0%D0%BE%D0%B6%D0%B4%D0%B5%D1%81%D1%82%D0%B2%D0%B0_%D0%9F%D1%80%D0%B5%D1%81%D0%B2%D1%8F%D1%82%D0%BE%D0%B9_%D0%91%D0%BE%D0%B3%D0%BE%D1%80%D0%BE%D0%B4%D0%B8%D1%86%D1%8B_%D0%B2_%D0%9A%D1%80%D1%8B%D0%BB%D0%B0%D1%82%D1%81%D0%BA%D0%BE%D0%BC,91
Храм Троицы Живоначальной в Конькове,Храм Троицы,исторический храм / монастырь,"Тихая архитектурная точка, заметная в исторической среде района. Есть федеральный охранный статус. До ближайшего монумента — «Bitsa forest», около 2.68 км.",37.519317,2680,Bitsa forest,https://ru.wikipedia.org/wiki/%D0%A5%D1%80%D0%B0%D0%BC_%D0%A2%D1%80%D0%BE%D0%B8%D1%86%D1%8B_%D0%96%D0%B8%D0%B2%D0%BE%D0%BD%D0%B0%D1%87%D0%B0%D0%BB%D1%8C%D0%BD%D0%BE%D0%B9_%D0%B2_%D0%9A%D0%BE%D0%BD%D1%8C%D0%BA%D0%BE%D0%B2%D0%B5,91
Строкинское укрепление,Строкинское укрепление,историческое здание,"Можно рассмотреть фрагмент исторической застройки без музейной торжественности. Считается ценной частью городской среды. До ближайшего монумента — «Спутник-1», около 2.58 км.",37.835534,2584,Спутник-1,https://ru.wikipedia.org/wiki/%D0%A1%D1%82%D1%80%D0%BE%D0%BA%D0%B8%D0%BD%D1%81%D0%BA%D0%B8%D0%B9_%D0%BA%D0%B8%D1%80%D0%BF%D0%B8%D1%87%D0%BD%D1%8B%D0%B9_%D0%B7%D0%B0%D0%B2%D0%BE%D0%B4,91
Крылатское (велотрек),Крылатское,спортивная арена / стадион,"Связано со спортивной жизнью города и крупными событиями района. До ближайшего монумента — «Pier», около 2.55 км.",37.433041,2551,Pier,https://ru.wikipedia.org/wiki/%D0%9A%D1%80%D1%8B%D0%BB%D0%B0%D1%82%D1%81%D0%BA%D0%BE%D0%B5_(%D0%B2%D0%B5%D0%BB%D0%BE%D1%82%D1%80%D0%B5%D0%BA),91
Виноградово,Усадьба Виноградово,усадьба или дворец,"Подойдёт для спокойного знакомства с московской усадебной архитектурой. Есть федеральный охранный статус. До ближайшего монумента — «Airship», около 2.49 км.",37.53847,2491,Airship,https://ru.wikipedia.org/wiki/%D0%92%D0%B8%D0%BD%D0%BE%D0%B3%D1%80%D0%B0%D0%B4%D0%BE%D0%B2%D0%BE_(%D1%83%D1%81%D0%B0%D0%B4%D1%8C%D0%B1%D0%B0),90
усадьба Люблино,Усадьба Люблино,усадьба / дворец / особняк,"Палладианская усадьба в Москве. До ближайшего монумента — «Скульптура из дерева», около 2.28 км.",37.74333,2279,Скульптура из дерева,https://ru.wikipedia.org/wiki/%D0%9B%D1%8E%D0%B1%D0%BB%D0%B8%D0%BD%D0%BE_(%D1%83%D1%81%D0%B0%D0%B4%D1%8C%D0%B1%D0%B0),90
Крепостной театр Дурасова,Театр Дурасова,театр,"Камерная культурная точка для тех, кто ищет районную сцену. Есть федеральный охранный статус. До ближайшего монумента — «Ломаковский музей», около 2.23 км.",37.744722222,2231,Ломаковский музей,https://ru.wikipedia.org/wiki/%D0%9A%D1%80%D0%B5%D0%BF%D0%BE%D1%81%D1%82%D0%BD%D0%BE%D0%B9_%D1%82%D0%B5%D0%B0%D1%82%D1%80_%D0%94%D1%83%D1%80%D0%B0%D1%81%D0%BE%D0%B2%D0%B0,90
Покровское-Стрешнево,Усадьба Покровское-Стрешнево,усадьба / дворец / особняк,"Усадьба на северо-западе Москвы. До ближайшего монумента — «Стадион Спартак», около 1.95 км.",37.47152,1949,Стадион Спартак,https://ru.wikipedia.org/wiki/%D0%9F%D0%BE%D0%BA%D1%80%D0%BE%D0%B2%D1%81%D0%BA%D0%BE%D0%B5-%D0%A1%D1%82%D1%80%D0%B5%D1%88%D0%BD%D0%B5%D0%B2%D0%BE_(%D1%83%D1%81%D0%B0%D0%B4%D1%8C%D0%B1%D0%B0),90
Грачёвский парк,Грачёвский парк,знаковое городское место,"Зелёное место для прогулки; площадь около 21,1 га. До ближайшего монумента — «Apple garden», около 1.92 км.",37.506666666,1924,Apple garden,https://ru.wikipedia.org/wiki/%D0%93%D1%80%D0%B0%D1%87%D1%91%D0%B2%D1%81%D0%BA%D0%B8%D0%B9_%D0%BF%D0%B0%D1%80%D0%BA,90
Филимонки (усадьба),Усадьба Филимонки,усадьба / дворец / особняк,"Подойдёт для спокойного знакомства с московской усадебной архитектурой. Есть федеральный охранный статус. До ближайшего монумента — «Беседка ""Прибрежная""», около 1.83 км.",37.35294,1828,"Беседка ""Прибрежная""",https://ru.wikipedia.org/wiki/%D0%A4%D0%B8%D0%BB%D0%B8%D0%BC%D0%BE%D0%BD%D0%BA%D0%B8_(%D1%83%D1%81%D0%B0%D0%B4%D1%8C%D0%B1%D0%B0),90
Горки-9,Усадьба Горки-9,усадьба или дворец,"Резиденция Президента Российской Федерации. До ближайшего монумента — «Петрово-Дальнее», около 3.20 км.",37.13579,3204,Петрово-Дальнее,https://ru.wikipedia.org/wiki/%D0%93%D0%BE%D1%80%D0%BA%D0%B8-9,87
Новоподрезково,Новоподрезково,необычное здание,"Микрорайон в Молжаниновском районе Северного административного округа Москвы. До ближайшего монумента — «Парк имени Величко», около 3.14 км.",37.344166666,3143,Парк имени Величко,https://ru.wikipedia.org/wiki/%D0%9D%D0%BE%D0%B2%D0%BE%D0%BF%D0%BE%D0%B4%D1%80%D0%B5%D0%B7%D0%BA%D0%BE%D0%B2%D0%BE_(%D0%9C%D0%BE%D1%81%D0%BA%D0%B2%D0%B0),87
Московский детский музыкально-драматический театр «Поколение»,Театр Поколение,театр,"Камерная культурная точка для тех, кто ищет районную сцену. До ближайшего монумента — «Сухой фонтан», около 2.53 км.",37.78391667,2527,Сухой фонтан,https://ru.wikipedia.org/wiki/%D0%9F%D0%BE%D0%BA%D0%BE%D0%BB%D0%B5%D0%BD%D0%B8%D0%B5_(%D1%82%D0%B5%D0%B0%D1%82%D1%80),87
Церковь Николая Чудотворца в Троекурове,Церковь Николая Чудотворца,исторический храм / монастырь,"Тихая архитектурная точка, заметная в исторической среде района. Есть региональный охранный статус. До ближайшего монумента — «Дача Д. Филиппова», около 2.45 км.",37.41125,2446,Дача Д. Филиппова,https://ru.wikipedia.org/wiki/%D0%A5%D1%80%D0%B0%D0%BC_%D0%9D%D0%B8%D0%BA%D0%BE%D0%BB%D0%B0%D1%8F_%D0%A7%D1%83%D0%B4%D0%BE%D1%82%D0%B2%D0%BE%D1%80%D1%86%D0%B0_%D0%B2_%D0%A2%D1%80%D0%BE%D0%B5%D0%BA%D1%83%D1%80%D0%BE%D0%B2%D0%B5,84
Малое Голубино,Малое Голубино,историческое здание,"Можно рассмотреть фрагмент исторической застройки без музейной торжественности. Есть региональный охранный статус. До ближайшего монумента — «Шишки», около 2.39 км.",37.50833,2391,Шишки,https://ru.wikipedia.org/wiki/%D0%9C%D0%B0%D0%BB%D0%BE%D0%B5_%D0%93%D0%BE%D0%BB%D1%83%D0%B1%D0%B8%D0%BD%D0%BE,84
Баскет Холл,Баскет Холл,спортивная арена / стадион,"Связано со спортивной жизнью города и крупными событиями района. До ближайшего монумента — «Усадьба Нарышкиных», около 2.30 км.",37.44338889,2302,Усадьба Нарышкиных,https://ru.wikipedia.org/wiki/%D0%91%D0%B0%D1%81%D0%BA%D0%B5%D1%82_%D0%A5%D0%BE%D0%BB%D0%BB_%D0%9C%D0%BE%D1%81%D0%BA%D0%B2%D0%B0,84
Крылатское (гребной канал),Крылатское,спортивный объект,"Интересно как часть городской инфраструктуры и повседневного движения Москвы. До ближайшего монумента — «Усадьба Нарышкиных», около 2.29 км.",37.437222222,2292,Усадьба Нарышкиных,https://ru.wikipedia.org/wiki/%D0%9C%D0%BE%D1%81%D0%BA%D0%B2%D0%B0_(%D0%B3%D1%80%D0%B5%D0%B1%D0%BD%D0%BE%D0%B9_%D0%BA%D0%B0%D0%BD%D0%B0%D0%BB),84
Детский сад № 333,Сад 333,историческое здание,"Место для прогулки и передышки от плотной городской застройки. Есть региональный охранный статус. До ближайшего монумента — «Стадион Спартак», около 2.25 км.",37.467172,2253,Стадион Спартак,https://ru.wikipedia.org/wiki/%D0%94%D0%B5%D1%82%D1%81%D0%BA%D0%B8%D0%B9_%D1%81%D0%B0%D0%B4_%E2%84%96_333_(%D0%9C%D0%BE%D1%81%D0%BA%D0%B2%D0%B0),84
Хлебозавод № 9,Хлебозавод 9,историческое здание,"Бывший хлебозавод в Бутырском районе Москвы. До ближайшего монумента — «Останкинская башня», около 2.25 км.",37.584444444,2253,Останкинская башня,https://ru.wikipedia.org/wiki/%D0%A5%D0%BB%D0%B5%D0%B1%D0%BE%D0%B7%D0%B0%D0%B2%D0%BE%D0%B4_%E2%84%96_9,84
Российский государственный архив литературы и искусства,Архив литературы искусства,историческое здание,"Можно рассмотреть фрагмент исторической застройки без музейной торжественности. Есть федеральный охранный статус. До ближайшего монумента — «Ерунда», около 2.22 км.",37.488197,2218,Ерунда,https://ru.wikipedia.org/wiki/%D0%A0%D0%BE%D1%81%D1%81%D0%B8%D0%B9%D1%81%D0%BA%D0%B8%D0%B9_%D0%B3%D0%BE%D1%81%D1%83%D0%B4%D0%B0%D1%80%D1%81%D1%82%D0%B2%D0%B5%D0%BD%D0%BD%D1%8B%D0%B9_%D0%B0%D1%80%D1%85%D0%B8%D0%B2_%D0%BB%D0%B8%D1%82%D0%B5%D1%80%D0%B0%D1%82%D1%83%D1%80%D1%8B_%D0%B8_%D0%B8%D1%81%D0%BA%D1%83%D1%81%D1%81%D1%82%D0%B2%D0%B0,84
Лефортово,Лефортово,вокзал / транспортный объект,"Станция МКЖД в Москве, Россия. До ближайшего монумента — «Rabbit with clock», около 2.21 км.",37.74565,2206,Rabbit with clock,https://ru.wikipedia.org/wiki/%D0%9B%D0%B5%D1%84%D0%BE%D1%80%D1%82%D0%BE%D0%B2%D0%BE_(%D1%81%D1%82%D0%B0%D0%BD%D1%86%D0%B8%D1%8F),84
Дом ветеранов кино,Дом ветеранов кино,историческое здание,"Можно рассмотреть фрагмент исторической застройки без музейной торжественности. Считается ценной частью городской среды. До ближайшего монумента — «Дача Д. Филиппова», около 2.21 км.",37.47494444,2206,Дача Д. Филиппова,https://ru.wikipedia.org/wiki/%D0%94%D0%BE%D0%BC_%D0%B2%D0%B5%D1%82%D0%B5%D1%80%D0%B0%D0%BD%D0%BE%D0%B2_%D0%BA%D0%B8%D0%BD%D0%BE,84
Оранжерея Дурасова,Оранжерея Дурасова,историческое здание,"Можно рассмотреть фрагмент исторической застройки без музейной торжественности. Есть федеральный охранный статус. До ближайшего монумента — «Ломаковский музей», около 2.18 км.",37.74593263,2176,Ломаковский музей,https://ru.wikipedia.org/wiki/%D0%9E%D1%80%D0%B0%D0%BD%D0%B6%D0%B5%D1%80%D0%B5%D1%8F_%D0%94%D1%83%D1%80%D0%B0%D1%81%D0%BE%D0%B2%D0%B0,84
Храм Успения Пресвятой Богородицы в Архангельском-Тюрикове,Храм Успения Богородицы,исторический храм / монастырь,"Тихая архитектурная точка, заметная в исторической среде района. Есть федеральный охранный статус. До ближайшего монумента — «Славянский музей», около 2.16 км.",37.55495,2157,Славянский музей,https://ru.wikipedia.org/wiki/%D0%A5%D1%80%D0%B0%D0%BC_%D0%A3%D1%81%D0%BF%D0%B5%D0%BD%D0%B8%D1%8F_%D0%9F%D1%80%D0%B5%D1%81%D0%B2%D1%8F%D1%82%D0%BE%D0%B9_%D0%91%D0%BE%D0%B3%D0%BE%D1%80%D0%BE%D0%B4%D0%B8%D1%86%D1%8B_%D0%B2_%D0%90%D1%80%D1%85%D0%B0%D0%BD%D0%B3%D0%B5%D0%BB%D1%8C%D1%81%D0%BA%D0%BE%D0%BC-%D0%A2%D1%8E%D1%80%D0%B8%D0%BA%D0%BE%D0%B2%D0%B5,84
Крылатское,Крылатское,спортивная арена / стадион,"Связано со спортивной жизнью города и крупными событиями района. До ближайшего монумента — «Pier», около 2.13 км.",37.435142,2129,Pier,https://ru.wikipedia.org/wiki/%D0%9A%D1%80%D1%8B%D0%BB%D0%B0%D1%82%D1%81%D0%BA%D0%BE%D0%B5_(%D0%BB%D0%B5%D0%B4%D0%BE%D0%B2%D1%8B%D0%B9_%D0%B4%D0%B2%D0%BE%D1%80%D0%B5%D1%86),84
Клуб Дорожного профсоюза железнодорожников,Клуб Дорожного профсоюза,историческое здание,"Сохраняет память о районной культурной жизни и общественных пространствах. Есть выявленный охранный статус. До ближайшего монумента — «Су-27», около 2.10 км.",37.7351798,2104,Су-27,https://ru.wikipedia.org/wiki/%D0%9A%D0%BB%D1%83%D0%B1_%D0%94%D0%BE%D1%80%D0%BE%D0%B6%D0%BD%D0%BE%D0%B3%D0%BE_%D0%BF%D1%80%D0%BE%D1%84%D1%81%D0%BE%D1%8E%D0%B7%D0%B0_%D0%B6%D0%B5%D0%BB%D0%B5%D0%B7%D0%BD%D0%BE%D0%B4%D0%BE%D1%80%D0%BE%D0%B6%D0%BD%D0%B8%D0%BA%D0%BE%D0%B2,84
Локомотив-Перово,Локомотив-Перово,спортивная арена / стадион,"Связано со спортивной жизнью города и крупными событиями района. До ближайшего монумента — «Музей Вадима Сидура», около 2.10 км.",37.7741,2095,Музей Вадима Сидура,https://ru.wikipedia.org/wiki/%D0%9B%D0%BE%D0%BA%D0%BE%D0%BC%D0%BE%D1%82%D0%B8%D0%B2-%D0%9F%D0%B5%D1%80%D0%BE%D0%B2%D0%BE,84
Храм Святителя Николая в Сабурове,Храм Николая,исторический храм / монастырь,"Тихая архитектурная точка, заметная в исторической среде района. Есть федеральный охранный статус. До ближайшего монумента — «Борисовская плотина», около 2.08 км.",37.700133,2080,Борисовская плотина,https://ru.wikipedia.org/wiki/%D0%A5%D1%80%D0%B0%D0%BC_%D0%A1%D0%B2%D1%8F%D1%82%D0%B8%D1%82%D0%B5%D0%BB%D1%8F_%D0%9D%D0%B8%D0%BA%D0%BE%D0%BB%D0%B0%D1%8F_%D0%B2_%D0%A1%D0%B0%D0%B1%D1%83%D1%80%D0%BE%D0%B2%D0%B5,84
Люблинский парк,Люблинский парк,знаковое городское место,"Место для прогулки и передышки от плотной городской застройки. Есть федеральный охранный статус. До ближайшего монумента — «Ломаковский музей», около 2.03 км.",37.755555555,2027,Ломаковский музей,https://ru.wikipedia.org/wiki/%D0%9B%D1%8E%D0%B1%D0%BB%D0%B8%D0%BD%D1%81%D0%BA%D0%B8%D0%B9_%D0%BF%D0%B0%D1%80%D0%BA,84
Храм иконы Божией Матери «Знамение» в Ховрине,Храм иконы Знамение,исторический храм / монастырь,"Сохранившийся православный храм, памятник архитектуры в Ховрино, Москва. До ближайшего монумента — «Apple garden», около 2.00 км.",37.509267,1998,Apple garden,https://ru.wikipedia.org/wiki/%D0%A5%D1%80%D0%B0%D0%BC_%D0%B8%D0%BA%D0%BE%D0%BD%D1%8B_%D0%91%D0%BE%D0%B6%D0%B8%D0%B5%D0%B9_%D0%9C%D0%B0%D1%82%D0%B5%D1%80%D0%B8_%C2%AB%D0%97%D0%BD%D0%B0%D0%BC%D0%B5%D0%BD%D0%B8%D0%B5%C2%BB_%D0%B2_%D0%A5%D0%BE%D0%B2%D1%80%D0%B8%D0%BD%D0%B5,84
Даниловский мост,Даниловский мост,историческое здание,"Интересно как часть городской инфраструктуры и повседневного движения Москвы. Есть выявленный охранный статус. До ближайшего монумента — «Дом-корабль», около 2.00 км.",37.628852777,1997,Дом-корабль,https://ru.wikipedia.org/wiki/%D0%94%D0%B0%D0%BD%D0%B8%D0%BB%D0%BE%D0%B2%D1%81%D0%BA%D0%B8%D0%B9_%D0%BC%D0%BE%D1%81%D1%82,84
"Динамо (водный стадион, Москва)",Динамо,спортивная арена / стадион,"Связано со спортивной жизнью города и крупными событиями района. До ближайшего монумента — «Речной вокзал», около 2.00 км.",37.48003131,1996,Речной вокзал,"https://ru.wikipedia.org/wiki/%D0%94%D0%B8%D0%BD%D0%B0%D0%BC%D0%BE_(%D0%B2%D0%BE%D0%B4%D0%BD%D1%8B%D0%B9_%D1%81%D1%82%D0%B0%D0%B4%D0%B8%D0%BE%D0%BD,_%D0%9C%D0%BE%D1%81%D0%BA%D0%B2%D0%B0)",84
Клуб фабрики «Свобода»,Клуб фабрики Свобода,историческое здание,"Сохраняет память о районной культурной жизни и общественных пространствах. Есть региональный охранный статус. До ближайшего монумента — «Путевой дворец», около 1.99 км.",37.581388888,1993,Путевой дворец,https://ru.wikipedia.org/wiki/%D0%9A%D0%BB%D1%83%D0%B1_%D1%84%D0%B0%D0%B1%D1%80%D0%B8%D0%BA%D0%B8_%C2%AB%D0%A1%D0%B2%D0%BE%D0%B1%D0%BE%D0%B4%D0%B0%C2%BB,84
Крестовский мост,Крестовский мост,историческое здание,"Интересно как часть городской инфраструктуры и повседневного движения Москвы. Считается ценной частью городской среды. До ближайшего монумента — «Еврейский музей», около 1.99 км.",37.635079,1993,Еврейский музей,https://ru.wikipedia.org/wiki/%D0%9A%D1%80%D0%B5%D1%81%D1%82%D0%BE%D0%B2%D1%81%D0%BA%D0%B8%D0%B9_%D0%BC%D0%BE%D1%81%D1%82,84
Храм Казанской иконы Божией Матери в Узком,Храм Казанской иконы,исторический храм / монастырь,"Тихая архитектурная точка, заметная в исторической среде района. Есть федеральный охранный статус. До ближайшего монумента — «Bitsa forest», около 1.99 км.",37.536775,1991,Bitsa forest,https://ru.wikipedia.org/wiki/%D0%A5%D1%80%D0%B0%D0%BC_%D0%9A%D0%B0%D0%B7%D0%B0%D0%BD%D1%81%D0%BA%D0%BE%D0%B9_%D0%B8%D0%BA%D0%BE%D0%BD%D1%8B_%D0%91%D0%BE%D0%B6%D0%B8%D0%B5%D0%B9_%D0%9C%D0%B0%D1%82%D0%B5%D1%80%D0%B8_%D0%B2_%D0%A3%D0%B7%D0%BA%D0%BE%D0%BC,84
Московское суворовское военное училище,Суворовское военное училище,спортивный объект,"Связано со спортивной жизнью города и крупными событиями района. До ближайшего монумента — «Пограничный столб», около 1.99 км.",37.668417,1990,Пограничный столб,https://ru.wikipedia.org/wiki/%D0%9C%D0%BE%D1%81%D0%BA%D0%BE%D0%B2%D1%81%D0%BA%D0%BE%D0%B5_%D1%81%D1%83%D0%B2%D0%BE%D1%80%D0%BE%D0%B2%D1%81%D0%BA%D0%BE%D0%B5_%D0%B2%D0%BE%D0%B5%D0%BD%D0%BD%D0%BE%D0%B5_%D1%83%D1%87%D0%B8%D0%BB%D0%B8%D1%89%D0%B5,84
Перовский дворец,Перовский дворец,усадьба / дворец / особняк,"Не сохранившееся историческое здание. До ближайшего монумента — «Музей Вадима Сидура», около 1.99 км.",37.7752,1987,Музей Вадима Сидура,https://ru.wikipedia.org/wiki/%D0%9F%D0%B5%D1%80%D0%BE%D0%B2%D1%81%D0%BA%D0%B8%D0%B9_%D0%B4%D0%B2%D0%BE%D1%80%D0%B5%D1%86,84
Перовский парк,Перовский парк,знаковое городское место,"Место для прогулки и передышки от плотной городской застройки. Есть охранный статус. До ближайшего монумента — «Музей Вадима Сидура», около 1.99 км.",37.7752,1987,Музей Вадима Сидура,https://ru.wikipedia.org/wiki/%D0%9F%D0%B5%D1%80%D0%BE%D0%B2%D1%81%D0%BA%D0%B8%D0%B9_%D0%BF%D0%B0%D1%80%D0%BA,84
Знаменская церковь в Перово,Церковь в Перово,исторический храм / монастырь,"Сохранившийся православный храм в районе Перово города Москвы. До ближайшего монумента — «Музей Вадима Сидура», около 1.98 км.",37.773036111,1981,Музей Вадима Сидура,https://ru.wikipedia.org/wiki/%D0%97%D0%BD%D0%B0%D0%BC%D0%B5%D0%BD%D1%81%D0%BA%D0%B0%D1%8F_%D1%86%D0%B5%D1%80%D0%BA%D0%BE%D0%B2%D1%8C_%D0%B2_%D0%9F%D0%B5%D1%80%D0%BE%D0%B2%D0%B5,84
Храм Покрова Пресвятой Богородицы в Покровском-Стрешневе,Храм Покрова Богородицы,исторический храм / монастырь,"Тихая архитектурная точка, заметная в исторической среде района. Есть федеральный охранный статус. До ближайшего монумента — «Стадион Спартак», около 1.98 км.",37.4717,1981,Стадион Спартак,https://ru.wikipedia.org/wiki/%D0%A5%D1%80%D0%B0%D0%BC_%D0%9F%D0%BE%D0%BA%D1%80%D0%BE%D0%B2%D0%B0_%D0%9F%D1%80%D0%B5%D1%81%D0%B2%D1%8F%D1%82%D0%BE%D0%B9_%D0%91%D0%BE%D0%B3%D0%BE%D1%80%D0%BE%D0%B4%D0%B8%D1%86%D1%8B_%D0%B2_%D0%9F%D0%BE%D0%BA%D1%80%D0%BE%D0%B2%D1%81%D0%BA%D0%BE%D0%BC-%D0%A1%D1%82%D1%80%D0%B5%D1%88%D0%BD%D0%B5%D0%B2%D0%B5,84
Церковь Николая Чудотворца в Бирюлёве,Церковь Николая Чудотворца,исторический храм / монастырь,"Тихая архитектурная точка, заметная в исторической среде района. Есть выявленный охранный статус. До ближайшего монумента — «Japanese corner», около 1.95 км.",37.65161,1952,Japanese corner,https://ru.wikipedia.org/wiki/%D0%A6%D0%B5%D1%80%D0%BA%D0%BE%D0%B2%D1%8C_%D0%9D%D0%B8%D0%BA%D0%BE%D0%BB%D0%B0%D1%8F_%D0%A7%D1%83%D0%B4%D0%BE%D1%82%D0%B2%D0%BE%D1%80%D1%86%D0%B0_%D0%B2_%D0%91%D0%B8%D1%80%D1%8E%D0%BB%D1%91%D0%B2%D0%B5,84
Дворец пионеров и школьников имени Аркадия Петровича Гайдара,Дворец Гайдара,усадьба / дворец / особняк,"Подойдёт для спокойного знакомства с московской усадебной архитектурой. Считается ценной частью городской среды. До ближайшего монумента — «Скульптура из дерева», около 1.93 км.",37.743987,1930,Скульптура из дерева,https://ru.wikipedia.org/wiki/%D0%94%D0%B2%D0%BE%D1%80%D0%B5%D1%86_%D1%82%D0%B2%D0%BE%D1%80%D1%87%D0%B5%D1%81%D1%82%D0%B2%D0%B0_%D0%B4%D0%B5%D1%82%D0%B5%D0%B9_%D0%B8_%D0%BC%D0%BE%D0%BB%D0%BE%D0%B4%D1%91%D0%B6%D0%B8_%D0%B8%D0%BC%D0%B5%D0%BD%D0%B8_%D0%90._%D0%9F._%D0%93%D0%B0%D0%B9%D0%B4%D0%B0%D1%80%D0%B0,84
Ансамбль Рогожской старообрядческой общины,Ансамбль Рогожской старообрядческой,историческое здание,"Можно рассмотреть фрагмент исторической застройки без музейной торжественности. Есть региональный охранный статус. До ближайшего монумента — «Московские Кольца», около 1.91 км.",37.701866,1914,Московские Кольца,https://ru.wikipedia.org/wiki/%D0%90%D0%BD%D1%81%D0%B0%D0%BC%D0%B1%D0%BB%D1%8C_%D0%A0%D0%BE%D0%B3%D0%BE%D0%B6%D1%81%D0%BA%D0%BE%D0%B9_%D1%81%D1%82%D0%B0%D1%80%D0%BE%D0%BE%D0%B1%D1%80%D1%8F%D0%B4%D1%87%D0%B5%D1%81%D0%BA%D0%BE%D0%B9_%D0%BE%D0%B1%D1%89%D0%B8%D0%BD%D1%8B,84
Храм Рождества Пресвятой Богородицы в Бутырской слободе,Храм Рождества Богородицы,исторический храм / монастырь,"Сохранившийся православный храм в Москве. До ближайшего монумента — «Еврейский музей», около 1.89 км.",37.584653,1886,Еврейский музей,https://ru.wikipedia.org/wiki/%D0%A5%D1%80%D0%B0%D0%BC_%D0%A0%D0%BE%D0%B6%D0%B4%D0%B5%D1%81%D1%82%D0%B2%D0%B0_%D0%9F%D1%80%D0%B5%D1%81%D0%B2%D1%8F%D1%82%D0%BE%D0%B9_%D0%91%D0%BE%D0%B3%D0%BE%D1%80%D0%BE%D0%B4%D0%B8%D1%86%D1%8B_%D0%B2_%D0%91%D1%83%D1%82%D1%8B%D1%80%D1%81%D0%BA%D0%BE%D0%B9_%D1%81%D0%BB%D0%BE%D0%B1%D0%BE%D0%B4%D0%B5,84
Храм великомученицы Параскевы Пятницы в Качалове,Храм Параскевы Пятницы,исторический храм / монастырь,"Тихая архитектурная точка, заметная в исторической среде района. Есть региональный охранный статус. До ближайшего монумента — «Знаменское-Садки», около 1.87 км.",37.580758,1870,Знаменское-Садки,https://ru.wikipedia.org/wiki/%D0%A5%D1%80%D0%B0%D0%BC_%D0%9F%D0%B0%D1%80%D0%B0%D1%81%D0%BA%D0%B5%D0%B2%D1%8B_%D0%9F%D1%8F%D1%82%D0%BD%D0%B8%D1%86%D1%8B_%D0%B2_%D0%9A%D0%B0%D1%87%D0%B0%D0%BB%D0%BE%D0%B2%D0%B5,84
Храм Рождества Христова на Рогожском,Храм Рождества Христова,исторический храм / монастырь,"Тихая архитектурная точка, заметная в исторической среде района. Есть федеральный охранный статус. До ближайшего монумента — «Московские Кольца», около 1.87 км.",37.7025,1870,Московские Кольца,https://ru.wikipedia.org/wiki/%D0%A5%D1%80%D0%B0%D0%BC_%D0%A0%D0%BE%D0%B6%D0%B4%D0%B5%D1%81%D1%82%D0%B2%D0%B0_%D0%A5%D1%80%D0%B8%D1%81%D1%82%D0%BE%D0%B2%D0%B0_%D0%BD%D0%B0_%D0%A0%D0%BE%D0%B3%D0%BE%D0%B6%D1%81%D0%BA%D0%BE%D0%BC_%D0%BA%D0%BB%D0%B0%D0%B4%D0%B1%D0%B8%D1%89%D0%B5,84
Дом причта на Рогожском,Дом причта,историческое здание,"Можно рассмотреть фрагмент исторической застройки без музейной торжественности. Есть региональный охранный статус. До ближайшего монумента — «Су-27», около 1.86 км.",37.701666666,1856,Су-27,https://ru.wikipedia.org/wiki/%D0%94%D0%BE%D0%BC_%D0%BF%D1%80%D0%B8%D1%87%D1%82%D0%B0_(%D0%A0%D0%BE%D0%B3%D0%BE%D0%B6%D1%81%D0%BA%D0%B0%D1%8F_%D1%81%D0%BB%D0%BE%D0%B1%D0%BE%D0%B4%D0%B0),84
Динамо,Динамо,спортивная арена / стадион,"Спортивный комплекс. До ближайшего монумента — «Речной вокзал», около 1.83 км.",37.49527778,1827,Речной вокзал,"https://ru.wikipedia.org/wiki/%D0%94%D0%B8%D0%BD%D0%B0%D0%BC%D0%BE_(%D0%B4%D0%B2%D0%BE%D1%80%D0%B5%D1%86_%D1%81%D0%BF%D0%BE%D1%80%D1%82%D0%B0,_%D0%9C%D0%BE%D1%81%D0%BA%D0%B2%D0%B0)",84
Главный дом усадьбы Ф.А. Васильева (Архангельское),Усадьба Васильева,усадьба / дворец / особняк,"Подойдёт для спокойного знакомства с московской усадебной архитектурой. Есть региональный охранный статус. До ближайшего монумента — «Rainbow», около 6.87 км.",37.43445,6865,Rainbow,,83
Церковь Николая Чудотворца (Кувекино),Церковь Николая Чудотворца,исторический храм / монастырь,"Тихая архитектурная точка, заметная в исторической среде района. Есть региональный охранный статус. До ближайшего монумента — «Дерево желаний», около 6.71 км.",37.435031,6706,Дерево желаний,,83
Парк усадьбы «Яковлево» (Яковлево),Усадьба,усадьба / дворец / особняк,"Подойдёт для спокойного знакомства с московской усадебной архитектурой. Есть региональный охранный статус. До ближайшего монумента — «МНС», около 6.53 км.",37.39868,6533,МНС,,83
Главный дом,Главный дом,историческое здание,"Можно рассмотреть фрагмент исторической застройки без музейной торжественности. Есть выявленный охранный статус. До ближайшего монумента — «Флигель», около 6.05 км.",37.226806,6054,Флигель,,83
Церковь Покрова Пресвятой Богородицы (Большое Покровское),Церковь Покрова Богородицы,исторический храм / монастырь,"Тихая архитектурная точка, заметная в исторической среде района. Есть региональный охранный статус. До ближайшего монумента — «Лосиха и лосёнок», около 5.61 км.",37.232531,5609,Лосиха и лосёнок,,83
Церковь Троицы Живоначальной в Берёзках (Середнёво),Церковь Троицы,исторический храм / монастырь,"Тихая архитектурная точка, заметная в исторической среде района. Есть региональный охранный статус. До ближайшего монумента — «Беседка ""Прибрежная""», около 4.79 км.",37.27411,4788,"Беседка ""Прибрежная""",,83
Парк (Остафьево),Парк,знаковое городское место,"Место для прогулки и передышки от плотной городской застройки. Есть федеральный охранный статус. До ближайшего монумента — «Дерево желаний», около 4.06 км.",37.497818,4059,Дерево желаний,,83
Главный дом с двумя флигелями (Остафьево),Главный дом двумя,историческое здание,"Можно рассмотреть фрагмент исторической застройки без музейной торжественности. Есть федеральный охранный статус. До ближайшего монумента — «Дерево желаний», около 3.81 км.",37.501313,3810,Дерево желаний,,83
Бывшее реальное училище для детей (Остафьево),Бывшее реальное училище,историческое здание,"Заметный след старой образовательной городской среды. Есть региональный охранный статус. До ближайшего монумента — «Дерево желаний», около 3.81 км.",37.504496,3808,Дерево желаний,,83
Церковь Троицы Живоначальной (Остафьево),Церковь Троицы,исторический храм / монастырь,"Тихая архитектурная точка, заметная в исторической среде района. Есть федеральный охранный статус. До ближайшего монумента — «Дерево желаний», около 3.60 км.",37.503722,3597,Дерево желаний,,83
Суконная фабрика К.М. Матвеева (Остафьево),Фабрика Матвеева,историческое здание,"Напоминает об индустриальном слое московской архитектуры. Есть региональный охранный статус. До ближайшего монумента — «Дерево желаний», около 3.58 км.",37.502769,3584,Дерево желаний,,83
Усадьба «Бачурино» (Бачурино),Усадьба Бачурино,усадьба / дворец / особняк,"Подойдёт для спокойного знакомства с московской усадебной архитектурой. Есть региональный охранный статус. До ближайшего монумента — «Знаменское-Садки», около 3.37 км.",37.50545,3370,Знаменское-Садки,,83
Изопарк (галерея),Музей Изопарк галерея,музей,"Хороший вариант для короткого визита, если интересны экспозиции и локальные коллекции. До ближайшего монумента — «Bitsa forest», около 3.18 км.",37.5113279,3184,Bitsa forest,https://ru.wikipedia.org/wiki/%D0%98%D0%B7%D0%BE%D0%BF%D0%B0%D1%80%D0%BA_(%D0%B3%D0%B0%D0%BB%D0%B5%D1%80%D0%B5%D1%8F),83
Звонница (Северный),Звонница,историческое здание,"Тихая архитектурная точка, заметная в исторической среде района. Есть федеральный охранный статус. До ближайшего монумента — «Airship», около 3.06 км.",37.54728817,3056,Airship,,83
Часовня (Северный),Часовня,исторический храм / монастырь,"Тихая архитектурная точка, заметная в исторической среде района. Есть федеральный охранный статус. До ближайшего монумента — «Airship», около 3.03 км.",37.54718037,3031,Airship,,83
Владимирская церковь (Северный),Церковь,исторический храм / монастырь,"Тихая архитектурная точка, заметная в исторической среде района. Есть федеральный охранный статус. До ближайшего монумента — «Airship», около 3.00 км.",37.54651562,3001,Airship,,83
Дом причта (богадельня) (Северный),Дом причта богадельня,историческое здание,"Можно рассмотреть фрагмент исторической застройки без музейной торжественности. Есть федеральный охранный статус. До ближайшего монумента — «Airship», около 2.99 км.",37.54661444,2993,Airship,,83
храм Казанской иконы Божией Матери,Храм Казанской иконы,исторический храм / монастырь,"Сохранившийся православный храм в деревне Сосенки Новомосковского административного округа. До ближайшего монумента — «Красный Бык», около 2.96 км.",37.44196,2962,Красный Бык,,83
Нагатинская улица 4А c1,Нагатинская улица 4А,историческое здание,"Можно рассмотреть фрагмент исторической застройки без музейной торжественности. Сохраняет признаки объекта наследия. До ближайшего монумента — «龙庙», около 2.89 км.",37.627678,2893,龙庙,,83
1-я Муравская улица 39 c1,1-я Муравская улица,исторический храм / монастырь,"Храм Рождества Христова в Рождествено. До ближайшего монумента — «Парк Митино», около 2.83 км.",37.367633,2829,Парк Митино,,83
Церковь Спаса Нерукотворного Образа (Большое Свинорье),Церковь Спаса,исторический храм / монастырь,"Тихая архитектурная точка, заметная в исторической среде района. Есть региональный охранный статус. До ближайшего монумента — «Лосиха и лосёнок», около 2.83 км.",37.15297,2825,Лосиха и лосёнок,,83
Ограда (фрагменты) (Северный),Ограда фрагменты,историческое здание,"Можно рассмотреть фрагмент исторической застройки без музейной торжественности. Есть охранный статус. До ближайшего монумента — «Airship», около 2.80 км.",37.543061786,2798,Airship,,83
Пилоны въездных ворот с оградой (фрагмент) (Северный),Пилоны въездных ворот,историческое здание,"Можно рассмотреть фрагмент исторической застройки без музейной торжественности. Есть федеральный охранный статус. До ближайшего монумента — «Airship», около 2.80 км.",37.54314,2797,Airship,,83
Мост и въездные ворота (Северный),Мост въездные ворота,историческое здание,"Интересно как часть городской инфраструктуры и повседневного движения Москвы. Есть федеральный охранный статус. До ближайшего монумента — «Airship», около 2.76 км.",37.5426,2764,Airship,,83
Улица Строителей 15В,Улица Строителей 15В,историческое здание,"Административное здание в Марушкино, Москва. До ближайшего монумента — «Лосиха и лосёнок», около 2.71 км.",37.208486,2714,Лосиха и лосёнок,,83
шоссе Энтузиастов 31,Шоссе Энтузиастов 31,историческое здание,"Можно рассмотреть фрагмент исторической застройки без музейной торжественности. Сохраняет признаки объекта наследия. До ближайшего монумента — «Rabbit with clock», около 2.71 км.",37.749423,2706,Rabbit with clock,,83
Здание НИИ пчеловодства Наркомзема СССР (Северное Бутово),Здание НИИ пчеловодства,историческое здание,"Можно рассмотреть фрагмент исторической застройки без музейной торжественности. Есть региональный охранный статус. До ближайшего монумента — «Знаменское-Садки», около 2.69 км.",37.581233,2689,Знаменское-Садки,,83
Каретный сарай (Северный),Каретный сарай,историческое здание,"Можно рассмотреть фрагмент исторической застройки без музейной торжественности. Есть выявленный охранный статус. До ближайшего монумента — «Airship», около 2.62 км.",37.5394088,2622,Airship,,83
Водонапорная башня английско-камвольной фабрики А.П. Прохорова (Э.Э. Купфера) (Троицк),Водонапорная башня английско-камвольной,знаковое современное здание,"Водонапорная башня английско-камвольной фабрики А.П. До ближайшего монумента — «МНС», около 2.62 км.",37.30804,2615,МНС,,83
Погреб в парке (Северный),Погреб парке,знаковое городское место,"Место для прогулки и передышки от плотной городской застройки. Есть федеральный охранный статус. До ближайшего монумента — «Airship», около 2.59 км.",37.54009,2591,Airship,,83
Здание палеонтологического музея,Здание палеонтологического музея,историческое здание,"Можно рассмотреть фрагмент исторической застройки без музейной торжественности. Сохраняет признаки объекта наследия. До ближайшего монумента — «Шишки», около 2.55 км.",37.514233,2547,Шишки,,83
Палеонтологический музей им. Ю. А. Орлова,Музей Орлова,музей,"Хороший вариант для короткого визита, если интересны экспозиции и локальные коллекции. До ближайшего монумента — «Шишки», около 2.52 км.",37.51388889,2524,Шишки,https://ru.wikipedia.org/wiki/%D0%9F%D0%B0%D0%BB%D0%B5%D0%BE%D0%BD%D1%82%D0%BE%D0%BB%D0%BE%D0%B3%D0%B8%D1%87%D0%B5%D1%81%D0%BA%D0%B8%D0%B9_%D0%BC%D1%83%D0%B7%D0%B5%D0%B9_%D0%B8%D0%BC%D0%B5%D0%BD%D0%B8_%D0%AE._%D0%90._%D0%9E%D1%80%D0%BB%D0%BE%D0%B2%D0%B0,83
Здание Научно-исследовательского центра электронно-вычислительной техники (НИЦЭВТ),Здание Научно-исследовательского центра,историческое здание,"Можно рассмотреть фрагмент исторической застройки без музейной торжественности. Сохраняет признаки объекта наследия. До ближайшего монумента — «Символ Севастополя», около 2.51 км.",37.62007,2506,Символ Севастополя,,83
Узкое,Усадьба Узкое,усадьба или дворец,"Подойдёт для спокойного знакомства с московской усадебной архитектурой. Есть федеральный охранный статус. До ближайшего монумента — «Bitsa forest», около 1.76 км.",37.539,1763,Bitsa forest,https://ru.wikipedia.org/wiki/%D0%A3%D0%B7%D0%BA%D0%BE%D0%B5,82
Дом Палибина,Усадьба Дом Палибина,усадьба или дворец,"Подойдёт для спокойного знакомства с московской усадебной архитектурой. Есть федеральный охранный статус. До ближайшего монумента — «Way to ducks!», около 1.76 км.",37.576944444,1761,Way to ducks!,https://ru.wikipedia.org/wiki/%D0%94%D0%BE%D0%BC_%D0%9F%D0%B0%D0%BB%D0%B8%D0%B1%D0%B8%D0%BD%D0%B0,82
Дом Бакшеева,Усадьба Дом Бакшеева,усадьба / дворец / особняк,"Подойдёт для спокойного знакомства с московской усадебной архитектурой. Есть федеральный охранный статус. До ближайшего монумента — «Пионер», около 1.66 км.",37.57633071,1662,Пионер,https://ru.wikipedia.org/wiki/%D0%94%D0%BE%D0%BC_%D0%91%D0%B0%D0%BA%D1%88%D0%B5%D0%B5%D0%B2%D0%B0,82
Дом Несвицкой,Усадьба Дом Несвицкой,усадьба или дворец,"Подойдёт для спокойного знакомства с московской усадебной архитектурой. Есть федеральный охранный статус. До ближайшего монумента — «Пётр l», около 1.63 км.",37.58462,1630,Пётр l,https://ru.wikipedia.org/wiki/%D0%94%D0%BE%D0%BC_%D0%9D%D0%B5%D1%81%D0%B2%D0%B8%D1%86%D0%BA%D0%BE%D0%B9,82
усадьба Михалково,Усадьба Михалково,усадьба / дворец / особняк,"Бывшая усадьба, принадлежавшая княжеским родам Дашковых и Паниных. До ближайшего монумента — «НАМИ», около 1.57 км.",37.51836,1569,НАМИ,https://ru.wikipedia.org/wiki/%D0%9C%D0%B8%D1%85%D0%B0%D0%BB%D0%BA%D0%BE%D0%B2%D0%BE_(%D1%83%D1%81%D0%B0%D0%B4%D1%8C%D0%B1%D0%B0),82
Усадьба Снегирёва,Усадьба Снегирёва,усадьба / дворец / особняк,"Подойдёт для спокойного знакомства с московской усадебной архитектурой. Есть федеральный охранный статус. До ближайшего монумента — «Way to ducks!», около 1.55 км.",37.574691666,1547,Way to ducks!,https://ru.wikipedia.org/wiki/%D0%94%D0%BE%D0%BC_%D0%A1%D0%BD%D0%B5%D0%B3%D0%B8%D1%80%D1%91%D0%B2%D0%B0_%D0%BD%D0%B0_%D0%9F%D0%BB%D1%8E%D1%89%D0%B8%D1%85%D0%B5,82
Дом Мельникова,Усадьба Дом Мельникова,усадьба или дворец,"Необычный дом в Москве. До ближайшего монумента — «Cheapshot HQ», около 1.55 км.",37.589444444,1546,Cheapshot HQ,https://ru.wikipedia.org/wiki/%D0%94%D0%BE%D0%BC_%D0%9C%D0%B5%D0%BB%D1%8C%D0%BD%D0%B8%D0%BA%D0%BE%D0%B2%D0%B0,82
Особняк Н. К. Боля — К. А. Гутхейля,Особняк Боля,усадьба / дворец / особняк,"Подойдёт для спокойного знакомства с московской усадебной архитектурой. Есть региональный охранный статус. До ближайшего монумента — «Пётр l», около 1.54 км.",37.58639,1541,Пётр l,https://ru.wikipedia.org/wiki/%D0%9E%D1%81%D0%BE%D0%B1%D0%BD%D1%8F%D0%BA_%D0%9D._%D0%9A._%D0%91%D0%BE%D0%BB%D1%8F_%E2%80%94_%D0%9A._%D0%90._%D0%93%D1%83%D1%82%D1%85%D0%B5%D0%B9%D0%BB%D1%8F,82
Усадьба Голицыных на Старой Басманной улице,Усадьба,усадьба / дворец / особняк,"Комплекс исторических зданий в Москве, Россия. До ближайшего монумента — «Колокольня», около 1.53 км.",37.66049386,1532,Колокольня,https://ru.wikipedia.org/wiki/%D0%A3%D1%81%D0%B0%D0%B4%D1%8C%D0%B1%D0%B0_%D0%93%D0%BE%D0%BB%D0%B8%D1%86%D1%8B%D0%BD%D1%8B%D1%85_%D0%BD%D0%B0_%D0%A1%D1%82%D0%B0%D1%80%D0%BE%D0%B9_%D0%91%D0%B0%D1%81%D0%BC%D0%B0%D0%BD%D0%BD%D0%BE%D0%B9_%D1%83%D0%BB%D0%B8%D1%86%D0%B5,82
Городская усадьба А. Д. Негуневой — Е. А. Ивановой — П. Н. Иванова,Усадьба Негуневой,усадьба / дворец / особняк,"Подойдёт для спокойного знакомства с московской усадебной архитектурой. Есть региональный охранный статус. До ближайшего монумента — «Пётр l», около 1.53 км.",37.589166666,1530,Пётр l,https://ru.wikipedia.org/wiki/%D0%94%D0%BE%D0%BC_%D0%9B%D1%8C%D0%B2%D0%B0_%D0%A2%D0%BE%D0%BB%D1%81%D1%82%D0%BE%D0%B3%D0%BE_(%D0%A1%D0%B8%D0%B2%D1%86%D0%B5%D0%B2_%D0%92%D1%80%D0%B0%D0%B6%D0%B5%D0%BA),82
Старо-Никольское,Усадьба Старо-Никольское,усадьба или дворец,"Подойдёт для спокойного знакомства с московской усадебной архитектурой. Есть федеральный охранный статус. До ближайшего монумента — «Флигель», около 1.53 км.",37.153871,1526,Флигель,https://ru.wikipedia.org/wiki/%D0%A1%D1%82%D0%B0%D1%80%D0%BE-%D0%9D%D0%B8%D0%BA%D0%BE%D0%BB%D1%8C%D1%81%D0%BA%D0%BE%D0%B5_(%D1%83%D1%81%D0%B0%D0%B4%D1%8C%D0%B1%D0%B0),82
Городская усадьба А. Толстого — М. Грачёва,Усадьба Толстого,усадьба / дворец / особняк,"Подойдёт для спокойного знакомства с московской усадебной архитектурой. Есть региональный охранный статус. До ближайшего монумента — «Пётр l», около 1.51 км.",37.586666666,1512,Пётр l,https://ru.wikipedia.org/wiki/%D0%93%D0%BE%D1%80%D0%BE%D0%B4%D1%81%D0%BA%D0%B0%D1%8F_%D1%83%D1%81%D0%B0%D0%B4%D1%8C%D0%B1%D0%B0_%D0%90._%D0%A2%D0%BE%D0%BB%D1%81%D1%82%D0%BE%D0%B3%D0%BE_%E2%80%94_%D0%9C._%D0%93%D1%80%D0%B0%D1%87%D1%91%D0%B2%D0%B0,82
Алтуфьево,Усадьба Алтуфьево,усадьба или дворец,"Архитектурный ансамбль XVIII—XIX веков на севере Москвы. До ближайшего монумента — «Первое свидание», около 1.51 км.",37.58574,1509,Первое свидание,https://ru.wikipedia.org/wiki/%D0%90%D0%BB%D1%82%D1%83%D1%84%D1%8C%D0%B5%D0%B2%D0%BE_(%D1%83%D1%81%D0%B0%D0%B4%D1%8C%D0%B1%D0%B0),82
Глазовский переулок 8 с1,Усадьба,усадьба или дворец,"Подойдёт для спокойного знакомства с московской усадебной архитектурой. Есть федеральный охранный статус. До ближайшего монумента — «Пётр l», около 1.51 км.",37.586306,1506,Пётр l,https://ru.wikipedia.org/wiki/%D0%9E%D1%81%D0%BE%D0%B1%D0%BD%D1%8F%D0%BA_%D0%9B%D0%B8%D1%81%D1%82%D0%B0,82
Городская усадьба Разумовского,Усадьба Разумовского,усадьба / дворец / особняк,"Подойдёт для спокойного знакомства с московской усадебной архитектурой. Есть федеральный охранный статус. До ближайшего монумента — «Колокольня», около 1.49 км.",37.668512,1493,Колокольня,https://ru.wikipedia.org/wiki/%D0%A3%D1%81%D0%B0%D0%B4%D1%8C%D0%B1%D0%B0_%D0%A0%D0%B0%D0%B7%D1%83%D0%BC%D0%BE%D0%B2%D1%81%D0%BA%D0%BE%D0%B3%D0%BE_%D0%BD%D0%B0_%D0%AF%D1%83%D0%B7%D0%B5,82
Усадьба Хованского,Усадьба Хованского,усадьба / дворец / особняк,"Подойдёт для спокойного знакомства с московской усадебной архитектурой. Есть федеральный охранный статус. До ближайшего монумента — «Cheapshot HQ», около 1.49 км.",37.59044324,1490,Cheapshot HQ,https://ru.wikipedia.org/wiki/%D0%A3%D1%81%D0%B0%D0%B4%D1%8C%D0%B1%D0%B0_%D0%A5%D0%BE%D0%B2%D0%B0%D0%BD%D1%81%D0%BA%D0%BE%D0%B3%D0%BE,82
Усадьба купцов Дёминых,Усадьба купцов Дёминых,усадьба / дворец / особняк,"Подойдёт для спокойного знакомства с московской усадебной архитектурой. Есть региональный охранный статус. До ближайшего монумента — «Колокольня», около 1.48 км.",37.66726716,1477,Колокольня,https://ru.wikipedia.org/wiki/%D0%A3%D1%81%D0%B0%D0%B4%D1%8C%D0%B1%D0%B0_%D0%BA%D1%83%D0%BF%D1%86%D0%BE%D0%B2_%D0%94%D1%91%D0%BC%D0%B8%D0%BD%D1%8B%D1%85,82
Усадьба Поливанова,Усадьба Поливанова,усадьба / дворец / особняк,"Подойдёт для спокойного знакомства с московской усадебной архитектурой. Есть федеральный охранный статус. До ближайшего монумента — «Пётр l», около 1.47 км.",37.58702,1472,Пётр l,https://ru.wikipedia.org/wiki/%D0%A3%D1%81%D0%B0%D0%B4%D1%8C%D0%B1%D0%B0_%D0%9F%D0%BE%D0%BB%D0%B8%D0%B2%D0%B0%D0%BD%D0%BE%D0%B2%D0%B0,82
дом Плещеева,Дом Плещеева,усадьба или дворец,"Подойдёт для спокойного знакомства с московской усадебной архитектурой. Есть федеральный охранный статус. До ближайшего монумента — «Колокольня», около 1.45 км.",37.656944444,1453,Колокольня,https://ru.wikipedia.org/wiki/%D0%94%D0%BE%D0%BC_%D0%9F%D0%BB%D0%B5%D1%89%D0%B5%D0%B5%D0%B2%D0%B0,82
Городская усадьба Гончарова — Филипповых,Усадьба Гончарова,усадьба / дворец / особняк,"Подойдёт для спокойного знакомства с московской усадебной архитектурой. Есть федеральный охранный статус. До ближайшего монумента — «ГУМ», около 1.44 км.",37.64335401,1442,ГУМ,https://ru.wikipedia.org/wiki/%D0%93%D0%BE%D1%80%D0%BE%D0%B4%D1%81%D0%BA%D0%B0%D1%8F_%D1%83%D1%81%D0%B0%D0%B4%D1%8C%D0%B1%D0%B0_%D0%93%D0%BE%D0%BD%D1%87%D0%B0%D1%80%D0%BE%D0%B2%D0%B0_%E2%80%94_%D0%A4%D0%B8%D0%BB%D0%B8%D0%BF%D0%BF%D0%BE%D0%B2%D1%8B%D1%85,82
Дом Хитрово,Усадьба Дом Хитрово,усадьба или дворец,"Подойдёт для спокойного знакомства с московской усадебной архитектурой. Есть федеральный охранный статус. До ближайшего монумента — «Доходный дом Перлова», около 1.42 км.",37.644971,1422,Доходный дом Перлова,https://ru.wikipedia.org/wiki/%D0%94%D0%BE%D0%BC_%D0%A5%D0%B8%D1%82%D1%80%D0%BE%D0%B2%D0%BE,82
Дом Стахеева,Усадьба Дом Стахеева,усадьба или дворец,"Подойдёт для спокойного знакомства с московской усадебной архитектурой. Есть федеральный охранный статус. До ближайшего монумента — «Колокольня», около 1.41 км.",37.658333333,1408,Колокольня,https://ru.wikipedia.org/wiki/%D0%94%D0%BE%D0%BC_%D0%A1%D1%82%D0%B0%D1%85%D0%B5%D0%B5%D0%B2%D0%B0,82
Дом № 19 по Старой Басманной,Усадьба,усадьба или дворец,"Подойдёт для спокойного знакомства с московской усадебной архитектурой. Есть федеральный охранный статус. До ближайшего монумента — «Колокольня», около 1.40 км.",37.66202,1401,Колокольня,https://ru.wikipedia.org/wiki/%D0%94%D0%BE%D0%BC_%E2%84%96_19_%D0%BF%D0%BE_%D0%A1%D1%82%D0%B0%D1%80%D0%BE%D0%B9_%D0%91%D0%B0%D1%81%D0%BC%D0%B0%D0%BD%D0%BD%D0%BE%D0%B9,82
Щербинка (микрорайон),Щербинка,необычное здание,"Жилой микрорайон в районе Щербинке Новомосковского административного округа Москвы. До ближайшего монумента — «Паровоз 175 лет РЖД», около 2.37 км.",37.59055556,2373,Паровоз 175 лет РЖД,https://ru.wikipedia.org/wiki/%D0%A9%D0%B5%D1%80%D0%B1%D0%B8%D0%BD%D0%BA%D0%B0_(%D0%BC%D0%B8%D0%BA%D1%80%D0%BE%D1%80%D0%B0%D0%B9%D0%BE%D0%BD),80
Курьяново (микрорайон Москвы),Курьяново,необычное здание,"Микрорайон на юго-востоке Москвы в районе Печатники. До ближайшего монумента — «Домик Петра», около 2.35 км.",37.698,2355,Домик Петра,https://ru.wikipedia.org/wiki/%D0%9A%D1%83%D1%80%D1%8C%D1%8F%D0%BD%D0%BE%D0%B2%D0%BE_(%D0%9C%D0%BE%D1%81%D0%BA%D0%B2%D0%B0),80
Академгородок Лаборатории № 2 АН СССР,Академгородок Лаборатории 2,необычное здание,"Можно рассмотреть фрагмент исторической застройки без музейной торжественности. До ближайшего монумента — «Pier», около 2.32 км.",37.4697,2316,Pier,https://ru.wikipedia.org/wiki/%D0%90%D0%BA%D0%B0%D0%B4%D0%B5%D0%BC%D0%B3%D0%BE%D1%80%D0%BE%D0%B4%D0%BE%D0%BA_%D0%9B%D0%B0%D0%B1%D0%BE%D1%80%D0%B0%D1%82%D0%BE%D1%80%D0%B8%D0%B8_%E2%84%96_2_%D0%90%D0%9D_%D0%A1%D0%A1%D0%A1%D0%A0,80
Парк Плейс,Парк Плейс,знаковое городское место,"Жилой комплекс УПДК в Москве. До ближайшего монумента — «Пять Дубов», около 2.16 км.",37.498138888,2158,Пять Дубов,https://ru.wikipedia.org/wiki/%D0%9F%D0%B0%D1%80%D0%BA_%D0%9F%D0%BB%D0%B5%D0%B9%D1%81,80
Микрорайон Северное Чертаново,Микрорайон Северное Чертаново,необычное здание,"Микрорайон в Москве, Россия. До ближайшего монумента — «Bitsa forest», около 2.15 км.",37.594863,2149,Bitsa forest,https://ru.wikipedia.org/wiki/%D0%A1%D0%B5%D0%B2%D0%B5%D1%80%D0%BD%D0%BE%D0%B5_%D0%A7%D0%B5%D1%80%D1%82%D0%B0%D0%BD%D0%BE%D0%B2%D0%BE_(%D0%BC%D0%B8%D0%BA%D1%80%D0%BE%D1%80%D0%B0%D0%B9%D0%BE%D0%BD),80
Московский областной драматический театр имени А. Н. Островского,Театр Островского,театр,"Московский областной драматический театр имени А. До ближайшего монумента — «Paustovsky Museum», около 2.09 км.",37.76702,2086,Paustovsky Museum,https://ru.wikipedia.org/wiki/%D0%9C%D0%BE%D1%81%D0%BA%D0%BE%D0%B2%D1%81%D0%BA%D0%B8%D0%B9_%D0%BE%D0%B1%D0%BB%D0%B0%D1%81%D1%82%D0%BD%D0%BE%D0%B9_%D0%B4%D1%80%D0%B0%D0%BC%D0%B0%D1%82%D0%B8%D1%87%D0%B5%D1%81%D0%BA%D0%B8%D0%B9_%D1%82%D0%B5%D0%B0%D1%82%D1%80_%D0%B8%D0%BC%D0%B5%D0%BD%D0%B8_%D0%90._%D0%9D._%D0%9E%D1%81%D1%82%D1%80%D0%BE%D0%B2%D1%81%D0%BA%D0%BE%D0%B3%D0%BE,80
Московский губернский драматический театр,Театр губернский драматический,театр,"Камерная культурная точка для тех, кто ищет районную сцену. До ближайшего монумента — «Paustovsky Museum», около 2.07 км.",37.76722,2071,Paustovsky Museum,https://ru.wikipedia.org/wiki/%D0%9C%D0%BE%D1%81%D0%BA%D0%BE%D0%B2%D1%81%D0%BA%D0%B8%D0%B9_%D0%B3%D1%83%D0%B1%D0%B5%D1%80%D0%BD%D1%81%D0%BA%D0%B8%D0%B9_%D1%82%D0%B5%D0%B0%D1%82%D1%80,80
Казанский Головинский монастырь,Казанский Головинский монастырь,исторический храм / монастырь,"Тихая архитектурная точка, заметная в исторической среде района. До ближайшего монумента — «Речной вокзал», около 2.06 км.",37.49805556,2063,Речной вокзал,https://ru.wikipedia.org/wiki/%D0%9A%D0%B0%D0%B7%D0%B0%D0%BD%D1%81%D0%BA%D0%B8%D0%B9_%D0%93%D0%BE%D0%BB%D0%BE%D0%B2%D0%B8%D0%BD%D1%81%D0%BA%D0%B8%D0%B9_%D0%BC%D0%BE%D0%BD%D0%B0%D1%81%D1%82%D1%8B%D1%80%D1%8C,80
Лебедь,Лебедь,необычное здание,"Экспериментальный жилой комплекс, построенный по проекту архитектора Андрея Меерсона. До ближайшего монумента — «Ерунда», около 2.03 км.",37.48611,2026,Ерунда,https://ru.wikipedia.org/wiki/%D0%9B%D0%B5%D0%B1%D0%B5%D0%B4%D1%8C_(%D0%B6%D0%B8%D0%BB%D0%BE%D0%B9_%D0%BA%D0%BE%D0%BC%D0%BF%D0%BB%D0%B5%D0%BA%D1%81),80
"Храмы святителя Николая, Успения Богородицы и святителя Тихона, патриарха Московского в Косине",Храмы святителя Николая,исторический храм / монастырь,"Тихая архитектурная точка, заметная в исторической среде района. До ближайшего монумента — «Косинский парк», около 1.98 км.",37.857068,1981,Косинский парк,"https://ru.wikipedia.org/wiki/%D0%A5%D1%80%D0%B0%D0%BC%D1%8B_%D0%A1%D0%B2%D1%8F%D1%82%D0%B8%D1%82%D0%B5%D0%BB%D1%8F_%D0%9D%D0%B8%D0%BA%D0%BE%D0%BB%D0%B0%D1%8F,_%D0%A3%D1%81%D0%BF%D0%B5%D0%BD%D0%B8%D1%8F_%D0%91%D0%BE%D0%B3%D0%BE%D1%80%D0%BE%D0%B4%D0%B8%D1%86%D1%8B_%D0%B8_%D0%A1%D0%B2%D1%8F%D1%82%D0%B8%D1%82%D0%B5%D0%BB%D1%8F_%D0%A2%D0%B8%D1%85%D0%BE%D0%BD%D0%B0,_%D0%9F%D0%B0%D1%82%D1%80%D0%B8%D0%B0%D1%80%D1%85%D0%B0_%D0%9C%D0%BE%D1%81%D0%BA%D0%BE%D0%B2%D1%81%D0%BA%D0%BE%D0%B3%D0%BE,_%D0%B2_%D0%9A%D0%BE%D1%81%D0%B8%D0%BD%D0%B5",80
Рублёво-Архангельское,Рублёво-Архангельское,необычное здание,"Отдельная площадка на западе Москвы, расположенная на Захарковской пойме Москвы-реки. До ближайшего монумента — «🦸🏼‍♂️ Pugovka», около 1.87 км.",37.337,1870,🦸🏼‍♂️ Pugovka,https://ru.wikipedia.org/wiki/%D0%A0%D1%83%D0%B1%D0%BB%D1%91%D0%B2%D0%BE-%D0%90%D1%80%D1%85%D0%B0%D0%BD%D0%B3%D0%B5%D0%BB%D1%8C%D1%81%D0%BA%D0%BE%D0%B5,80
Здание штаб-квартиры «Газпрома»,Здание штаб-квартиры Газпрома,знаковое современное здание,"Можно рассмотреть фрагмент исторической застройки без музейной торжественности. До ближайшего монумента — «Усадьба Воронцово», около 1.86 км.",37.556902,1861,Усадьба Воронцово,https://ru.wikipedia.org/wiki/%D0%97%D0%B4%D0%B0%D0%BD%D0%B8%D0%B5_%D1%88%D1%82%D0%B0%D0%B1-%D0%BA%D0%B2%D0%B0%D1%80%D1%82%D0%B8%D1%80%D1%8B_%C2%AB%D0%93%D0%B0%D0%B7%D0%BF%D1%80%D0%BE%D0%BC%D0%B0%C2%BB,80
Полиграфический комбинат (Останкинский),Полиграфический комбинат,историческое здание,"Можно рассмотреть фрагмент исторической застройки без музейной торжественности. Считается ценной частью городской среды. До ближайшего монумента — «Останкинская башня», около 1.69 км.",37.63746,1687,Останкинская башня,,80
Шуховская башня,Шуховская башня,знаковое современное здание,"Передающая башня в Москве, спроектированная Владимиром Шуховым. До ближайшего монумента — «Дом-корабль», около 1.07 км.",37.611388888,1071,Дом-корабль,https://ru.wikipedia.org/wiki/%D0%A8%D1%83%D1%85%D0%BE%D0%B2%D1%81%D0%BA%D0%B0%D1%8F_%D0%B1%D0%B0%D1%88%D0%BD%D1%8F,80
Павильон № 27 «Физкультура и спорт» на ВДНХ,Павильон 27 Физкультура,спортивная арена / стадион,"Связано со спортивной жизнью города и крупными событиями района. Считается ценной частью городской среды. До ближайшего монумента — «Каменный цветок», около 1.00 км.",37.612686,1000,Каменный цветок,https://ru.wikipedia.org/wiki/%D0%9F%D0%B0%D0%B2%D0%B8%D0%BB%D1%8C%D0%BE%D0%BD_%E2%84%96_27_%C2%AB%D0%A4%D0%B8%D0%B7%D0%BA%D1%83%D0%BB%D1%8C%D1%82%D1%83%D1%80%D0%B0_%D0%B8_%D1%81%D0%BF%D0%BE%D1%80%D1%82%C2%BB_%D0%BD%D0%B0_%D0%92%D0%94%D0%9D%D0%A5,80
Эко Бунино,Эко Бунино,необычное здание,"Жилой микрорайон в Новой Москве. До ближайшего монумента — «Rainbow», около 5.03 км.",37.457297607,5027,Rainbow,,79
Бунинские луга,Бунинские луга,необычное здание,"Жилой комплекс в Москве. До ближайшего монумента — «Rainbow», около 3.33 км.",37.484217,3333,Rainbow,,79
автобусная конечная Крылатское,Автобусная конечная Крылатское,необычное здание,"Можно рассмотреть фрагмент исторической застройки без музейной торжественности. До ближайшего монумента — «Pier», около 3.23 км.",37.406875491,3230,Pier,,79
Московский новый драматический театр,Театр новый драматический,театр,"Камерная культурная точка для тех, кто ищет районную сцену. До ближайшего монумента — «Пограничный столб», около 3.20 км.",37.720769047,3199,Пограничный столб,,79
Здание управления завода Микрон,Здание управления завода,необычное здание,"Напоминает об индустриальном слое московской архитектуры. До ближайшего монумента — «КЦ Зеленоград», около 3.19 км.",37.191907167,3185,КЦ Зеленоград,,79
Эдальго,Эдальго,необычное здание,"Жилой комплекс в Коммунарке, Москва. До ближайшего монумента — «Красный Бык», около 3.18 км.",37.486576,3183,Красный Бык,,79
Первый Нагатинский,Первый Нагатинский,необычное здание,"Можно рассмотреть фрагмент исторической застройки без музейной торжественности. До ближайшего монумента — «龙庙», около 3.02 км.",37.626639604,3023,龙庙,,79
Каширское шоссе 148,Каширское шоссе 148,необычное здание,"Автобусная конечная в Москве. До ближайшего монумента — «Japanese corner», около 2.88 км.",37.72742629,2881,Japanese corner,,79
Автобусная конечная Бирюлёво-Западное,Автобусная конечная Бирюлёво-Западное,необычное здание,"Автобусная конечная в Москва. До ближайшего монумента — «Japanese corner», около 2.86 км.",37.6513,2863,Japanese corner,,79
Sky Fort,Sky Fort,необычное здание,"Жилой комплекс (микрорайон) в Москве. До ближайшего монумента — «Коломенский Дворец», около 2.83 км.",37.634639,2831,Коломенский Дворец,,79
Автобусная конечная Метро Нагатинская,Автобусная конечная Метро,необычное здание,"Интересно как часть городской инфраструктуры и повседневного движения Москвы. До ближайшего монумента — «Первая Хрущёвка», около 2.81 км.",37.62146,2808,Первая Хрущёвка,,79
Панфиловский проспект 10,Панфиловский проспект 10,необычное здание,"Можно рассмотреть фрагмент исторической застройки без музейной торжественности. До ближайшего монумента — «КЦ Зеленоград», около 2.77 км.",37.20219,2765,КЦ Зеленоград,,79
Варшавское шоссе 39,Варшавское шоссе 39,необычное здание,"Здание в Москве. До ближайшего монумента — «Дом-корабль», около 2.75 км.",37.62418,2747,Дом-корабль,,79
Автобусная конечная Курьяново,Автобусная конечная Курьяново,необычное здание,"Автобусная конечная в Печатники. До ближайшего монумента — «Домик Петра», около 2.72 км.",37.70016,2720,Домик Петра,,79
Ханой-Москва,Ханой-Москва,необычное здание,"Можно рассмотреть фрагмент исторической застройки без музейной торжественности. До ближайшего монумента — «Moose bio station», около 2.61 км.",37.730054855,2611,Moose bio station,,79
Автобусная конечная Рублёво,Автобусная конечная Рублёво,необычное здание,"Автобусная конечная в Москва. До ближайшего монумента — «🦸🏼‍♂️ Pugovka», около 2.55 км.",37.35566,2552,🦸🏼‍♂️ Pugovka,,79
1-я Новокузьминская улица 1,Театр 1-я Новокузьминская,театр,"Камерная культурная точка для тех, кто ищет районную сцену. До ближайшего монумента — «Сухой фонтан», около 2.55 км.",37.78361,2550,Сухой фонтан,,79
Мемориальная квартира Пушкина на Арбате,Музей Мемориальная квартира,музей,"Хороший вариант для короткого визита, если интересны экспозиции и локальные коллекции. Есть федеральный охранный статус. До ближайшего монумента — «Cheapshot HQ», около 1.65 км.",37.585811111,1654,Cheapshot HQ,https://ru.wikipedia.org/wiki/%D0%9C%D0%B5%D0%BC%D0%BE%D1%80%D0%B8%D0%B0%D0%BB%D1%8C%D0%BD%D0%B0%D1%8F_%D0%BA%D0%B2%D0%B0%D1%80%D1%82%D0%B8%D1%80%D0%B0_%D0%9F%D1%83%D1%88%D0%BA%D0%B8%D0%BD%D0%B0_%D0%BD%D0%B0_%D0%90%D1%80%D0%B1%D0%B0%D1%82%D0%B5,78
Дом-музей Аксаковых,Музей Аксаковых,музей,"Хороший вариант для короткого визита, если интересны экспозиции и локальные коллекции. Есть федеральный охранный статус. До ближайшего монумента — «Пётр l», около 1.46 км.",37.5903,1463,Пётр l,https://ru.wikipedia.org/wiki/%D0%94%D0%BE%D0%BC-%D0%BC%D1%83%D0%B7%D0%B5%D0%B9_%D0%90%D0%BA%D1%81%D0%B0%D0%BA%D0%BE%D0%B2%D1%8B%D1%85,78
Музей-мастерская А. С. Голубкиной,Музей Голубкиной,музей,"Хороший вариант для короткого визита, если интересны экспозиции и локальные коллекции. Есть федеральный охранный статус. До ближайшего монумента — «Пётр l», около 1.44 км.",37.585877777,1438,Пётр l,https://ru.wikipedia.org/wiki/%D0%9C%D1%83%D0%B7%D0%B5%D0%B9-%D0%BC%D0%B0%D1%81%D1%82%D0%B5%D1%80%D1%81%D0%BA%D0%B0%D1%8F_%D0%90._%D0%A1._%D0%93%D0%BE%D0%BB%D1%83%D0%B1%D0%BA%D0%B8%D0%BD%D0%BE%D0%B9,78
"Усадьба «Троекурово» (площадью 77,6 га) (Очаково-Матвеевское)",Усадьба,усадьба / дворец / особняк,"Подойдёт для спокойного знакомства с московской усадебной архитектурой. Есть региональный охранный статус. До ближайшего монумента — «Дача Д. Филиппова», около 2.48 км.",37.41083,2482,Дача Д. Филиппова,,76
Галерея Беляево,Музей Галерея Беляево,музей,"Хороший вариант для короткого визита, если интересны экспозиции и локальные коллекции. До ближайшего монумента — «Усадьба Воронцово», около 2.48 км.",37.525154,2481,Усадьба Воронцово,https://ru.wikipedia.org/wiki/%D0%93%D0%B0%D0%BB%D0%B5%D1%80%D0%B5%D1%8F_%D0%91%D0%B5%D0%BB%D1%8F%D0%B5%D0%B2%D0%BE,76
Усадьба «Троицкое» (Троицк),Усадьба Троицкое,усадьба / дворец / особняк,"Подойдёт для спокойного знакомства с московской усадебной архитектурой. Есть региональный охранный статус. До ближайшего монумента — «МНС», около 2.48 км.",37.30231,2475,МНС,,76
Здание музыкальной школы (Кунцево),Здание музыкальной школы,историческое здание,"Заметный след старой образовательной городской среды. Сохраняет признаки объекта наследия. До ближайшего монумента — «🦸🏼‍♂️ Pugovka», около 2.46 км.",37.356659,2464,🦸🏼‍♂️ Pugovka,,76
Церковь Казанской иконы Божией Матери (Пучково),Церковь Казанской иконы,исторический храм / монастырь,"Тихая архитектурная точка, заметная в исторической среде района. Есть региональный охранный статус. До ближайшего монумента — «МНС», около 2.45 км.",37.26796,2453,МНС,,76
Парк (Троицк),Парк,знаковое городское место,"Место для прогулки и передышки от плотной городской застройки. Есть региональный охранный статус. До ближайшего монумента — «МНС», около 2.42 км.",37.301732,2425,МНС,,76
Конно-спортивная школа в Измайлово,Конно-спортивная школа,спортивная арена / стадион,"Связано со спортивной жизнью города и крупными событиями района. Есть региональный охранный статус. До ближайшего монумента — «Царская пасека», около 2.38 км.",37.755231,2378,Царская пасека,,76
Кладовая (Северный),Кладовая,историческое здание,"Можно рассмотреть фрагмент исторической застройки без музейной торжественности. Есть выявленный охранный статус. До ближайшего монумента — «Airship», около 2.36 км.",37.5366086,2357,Airship,,76
Сквер перед домом № 1 (Щукино),Сквер перед домом,историческое здание,"Место для прогулки и передышки от плотной городской застройки. Есть выявленный охранный статус. До ближайшего монумента — «Pier», около 2.35 км.",37.47048,2355,Pier,,76
Горловский проезд 11,Горловский проезд 11,историческое здание,"Можно рассмотреть фрагмент исторической застройки без музейной торжественности. Сохраняет признаки объекта наследия. До ближайшего монумента — «Конный двор», около 2.33 км.",37.585511,2334,Конный двор,,76
Школа № 580 (Кунцево),Школа 580,историческое здание,"Заметный след старой образовательной городской среды. Сохраняет признаки объекта наследия. До ближайшего монумента — «🦸🏼‍♂️ Pugovka», около 2.33 км.",37.352515,2332,🦸🏼‍♂️ Pugovka,,76
Поле конкурное (Измайлово),Поле конкурное,историческое здание,"Можно рассмотреть фрагмент исторической застройки без музейной торжественности. Есть региональный охранный статус. До ближайшего монумента — «Царская пасека», около 2.33 км.",37.755459,2329,Царская пасека,,76
Вход (Измайлово),Вход,историческое здание,"Можно рассмотреть фрагмент исторической застройки без музейной торжественности. Есть региональный охранный статус. До ближайшего монумента — «Царская пасека», около 2.33 км.",37.756232,2326,Царская пасека,,76
Здание клуба воинской части ОГПУ (Кунцево),Здание клуба воинской,историческое здание,"Сохраняет память о районной культурной жизни и общественных пространствах. Сохраняет признаки объекта наследия. До ближайшего монумента — «🦸🏼‍♂️ Pugovka», около 2.32 км.",37.355169,2323,🦸🏼‍♂️ Pugovka,,76
Три жилых дома (Щукино),Три жилых дома,историческое здание,"Можно рассмотреть фрагмент исторической застройки без музейной торжественности. Есть выявленный охранный статус. До ближайшего монумента — «Pier», около 2.32 км.",37.4697456,2322,Pier,,76
Булочная (Бутырский),Булочная,историческое здание,"Можно рассмотреть фрагмент исторической застройки без музейной торжественности. Сохраняет признаки объекта наследия. До ближайшего монумента — «Останкинская башня», около 2.30 км.",37.583837,2301,Останкинская башня,,76
Здание центра Международной почты,Здание центра Международной,историческое здание,"Можно рассмотреть фрагмент исторической застройки без музейной торжественности. Сохраняет признаки объекта наследия. До ближайшего монумента — «Дом-корабль», около 2.30 км.",37.623504,2299,Дом-корабль,,76
Склады для фуража (Измайлово),Склады фуража,историческое здание,"Можно рассмотреть фрагмент исторической застройки без музейной торжественности. Есть региональный охранный статус. До ближайшего монумента — «Царская пасека», около 2.29 км.",37.7555,2295,Царская пасека,,76
Манеж с конюшней (Измайлово),Манеж конюшней,историческое здание,"Можно рассмотреть фрагмент исторической застройки без музейной торжественности. Есть региональный охранный статус. До ближайшего монумента — «Царская пасека», около 2.29 км.",37.755956,2293,Царская пасека,,76
Летняя улица 2 c1,Театр Летняя улица,театр,"Камерная культурная точка для тех, кто ищет районную сцену. Есть федеральный охранный статус. До ближайшего монумента — «Ломаковский музей», около 2.29 км.",37.74386651,2288,Ломаковский музей,,76
Конный двор (Северный),Конный двор,историческое здание,"Можно рассмотреть фрагмент исторической застройки без музейной торжественности. Есть федеральный охранный статус. До ближайшего монумента — «Airship», около 2.27 км.",37.53399,2274,Airship,,76
Манеж для выездки (Измайлово),Манеж выездки,историческое здание,"Можно рассмотреть фрагмент исторической застройки без музейной торжественности. Есть региональный охранный статус. До ближайшего монумента — «Царская пасека», около 2.27 км.",37.756948,2265,Царская пасека,,76
Улица Маршала Василевского 11 к1,Улица Маршала Василевского,историческое здание,"Можно рассмотреть фрагмент исторической застройки без музейной торжественности. Считается ценной частью городской среды. До ближайшего монумента — «Стадион Спартак», около 2.26 км.",37.46853,2264,Стадион Спартак,,76
Летняя улица 1 c1,Усадьба,усадьба / дворец / особняк,"Дворец. Историческое здание в Москве, памятник архитектуры. До ближайшего монумента — «Скульптура из дерева», около 2.26 км.",37.74306701,2257,Скульптура из дерева,,76
Труба хлебозавода 9,Труба хлебозавода 9,историческое здание,"Напоминает об индустриальном слое московской архитектуры. Сохраняет признаки объекта наследия. До ближайшего монумента — «Останкинская башня», около 2.25 км.",37.58436,2246,Останкинская башня,,76
Московский государственный технический университет гражданской авиации,Технический университет гражданской,историческое здание,"Заметный след старой образовательной городской среды. Сохраняет признаки объекта наследия. До ближайшего монумента — «НАМИ», около 2.25 км.",37.506451,2246,НАМИ,,76
Флигель театральной школы западный (Люблино),Театр Флигель театральной,театр,"Камерная культурная точка для тех, кто ищет районную сцену. Есть охранный статус. До ближайшего монумента — «Ломаковский музей», около 2.24 км.",37.74471991,2238,Ломаковский музей,,76
Пилоны калитки напротив главного входа детского сада,Пилоны калитки напротив,историческое здание,"Пилоны калитки напротив главного входа. До ближайшего монумента — «Стадион Спартак», около 2.23 км.",37.466286,2232,Стадион Спартак,,76
улица Маршала Василевского 11 корпус 6 здание детского сада,Улица Маршала Василевского,историческое здание,"Место для прогулки и передышки от плотной городской застройки. Есть региональный охранный статус. До ближайшего монумента — «Стадион Спартак», около 2.23 км.",37.466444,2227,Стадион Спартак,,76
Новодмитровская улица 1 с1,Новодмитровская улица 1,историческое здание,"Можно рассмотреть фрагмент исторической застройки без музейной торжественности. Сохраняет признаки объекта наследия. До ближайшего монумента — «Останкинская башня», около 2.22 км.",37.584982,2218,Останкинская башня,,76
Клуб для рабочих (баня) (Северный),Клуб рабочих баня,историческое здание,"Сохраняет память о районной культурной жизни и общественных пространствах. Есть федеральный охранный статус. До ближайшего монумента — «Airship», около 2.22 км.",37.53274,2217,Airship,,76
Скотный двор усадьбы Виноградово,Усадьба,усадьба / дворец / особняк,"Здание в усадьбе Виноградово у станции Долгопрудная. До ближайшего монумента — «Airship», около 2.21 км.",37.53202,2211,Airship,,76
Ейская улица 4 c2,Ейская улица 4,историческое здание,"Можно рассмотреть фрагмент исторической застройки без музейной торжественности. Есть федеральный охранный статус. До ближайшего монумента — «Ломаковский музей», около 2.21 км.",37.74454923,2209,Ломаковский музей,,76
Летняя улица 8/2 c1,Театр Летняя улица,театр,"Флигель театральной школы восточный. До ближайшего монумента — «Ломаковский музей», около 2.21 км.",37.74528584,2209,Ломаковский музей,,76
Ансамбль рабочего посёлка при Рублёвской насосной станции Московского водопровода (Кунцево),Ансамбль рабочего посёлка,историческое здание,"Можно рассмотреть фрагмент исторической застройки без музейной торжественности. Сохраняет признаки объекта наследия. До ближайшего монумента — «🦸🏼‍♂️ Pugovka», около 2.21 км.",37.351856,2209,🦸🏼‍♂️ Pugovka,,76
Комплекс ледников при жилых домах (Кунцево),Комплекс ледников жилых,историческое здание,"Можно рассмотреть фрагмент исторической застройки без музейной торжественности. Сохраняет признаки объекта наследия. До ближайшего монумента — «🦸🏼‍♂️ Pugovka», около 2.21 км.",37.351095,2205,🦸🏼‍♂️ Pugovka,,76
Ейская улица 6 c3,Ейская улица 6,историческое здание,"Можно рассмотреть фрагмент исторической застройки без музейной торжественности. Есть федеральный охранный статус. До ближайшего монумента — «Ломаковский музей», около 2.20 км.",37.74438753,2203,Ломаковский музей,,76
"Академия переподготовки работников искусства, культуры и туризма",Академия переподготовки работников,историческое здание,"Можно рассмотреть фрагмент исторической застройки без музейной торжественности. Есть охранный статус. До ближайшего монумента — «ЦСКА Арена», около 2.19 км.",37.524567,2191,ЦСКА Арена,,76
Ейская улица 4 c1,Ейская улица 4,историческое здание,"Конный двор. Историческое здание в Москве, памятник архитектуры. До ближайшего монумента — «Ломаковский музей», около 2.18 км.",37.74502533,2181,Ломаковский музей,,76
Ейская улица 4 c1,Ейская улица 4,историческое здание,"Можно рассмотреть фрагмент исторической застройки без музейной торжественности. Есть федеральный охранный статус. До ближайшего монумента — «Ломаковский музей», около 2.18 км.",37.74502533,2181,Ломаковский музей,,76
Москва Ленинский проспект 37,Москва Ленинский проспект,историческое здание,"Можно рассмотреть фрагмент исторической застройки без музейной торжественности. Считается ценной частью городской среды. До ближайшего монумента — «Арена Лужники», около 2.17 км.",37.585619,2173,Арена Лужники,,76
Флигель западный (Люблино),Флигель западный,историческое здание,"Можно рассмотреть фрагмент исторической застройки без музейной торжественности. Есть охранный статус. До ближайшего монумента — «Ломаковский музей», около 2.17 км.",37.74456719,2171,Ломаковский музей,,76
Флигель восточный (Люблино),Флигель восточный,историческое здание,"Можно рассмотреть фрагмент исторической застройки без музейной торжественности. Есть охранный статус. До ближайшего монумента — «Ломаковский музей», около 2.17 км.",37.74456719,2171,Ломаковский музей,,76
Пилоны ворот и калитки напротив северо-западного входа детского сада,Пилоны ворот калитки,историческое здание,"Пилоны ворот и калитки напротив северо-западного торцевого фасада. До ближайшего монумента — «Стадион Спартак», около 2.17 км.",37.465955,2170,Стадион Спартак,,76
Ансамбль жилых домов на площади Гагарина (Донской),Ансамбль жилых домов,историческое здание,"Можно рассмотреть фрагмент исторической застройки без музейной торжественности. Считается ценной частью городской среды. До ближайшего монумента — «Дом-корабль», около 2.15 км.",37.586537,2148,Дом-корабль,,76
Наземный вестибюль станции «Алексеевская» (Алексеевский),Наземный вестибюль станции,историческое здание,"Можно рассмотреть фрагмент исторической застройки без музейной торжественности. Есть выявленный охранный статус. До ближайшего монумента — «Останкинская башня», около 2.15 км.",37.6387256,2146,Останкинская башня,,76
Водонапорная башня ЦНИИ Химии и механики (Нагатино-Садовники),Водонапорная башня ЦНИИ,знаковое современное здание,"Место для прогулки и передышки от плотной городской застройки. Сохраняет признаки объекта наследия. До ближайшего монумента — «Коломенский Дворец», около 2.14 км.",37.641071,2144,Коломенский Дворец,,76
Старая оранжерея (Ясенево),Старая оранжерея,историческое здание,"Можно рассмотреть фрагмент исторической застройки без музейной торжественности. Есть выявленный охранный статус. До ближайшего монумента — «Bitsa forest», около 2.14 км.",37.53715518,2142,Bitsa forest,,76
Музей магистрального транспорта газа,Музей магистрального транспорта,спортивная арена / стадион,"Хороший вариант для короткого визита, если интересны экспозиции и локальные коллекции. До ближайшего монумента — «Красный Бык», около 2.14 км.",37.47639,2137,Красный Бык,https://ru.wikipedia.org/wiki/%D0%9C%D1%83%D0%B7%D0%B5%D0%B9_%D0%BC%D0%B0%D0%B3%D0%B8%D1%81%D1%82%D1%80%D0%B0%D0%BB%D1%8C%D0%BD%D0%BE%D0%B3%D0%BE_%D1%82%D1%80%D0%B0%D0%BD%D1%81%D0%BF%D0%BE%D1%80%D1%82%D0%B0_%D0%B3%D0%B0%D0%B7%D0%B0,76
Эскалаторные спуски (Алексеевский),Эскалаторные спуски,историческое здание,"Можно рассмотреть фрагмент исторической застройки без музейной торжественности. Есть выявленный охранный статус. До ближайшего монумента — «Останкинская башня», около 2.13 км.",37.6388061,2130,Останкинская башня,,76
Водонапорная башня (Первомайское),Водонапорная башня,знаковое современное здание,"Выделяется силуэтом или масштабом в окружающей застройке. Есть региональный охранный статус. До ближайшего монумента — «Флигель», около 2.13 км.",37.166353,2128,Флигель,,76
Дом культуры Московского локомотиворемонтного завода (Перово),Дом культуры,историческое здание,"Сохраняет память о районной культурной жизни и общественных пространствах. Считается ценной частью городской среды. До ближайшего монумента — «Московские Кольца», около 2.12 км.",37.759293,2122,Московские Кольца,,76
Дом с башенкой (Перово),Дом башенкой,историческое здание,"Можно рассмотреть фрагмент исторической застройки без музейной торжественности. Считается ценной частью городской среды. До ближайшего монумента — «Музей Вадима Сидура», около 2.11 км.",37.767205,2106,Музей Вадима Сидура,,76
Главный дом (Ясенево),Главный дом,историческое здание,"Можно рассмотреть фрагмент исторической застройки без музейной торжественности. Есть федеральный охранный статус. До ближайшего монумента — «Bitsa forest», около 2.10 км.",37.536185,2099,Bitsa forest,,76
Главный дом (Покровское-Стрешнево),Главный дом,историческое здание,"Можно рассмотреть фрагмент исторической застройки без музейной торжественности. Есть охранный статус. До ближайшего монумента — «Стадион Спартак», около 2.09 км.",37.46776032,2092,Стадион Спартак,,76
Перронный зал (Алексеевский),Перронный зал,историческое здание,"Можно рассмотреть фрагмент исторической застройки без музейной торжественности. Есть выявленный охранный статус. До ближайшего монумента — «Останкинская башня», около 2.09 км.",37.6389456,2090,Останкинская башня,,76
Станция технического обслуживания автомобилей «Жигули»,Станция технического обслуживания,вокзал / транспортный объект,"Интересно как часть городской инфраструктуры и повседневного движения Москвы. Сохраняет признаки объекта наследия. До ближайшего монумента — «Знаменское-Садки», около 2.07 км.",37.588908,2066,Знаменское-Садки,,76
Колокольня Казанского (Скорбященского) Головинского монастыря (Головинский),Колокольня Казанского Скорбященского,исторический храм / монастырь,"Тихая архитектурная точка, заметная в исторической среде района. Есть федеральный охранный статус. До ближайшего монумента — «Речной вокзал», около 2.06 км.",37.49805151,2063,Речной вокзал,,76
Ансамбль жилой застройки (Перово),Ансамбль жилой застройки,историческое здание,"Можно рассмотреть фрагмент исторической застройки без музейной торжественности. Считается ценной частью городской среды. До ближайшего монумента — «Музей Вадима Сидура», около 2.06 км.",37.767958,2059,Музей Вадима Сидура,,76
Ограда с юго-западными воротами (Ховрино),Ограда юго-западными воротами,историческое здание,"Можно рассмотреть фрагмент исторической застройки без музейной торжественности. Есть охранный статус. До ближайшего монумента — «Apple garden», около 2.06 км.",37.50777,2057,Apple garden,,76
Сторожевой дом (Кунцево),Сторожевой дом,историческое здание,"Можно рассмотреть фрагмент исторической застройки без музейной торжественности. Сохраняет признаки объекта наследия. До ближайшего монумента — «🦸🏼‍♂️ Pugovka», около 2.05 км.",37.352237,2050,🦸🏼‍♂️ Pugovka,,76
Ограда (Алексеевский),Ограда,историческое здание,"Можно рассмотреть фрагмент исторической застройки без музейной торжественности. Есть региональный охранный статус. До ближайшего монумента — «Большой розарий», около 2.05 км.",37.647405,2049,Большой розарий,,76
Вятская улица 47 c3,Вятская улица 47,историческое здание,"Административный корпус фабрики «А. До ближайшего монумента — «Путевой дворец», около 2.05 км.",37.58138,2047,Путевой дворец,,76
Въездная ограда с воротами (Кунцево),Въездная ограда воротами,историческое здание,"Можно рассмотреть фрагмент исторической застройки без музейной торжественности. Сохраняет признаки объекта наследия. До ближайшего монумента — «🦸🏼‍♂️ Pugovka», около 2.04 км.",37.352194,2045,🦸🏼‍♂️ Pugovka,,76
улица Верхние Поля 16,Улица Верхние Поля,историческое здание,"Дом смотрителей и агронома. До ближайшего монумента — «Ice park», около 2.03 км.",37.744459,2034,Ice park,,76
Клинская улица 2 c4,Клинская улица 2,историческое здание,"Оранжерея. Историческое здание в Москве, памятник архитектуры. До ближайшего монумента — «Apple garden», около 2.02 км.",37.50839112,2021,Apple garden,,76
Сторожка (Алексеевский),Сторожка,историческое здание,"Можно рассмотреть фрагмент исторической застройки без музейной торжественности. Есть региональный охранный статус. До ближайшего монумента — «Большой розарий», около 2.02 км.",37.64816,2018,Большой розарий,,76
Механосборочный цех (Алексеевский),Механосборочный цех,историческое здание,"Можно рассмотреть фрагмент исторической застройки без музейной торжественности. Считается ценной частью городской среды. До ближайшего монумента — «Большой розарий», около 2.02 км.",37.647855,2016,Большой розарий,,76
Парк усадьбы Загорье,Усадьба,усадьба / дворец / особняк,"Подойдёт для спокойного знакомства с московской усадебной архитектурой. Есть региональный охранный статус. До ближайшего монумента — «Japanese corner», около 2.01 км.",37.677669131,2013,Japanese corner,,76
Клинская улица 2 c1,Клинская улица 2,историческое здание,"Главный дом. Историческое здание в Москве, памятник архитектуры. До ближайшего монумента — «Apple garden», около 2.01 км.",37.50694483,2009,Apple garden,,76
Водоёмная башня на станции «Николаевка» МЖД (Алексеевский),Водоёмная башня станции,знаковое современное здание,"Выделяется силуэтом или масштабом в окружающей застройке. Есть региональный охранный статус. До ближайшего монумента — «Большой розарий», около 2.01 км.",37.637752,2008,Большой розарий,,76
Дом причта северный (Алексеевский),Дом причта северный,историческое здание,"Можно рассмотреть фрагмент исторической застройки без музейной торжественности. Есть федеральный охранный статус. До ближайшего монумента — «Большой розарий», около 2.00 км.",37.63848514,2005,Большой розарий,,76
Волоколамское шоссе 52 c11,Волоколамское шоссе 52,историческое здание,"Оранжерея. Историческое здание в Москве, памятник архитектуры. До ближайшего монумента — «Стадион Спартак», около 2.00 км.",37.47265614,2002,Стадион Спартак,,76
Вятская улица 47 c5,Вятская улица 47,историческое здание,"Можно рассмотреть фрагмент исторической застройки без музейной торжественности. Считается ценной частью городской среды. До ближайшего монумента — «Путевой дворец», около 2.00 км.",37.58016,1999,Путевой дворец,,76
Дом причта южный (Алексеевский),Дом причта южный,историческое здание,"Можно рассмотреть фрагмент исторической застройки без музейной торжественности. Есть федеральный охранный статус. До ближайшего монумента — «Большой розарий», около 2.00 км.",37.63848514,1998,Большой розарий,,76
Клинская улица 2 c8,Клинская улица 2,историческое здание,"Каретный сарай. Историческое здание в Москве, памятник архитектуры. До ближайшего монумента — «Apple garden», около 1.99 км.",37.50814858,1993,Apple garden,,76
Шлюз № 7 канала им. Москвы,Шлюз 7 канала,историческое здание,"Интересно как часть городской инфраструктуры и повседневного движения Москвы. Есть выявленный охранный статус. До ближайшего монумента — «Стадион Спартак», около 1.99 км.",37.461943,1990,Стадион Спартак,,76
Дом Берга младшего (Первомайское),Дом Берга младшего,историческое здание,"Можно рассмотреть фрагмент исторической застройки без музейной торжественности. Есть региональный охранный статус. До ближайшего монумента — «Флигель», около 1.99 км.",37.164077,1988,Флигель,,76
Церковь Успения в Косино,Церковь Успения,исторический храм / монастырь,"Церковь в Косино, Москва. До ближайшего монумента — «Косинский парк», около 1.98 км.",37.85704525,1983,Косинский парк,,76
Охотничий домик у оврага (Якиманка),Охотничий домик оврага,историческое здание,"Можно рассмотреть фрагмент исторической застройки без музейной торжественности. Есть федеральный охранный статус. До ближайшего монумента — «Фигурный фонтан», около 1.98 км.",37.584261,1982,Фигурный фонтан,,76
Волоколамское шоссе 52 c1,Волоколамское шоссе 52,историческое здание,"Главный дом (деревянный) с каменными пристройками. До ближайшего монумента — «Стадион Спартак», около 1.98 км.",37.47186,1979,Стадион Спартак,,76
Никольская церковь в Косино,Церковь в Косино,исторический храм / монастырь,"Церковь в Косино, Москва. До ближайшего монумента — «Косинский парк», около 1.97 км.",37.8570722,1974,Косинский парк,,76
Вятская улица 47,Вятская улица 47,историческое здание,"Можно рассмотреть фрагмент исторической застройки без музейной торжественности. Есть охранный статус. До ближайшего монумента — «Путевой дворец», около 1.97 км.",37.58008,1974,Путевой дворец,,76
Хозяйственная постройка (Первомайское),Хозяйственная постройка,историческое здание,"Можно рассмотреть фрагмент исторической застройки без музейной торжественности. Есть региональный охранный статус. До ближайшего монумента — «Флигель», около 1.97 км.",37.163831,1974,Флигель,,76
Океанариум на Дмитровском шоссе,Музей Океанариум Дмитровском,музей,"Первый океанариум в Москве. До ближайшего монумента — «Славянский музей», около 1.97 км.",37.5397,1973,Славянский музей,https://ru.wikipedia.org/wiki/%D0%9E%D0%BA%D0%B5%D0%B0%D0%BD%D0%B0%D1%80%D0%B8%D1%83%D0%BC_%D0%BD%D0%B0_%D0%94%D0%BC%D0%B8%D1%82%D1%80%D0%BE%D0%B2%D1%81%D0%BA%D0%BE%D0%BC_%D1%88%D0%BE%D1%81%D1%81%D0%B5,76
Водоподъемное здание с котельной и дымовой трубой (Алексеевский),Водоподъемное здание котельной,историческое здание,"Можно рассмотреть фрагмент исторической застройки без музейной торжественности. Есть региональный охранный статус. До ближайшего монумента — «Большой розарий», около 1.97 км.",37.6490414,1972,Большой розарий,,76
Белокаменная ограда (Алексеевский),Белокаменная ограда,историческое здание,"Можно рассмотреть фрагмент исторической застройки без музейной торжественности. Есть федеральный охранный статус. До ближайшего монумента — «Большой розарий», около 1.97 км.",37.63898,1970,Большой розарий,,76
улица Нижние Поля 15 c2,Улица Нижние Поля,историческое здание,"Можно рассмотреть фрагмент исторической застройки без музейной торжественности. Сохраняет признаки объекта наследия. До ближайшего монумента — «Ice park», около 1.96 км.",37.739941,1958,Ice park,,76
улица Нижние Поля 21А,Улица Нижние Поля,историческое здание,"Можно рассмотреть фрагмент исторической застройки без музейной торжественности. Сохраняет признаки объекта наследия. До ближайшего монумента — «Ice park», около 1.96 км.",37.736051,1958,Ice park,,76
Пассажирское здание вокзала Пресня,Пассажирское здание вокзала,вокзал / транспортный объект,"Интересно как часть городской инфраструктуры и повседневного движения Москвы. Есть региональный охранный статус. До ближайшего монумента — «Ракета Хруничева», около 1.95 км.",37.517639,1954,Ракета Хруничева,,76
Никольский тупик 2 c6,Никольский тупик 2,историческое здание,"Дача «Грековка». Историческое здание в Москве, памятник архитектуры. До ближайшего монумента — «Стадион Спартак», около 1.95 км.",37.46453537,1954,Стадион Спартак,,76
Будка центрального управления стрелками и сигналами (Донской),Будка центрального управления,историческое здание,"Можно рассмотреть фрагмент исторической застройки без музейной торжественности. Есть охранный статус. До ближайшего монумента — «Первая Хрущёвка», около 1.95 км.",37.58898,1951,Первая Хрущёвка,,76
Клинская улица 2 c5,Клинская улица 2,историческое здание,"Конюшенный корпус. Историческое здание в Москве, памятник архитектуры. До ближайшего монумента — «Apple garden», около 1.95 км.",37.50900197,1950,Apple garden,,76
Ограда (Пресненский),Ограда,историческое здание,"Можно рассмотреть фрагмент исторической застройки без музейной торжественности. Считается ценной частью городской среды. До ближайшего монумента — «Пионер», около 1.95 км.",37.539842,1948,Пионер,,76
Станция биологической очистки сточных вод городских боен,Станция биологической очистки,вокзал / транспортный объект,"Интересно как часть городской инфраструктуры и повседневного движения Москвы. Сохраняет признаки объекта наследия. До ближайшего монумента — «Скульптура из дерева», около 1.95 км.",37.70571,1945,Скульптура из дерева,,76
Пакгауз на станции Пресня,Пакгауз станции Пресня,историческое здание,"Пакгауз, памятник архитектуры, Москва. До ближайшего монумента — «Ракета Хруничева», около 1.94 км.",37.517081,1942,Ракета Хруничева,,76
Одноэтажный жилой флигель (Ясенево),Одноэтажный жилой флигель,историческое здание,"Можно рассмотреть фрагмент исторической застройки без музейной торжественности. Есть федеральный охранный статус. До ближайшего монумента — «Bitsa forest», около 1.94 км.",37.53765823,1938,Bitsa forest,,76
улица Нижние Поля 15 c1,Улица Нижние Поля,историческое здание,"Техническая контора и квартира служащих. До ближайшего монумента — «Ice park», около 1.93 км.",37.739465,1934,Ice park,,76
улица Нижние Поля 19 c1,Улица Нижние Поля,историческое здание,"Сельскохозяйственная контора и квартиры служащих и чернорабочих Агрономической станции В.Р. До ближайшего монумента — «Ice park», около 1.93 км.",37.736958,1934,Ice park,,76
Северный сигнальный пост станции Пресня,Северный сигнальный пост,историческое здание,"Северная будка центрального управления стрелками и сигналами, памятник архитектуры в Москве. До ближайшего монумента — «Octod Tower», около 1.93 км.",37.514442,1934,Octod Tower,,76
Пешеходный мост у вокзала станции Пресня,Пешеходный мост вокзала,вокзал / транспортный объект,"Интересно как часть городской инфраструктуры и повседневного движения Москвы. Есть региональный охранный статус. До ближайшего монумента — «Ракета Хруничева», около 1.93 км.",37.517373,1931,Ракета Хруничева,,76
Колокольня (Бутырский),Колокольня,историческое здание,"Можно рассмотреть фрагмент исторической застройки без музейной торжественности. Есть охранный статус. До ближайшего монумента — «Еврейский музей», около 1.93 км.",37.583832,1928,Еврейский музей,,76
Вестибюль Алексеевского резервуара с помещениями для труб и задвижками (Алексеевский),Вестибюль Алексеевского резервуара,историческое здание,"Можно рассмотреть фрагмент исторической застройки без музейной торжественности. Есть региональный охранный статус. До ближайшего монумента — «Большой розарий», около 1.93 км.",37.6486498,1927,Большой розарий,,76
Ограда (Косино-Ухтомский),Ограда,историческое здание,"Можно рассмотреть фрагмент исторической застройки без музейной торжественности. Есть региональный охранный статус. До ближайшего монумента — «Косинский парк», около 1.92 км.",37.85799,1924,Косинский парк,,76
Кузница (Алексеевский),Кузница,историческое здание,"Можно рассмотреть фрагмент исторической застройки без музейной торжественности. Считается ценной частью городской среды. До ближайшего монумента — «Большой розарий», около 1.92 км.",37.649876,1923,Большой розарий,,76
Парк (Первомайское),Парк,знаковое городское место,"Место для прогулки и передышки от плотной городской застройки. Есть региональный охранный статус. До ближайшего монумента — «Флигель», около 1.92 км.",37.163037,1921,Флигель,,76
Ансамбль общежитий работников Центральной клинической больницы (Кунцево),Ансамбль общежитий работников,историческое здание,"Можно рассмотреть фрагмент исторической застройки без музейной торжественности. Считается ценной частью городской среды. До ближайшего монумента — «Полёт», около 1.92 км.",37.396007,1919,Полёт,,76
улица Нижние Поля 27 c23,Улица Нижние Поля,знаковое современное здание,"Можно рассмотреть фрагмент исторической застройки без музейной торжественности. Считается ценной частью городской среды. До ближайшего монумента — «Ice park», около 1.92 км.",37.734553,1918,Ice park,,76
Здание уборной на станции Пресня,Здание уборной станции,историческое здание,"Отхожее место, туалет на станции Пресня, памятник архитектуры в Москве. До ближайшего монумента — «Ракета Хруничева», около 1.92 км.",37.517566,1918,Ракета Хруничева,,76
Здание строительной конторы (Кунцево),Здание строительной конторы,историческое здание,"Можно рассмотреть фрагмент исторической застройки без музейной торжественности. Сохраняет признаки объекта наследия. До ближайшего монумента — «🦸🏼‍♂️ Pugovka», около 1.92 км.",37.348301,1917,🦸🏼‍♂️ Pugovka,,76
Сторожевой дом Московской Окружной железной дороги,Сторожевой дом Московской,историческое здание,"Дом на железной дороге Угрешская-Люблино, Москва. До ближайшего монумента — «Скульптура из дерева», около 1.92 км.",37.706912,1915,Скульптура из дерева,,76
Дом коменданта при продовольственном пункте станции Пресня,Дом коменданта продовольственном,историческое здание,"Дом коменданта при продовольственном пункте станции. До ближайшего монумента — «Ракета Хруничева», около 1.91 км.",37.511976,1914,Ракета Хруничева,,76
Столовая (Алексеевский),Столовая,историческое здание,"Можно рассмотреть фрагмент исторической застройки без музейной торжественности. Считается ценной частью городской среды. До ближайшего монумента — «Большой розарий», около 1.90 км.",37.650023,1904,Большой розарий,,76
Водонапорная башня станции Бирюлёво-Товарная,Водонапорная башня станции,знаковое современное здание,"Водонапорная башня в Москве. До ближайшего монумента — «Japanese corner», около 1.90 км.",37.6519,1903,Japanese corner,,76
Михайловский проезд 3 c66,Михайловский проезд 3,историческое здание,"Можно рассмотреть фрагмент исторической застройки без музейной торжественности. Есть региональный охранный статус. До ближайшего монумента — «Футболисты», около 1.90 км.",37.68595212,1897,Футболисты,,76
Никольский тупик 2 c9 главный дом дачи,Никольский тупик 2,историческое здание,"Можно рассмотреть фрагмент исторической застройки без музейной торжественности. Есть федеральный охранный статус. До ближайшего монумента — «Стадион Спартак», около 1.90 км.",37.46268484,1897,Стадион Спартак,,76
Покойницкая (Нижегородский),Покойницкая,историческое здание,"Можно рассмотреть фрагмент исторической застройки без музейной торжественности. Есть охранный статус. До ближайшего монумента — «Су-27», около 1.90 км.",37.700874,1897,Су-27,,76
Комплекс административных зданий на проспекте Вернадского,Комплекс административных зданий,историческое здание,"Можно рассмотреть фрагмент исторической застройки без музейной торжественности. Сохраняет признаки объекта наследия. До ближайшего монумента — «МГУ», около 1.89 км.",37.522147,1894,МГУ,,76
Церковь Рождества Богородицы в Бутырской слободе (Бутырский),Церковь Рождества Богородицы,исторический храм / монастырь,"Тихая архитектурная точка, заметная в исторической среде района. Есть выявленный охранный статус. До ближайшего монумента — «Еврейский музей», около 1.89 км.",37.584766,1890,Еврейский музей,,76
Камера реакции (Кунцево),Камера реакции,историческое здание,"Можно рассмотреть фрагмент исторической застройки без музейной торжественности. Сохраняет признаки объекта наследия. До ближайшего монумента — «🦸🏼‍♂️ Pugovka», около 1.89 км.",37.349644,1889,🦸🏼‍♂️ Pugovka,,76
Дом команды станции Пресня,Дом команды станции,историческое здание,"Дом ж/д рабочих, памятник архитектуры в Москве. До ближайшего монумента — «Ракета Хруничева», около 1.88 км.",37.511157,1884,Ракета Хруничева,,76
Ансамбль жилых домов (Пресненский),Ансамбль жилых домов,историческое здание,"Можно рассмотреть фрагмент исторической застройки без музейной торжественности. Считается ценной частью городской среды. До ближайшего монумента — «Пионер», около 1.87 км.",37.542029,1874,Пионер,,76
улица Плющиха 11А,Улица Плющиха 11А,историческое здание,"Дом подполковника Щербачёва, где жил Лев Толстой. До ближайшего монумента — «Пионер», около 1.87 км.",37.579878,1873,Пионер,,76
Фрагменты валов пограничной обваловки территории Измайловского зверинца (Измайлово),Фрагменты валов пограничной,историческое здание,"Можно рассмотреть фрагмент исторической застройки без музейной торжественности. Считается ценной частью городской среды. До ближайшего монумента — «Царская пасека», около 1.87 км.",37.763931,1873,Царская пасека,,76
Административное здание (Западное Дегунино),Административное здание,историческое здание,"Можно рассмотреть фрагмент исторической застройки без музейной торжественности. Сохраняет признаки объекта наследия. До ближайшего монумента — «Likhoborka Park», около 1.87 км.",37.526238,1871,Likhoborka Park,,76
Вятская улица 35,Усадьба,усадьба / дворец / особняк,"Особняк Г.Б. Келлера. Историческое здание в Москве, памятник архитектуры. До ближайшего монумента — «Еврейский музей», около 1.87 км.",37.581708,1866,Еврейский музей,,76
"Здание Рублёвской водопроводной станции, где перед работниками станции в 1922 году выступал М.И. Калинин (Кунцево)",Здание Рублёвской водопроводной,историческое здание,"Здание Рублёвской водопроводной станции, где перед работниками станции в 1922 году выступал М.И. До ближайшего монумента — «🦸🏼‍♂️ Pugovka», около 1.86 км.",37.347672,1864,🦸🏼‍♂️ Pugovka,,76
Столовая при продовольственном пункте станции Пресня (ч4),Столовая продовольственном пункте,историческое здание,"Столовая, памятник архитектуры в Москве. До ближайшего монумента — «Ракета Хруничева», около 1.86 км.",37.512683,1862,Ракета Хруничева,,76
Дом команды станции Пресня (второй блок),Дом команды станции,историческое здание,"Дом ж/д рабочих, памятник архитектуры в Москве. До ближайшего монумента — «Ракета Хруничева», около 1.86 км.",37.511492,1861,Ракета Хруничева,,76
Административное здание,Административное здание,историческое здание,"Можно рассмотреть фрагмент исторической застройки без музейной торжественности. Сохраняет признаки объекта наследия. До ближайшего монумента — «Памятник на холме», около 1.86 км.",37.518464,1860,Памятник на холме,,76
Столовая при продовольственном пункте станции Пресня (ч1),Столовая продовольственном пункте,историческое здание,"Столовая, памятник архитектуры в Москве. До ближайшего монумента — «Ракета Хруничева», около 1.86 км.",37.511812,1858,Ракета Хруничева,,76
Музей охоты и рыболовства (Москва),Музей охоты рыболовства,музей,"Хороший вариант для короткого визита, если интересны экспозиции и локальные коллекции. До ближайшего монумента — «Речной вокзал», около 1.85 км.",37.488611111,1852,Речной вокзал,https://ru.wikipedia.org/wiki/%D0%9C%D1%83%D0%B7%D0%B5%D0%B9_%D0%BE%D1%85%D0%BE%D1%82%D1%8B_%D0%B8_%D1%80%D1%8B%D0%B1%D0%BE%D0%BB%D0%BE%D0%B2%D1%81%D1%82%D0%B2%D0%B0_(%D0%9C%D0%BE%D1%81%D0%BA%D0%B2%D0%B0),76
Земледельческий переулок 20 c1,Земледельческий переулок 20,историческое здание,"Можно рассмотреть фрагмент исторической застройки без музейной торжественности. Есть региональный охранный статус. До ближайшего монумента — «Пётр l», около 1.85 км.",37.57947481,1850,Пётр l,,76
Водонапорная башня главного фабричного корпуса Товарищества суконной мануфактуры «Йокиш» (Головинский),Водонапорная башня главного,знаковое современное здание,"Водонапорная башня в Михалково, Москва. До ближайшего монумента — «НАМИ», около 1.85 км.",37.51525,1846,НАМИ,,76
Хлебопекарня при продовольственном пункте станции Пресня,Хлебопекарня продовольственном пункте,историческое здание,"Хлебопекарня, памятник архитектуры в Москве. До ближайшего монумента — «Ракета Хруничева», около 1.84 км.",37.51202,1844,Ракета Хруничева,,76
Биржа Московских городских боен с оградой и пилонами ворот (Таганский),Биржа Московских городских,историческое здание,"Можно рассмотреть фрагмент исторической застройки без музейной торжественности. Есть региональный охранный статус. До ближайшего монумента — «Усадьба Морозовых», около 1.84 км.",37.684097,1838,Усадьба Морозовых,,76
Административное здание (Пресненский),Административное здание,историческое здание,"Можно рассмотреть фрагмент исторической застройки без музейной торжественности. Есть охранный статус. До ближайшего монумента — «Пионер», около 1.84 км.",37.541889,1838,Пионер,,76
Земледельческий переулок 9 c2,Усадьба,усадьба / дворец / особняк,"Главный дом усадьбы А.А. До ближайшего монумента — «Пионер», около 1.84 км.",37.578108,1837,Пионер,,76
Фабрично-прядильный корпус (Савёловский),Фабрично-прядильный корпус,историческое здание,"Выделяется силуэтом или масштабом в окружающей застройке. Считается ценной частью городской среды. До ближайшего монумента — «Еврейский музей», около 1.83 км.",37.580876,1835,Еврейский музей,,76
Михалковская улица 48 c2 (часть),Михалковская улица 48,историческое здание,"Можно рассмотреть фрагмент исторической застройки без музейной торжественности. Есть региональный охранный статус. До ближайшего монумента — «НАМИ», около 1.83 км.",37.515515,1834,НАМИ,,76
"Административное здание с квартирой главного инженера, канцелярией и телефонной станцией (Алексеевский)",Административное здание квартирой,историческое здание,"Можно рассмотреть фрагмент исторической застройки без музейной торжественности. Есть региональный охранный статус. До ближайшего монумента — «Большой розарий», около 1.83 км.",37.65046867,1833,Большой розарий,,76
Парк (около 50 га) (Куркино),Парк около 50,знаковое городское место,"Место для прогулки и передышки от плотной городской застройки. Есть региональный охранный статус. До ближайшего монумента — «Японская ярмарка», около 1.83 км.",37.37799,1832,Японская ярмарка,,76
Кладовая (Можайский),Кладовая,историческое здание,"Можно рассмотреть фрагмент исторической застройки без музейной торжественности. Есть региональный охранный статус. До ближайшего монумента — «Полёт», около 1.83 км.",37.412832,1831,Полёт,,76
Кладовая (Можайский),Кладовая,историческое здание,"Можно рассмотреть фрагмент исторической застройки без музейной торжественности. Есть региональный охранный статус. До ближайшего монумента — «Полёт», около 1.83 км.",37.411249,1831,Полёт,,76
"Храм свяшенномученика Симеона, епископа Персидского (Алексеевский)",Храм свяшенномученика Симеона,исторический храм / монастырь,"Тихая архитектурная точка, заметная в исторической среде района. Есть федеральный охранный статус. До ближайшего монумента — «Большой розарий», около 1.83 км.",37.64115314,1830,Большой розарий,,76
Бородинская панорама,Музей Бородинская панорама,музей,"Исторический музей в Москве, посвящённый Отечественной войне 1812 года. До ближайшего монумента — «Пионер», около 1.83 км.",37.52297194,1828,Пионер,https://ru.wikipedia.org/wiki/%D0%91%D0%BE%D1%80%D0%BE%D0%B4%D0%B8%D0%BD%D1%81%D0%BA%D0%B0%D1%8F_%D0%BF%D0%B0%D0%BD%D0%BE%D1%80%D0%B0%D0%BC%D0%B0,76
Камера реакции (Кунцево),Камера реакции,историческое здание,"Можно рассмотреть фрагмент исторической застройки без музейной торжественности. Сохраняет признаки объекта наследия. До ближайшего монумента — «🦸🏼‍♂️ Pugovka», около 1.83 км.",37.348769,1828,🦸🏼‍♂️ Pugovka,,76
Краскотёрка с подъёмной башней (Можайский),Краскотёрка подъёмной башней,знаковое современное здание,"Можно рассмотреть фрагмент исторической застройки без музейной торжественности. Есть региональный охранный статус. До ближайшего монумента — «Полёт», около 1.83 км.",37.41047,1827,Полёт,,76
Здание НИИ «Контур,Здание НИИ Контур,историческое здание,"Можно рассмотреть фрагмент исторической застройки без музейной торжественности. Сохраняет признаки объекта наследия. До ближайшего монумента — «Памятник на холме», около 1.83 км.",37.517543,1827,Памятник на холме,,76
Здание клуба (Рязанский),Здание клуба,историческое здание,"Сохраняет память о районной культурной жизни и общественных пространствах. Считается ценной частью городской среды. До ближайшего монумента — «Московские Кольца», около 1.82 км.",37.758153,1824,Московские Кольца,,76
Кухня при продовольственном пункте станции Пресня,Кухня продовольственном пункте,историческое здание,"Кухня, памятник архитектуры в Москве. До ближайшего монумента — «Ракета Хруничева», около 1.82 км.",37.512361,1820,Ракета Хруничева,,76
"Стена с башнями, ограждающая усадьбу Покровское-Стрешнево",Усадьба,усадьба / дворец / особняк,"Ограда с парадным въездом и угловыми башенками в Москве. До ближайшего монумента — «Стадион Спартак», около 1.82 км.",37.46940424,1819,Стадион Спартак,,76
Южный сигнальный пост станции Пресня,Южный сигнальный пост,историческое здание,"Южная будка центрального управления стрелками и сигналами, памятник архитектуры в Москве. До ближайшего монумента — «Ракета Хруничева», около 1.82 км.",37.521608,1817,Ракета Хруничева,,76
Административное здание Олимпийской деревни,Административное здание Олимпийской,историческое здание,"Можно рассмотреть фрагмент исторической застройки без музейной торжественности. Сохраняет признаки объекта наследия. До ближайшего монумента — «Памятник на холме», около 1.82 км.",37.467294,1816,Памятник на холме,,76
Парк (Филимонки),Парк,знаковое городское место,"Место для прогулки и передышки от плотной городской застройки. Есть федеральный охранный статус. До ближайшего монумента — «Беседка ""Прибрежная""», около 1.81 км.",37.35448,1814,"Беседка ""Прибрежная""",,76
Музей обороны Москвы,Музей обороны Москвы,музей,"Музей в Москве. До ближайшего монумента — «Памятник на холме», около 1.81 км.",37.467222222,1810,Памятник на холме,https://ru.wikipedia.org/wiki/%D0%9C%D1%83%D0%B7%D0%B5%D0%B9_%D0%BE%D0%B1%D0%BE%D1%80%D0%BE%D0%BD%D1%8B_%D0%9C%D0%BE%D1%81%D0%BA%D0%B2%D1%8B,76
Уборная у продовольственного пункта на станции Пресня,Уборная продовольственного пункта,историческое здание,"Туалет, историческое здание в Москве, памятник архитектуры. До ближайшего монумента — «Ракета Хруничева», около 1.81 км.",37.511062,1810,Ракета Хруничева,,76
Усадьба Зюзино,Усадьба Зюзино,усадьба / дворец / особняк,"Подойдёт для спокойного знакомства с московской усадебной архитектурой. Есть выявленный охранный статус. До ближайшего монумента — «龙庙», около 1.81 км.",37.57928,1810,龙庙,,76
Столовая при продовольственном пункте станции Пресня (ч3),Столовая продовольственном пункте,историческое здание,"Столовая, памятник архитектуры в Москве. До ближайшего монумента — «Ракета Хруничева», около 1.81 км.",37.512508,1809,Ракета Хруничева,,76
Здание НИИ пожарной автоматики,Здание НИИ пожарной,историческое здание,"Можно рассмотреть фрагмент исторической застройки без музейной торжественности. Сохраняет признаки объекта наследия. До ближайшего монумента — «Большой розарий», около 1.80 км.",37.641006,1805,Большой розарий,,76
Столовая при продовольственном пункте станции Пресня (ч2),Столовая продовольственном пункте,историческое здание,"Столовая, памятник архитектуры в Москве. До ближайшего монумента — «Ракета Хруничева», около 1.80 км.",37.511699,1804,Ракета Хруничева,,76
Ленинский проспект 68,Ленинский проспект 68,историческое здание,"Дом, в котором жил советский военачальник Александр Ильич Родимцев. До ближайшего монумента — «МГУ», около 1.80 км.",37.546189,1803,МГУ,,76
Ансамбль больницы Захарьина (Куркино),Ансамбль больницы Захарьина,историческое здание,"Можно рассмотреть фрагмент исторической застройки без музейной торжественности. Есть федеральный охранный статус. До ближайшего монумента — «Японская ярмарка», около 1.80 км.",37.37983322,1803,Японская ярмарка,,76
Дом для рабочих (Куркино),Дом рабочих,историческое здание,"Можно рассмотреть фрагмент исторической застройки без музейной торжественности. Есть федеральный охранный статус. До ближайшего монумента — «Японская ярмарка», около 1.80 км.",37.37983322,1803,Японская ярмарка,,76
Производственный цех с мастерскими (Можайский),Производственный цех мастерскими,историческое здание,"Можно рассмотреть фрагмент исторической застройки без музейной торжественности. Есть региональный охранный статус. До ближайшего монумента — «Полёт», около 1.80 км.",37.411902,1802,Полёт,,76
1-й Угрешский проезд 40 c1,1-й Угрешский проезд,историческое здание,"Казарма. Историческое здание в Москве, памятник архитектуры. До ближайшего монумента — «Футболисты», около 1.80 км.",37.695141,1801,Футболисты,,76
Автозаводская улица 21,Автозаводская улица 21,спортивный объект,"Связано со спортивной жизнью города и крупными событиями района. До ближайшего монумента — «Остров мечты», около 1.78 км.",37.65169,1784,Остров мечты,https://ru.wikipedia.org/wiki/%D0%9A%D1%83%D0%BF%D0%B0%D0%BB%D1%8C%D0%BD%D1%8F-%D0%B1%D0%B0%D0%BD%D1%8F_%D0%A0%D0%BE%D0%B3%D0%BE%D0%B6%D1%81%D0%BA%D0%BE-%D0%A1%D0%B8%D0%BC%D0%BE%D0%BD%D0%BE%D0%B2%D1%81%D0%BA%D0%BE%D0%B3%D0%BE_%D1%80%D0%B0%D0%B9%D0%BE%D0%BD%D0%B0,76
Мосторг на Красной Пресне,Мосторг,историческое здание,"Интересно как часть городской инфраструктуры и повседневного движения Москвы. Есть региональный охранный статус. До ближайшего монумента — «Купание коней», около 1.78 км.",37.563944,1777,Купание коней,https://ru.wikipedia.org/wiki/%D0%97%D0%B4%D0%B0%D0%BD%D0%B8%D0%B5_%D1%83%D0%BD%D0%B8%D0%B2%D0%B5%D1%80%D0%BC%D0%B0%D0%B3%D0%B0_%D0%9C%D0%BE%D1%81%D1%82%D0%BE%D1%80%D0%B3%D0%B0_%D0%BD%D0%B0_%D0%9A%D1%80%D0%B0%D1%81%D0%BD%D0%BE%D0%B9_%D0%9F%D1%80%D0%B5%D1%81%D0%BD%D0%B5,76
Церковь Бориса и Глеба в Зюзине,Церковь Бориса Глеба,исторический храм / монастырь,"Сохранившийся православный храм на Юго-западе Москвы. До ближайшего монумента — «龙庙», около 1.76 км.",37.580266,1757,龙庙,https://ru.wikipedia.org/wiki/%D0%A5%D1%80%D0%B0%D0%BC_%D0%91%D0%BE%D1%80%D0%B8%D1%81%D0%B0_%D0%B8_%D0%93%D0%BB%D0%B5%D0%B1%D0%B0_%D0%B2_%D0%97%D1%8E%D0%B7%D0%B8%D0%BD%D0%B5,76
Храм-часовня Архангела Михаила при Кутузовской избе,Храм -часовня Архангела,исторический храм / монастырь,"Тихая архитектурная точка, заметная в исторической среде района. Есть региональный охранный статус. До ближайшего монумента — «Пионер», около 1.75 км.",37.5236806,1746,Пионер,https://ru.wikipedia.org/wiki/%D0%A5%D1%80%D0%B0%D0%BC-%D1%87%D0%B0%D1%81%D0%BE%D0%B2%D0%BD%D1%8F_%D0%90%D1%80%D1%85%D0%B0%D0%BD%D0%B3%D0%B5%D0%BB%D0%B0_%D0%9C%D0%B8%D1%85%D0%B0%D0%B8%D0%BB%D0%B0_%D0%BF%D1%80%D0%B8_%D0%9A%D1%83%D1%82%D1%83%D0%B7%D0%BE%D0%B2%D1%81%D0%BA%D0%BE%D0%B9_%D0%B8%D0%B7%D0%B1%D0%B5,76
Конно-спортивный комплекс «Битца»,Конно-спортивный комплекс Битца,спортивная арена / стадион,"Связано со спортивной жизнью города и крупными событиями района. До ближайшего монумента — «Bitsa forest», около 1.72 км.",37.58313,1722,Bitsa forest,https://ru.wikipedia.org/wiki/%D0%91%D0%B8%D1%82%D1%86%D0%B0_(%D0%BA%D0%BE%D0%BD%D0%BD%D0%BE%D1%81%D0%BF%D0%BE%D1%80%D1%82%D0%B8%D0%B2%D0%BD%D1%8B%D0%B9_%D0%BA%D0%BE%D0%BC%D0%BF%D0%BB%D0%B5%D0%BA%D1%81),76
Нескучный сад,Нескучный сад,историческое здание,"Сад в Москве. До ближайшего монумента — «Фигурный фонтан», около 1.71 км.",37.588055555,1707,Фигурный фонтан,https://ru.wikipedia.org/wiki/%D0%9D%D0%B5%D1%81%D0%BA%D1%83%D1%87%D0%BD%D1%8B%D0%B9_%D1%81%D0%B0%D0%B4,76
Храм иконы Божией Матери «Скоропослушница» на Ходынском поле,Храм иконы Скоропослушница,исторический храм / монастырь,"Тихая архитектурная точка, заметная в исторической среде района. Есть региональный охранный статус. До ближайшего монумента — «ЦСКА Арена», около 1.70 км.",37.491476,1704,ЦСКА Арена,https://ru.wikipedia.org/wiki/%D0%A5%D1%80%D0%B0%D0%BC_%D0%B8%D0%BA%D0%BE%D0%BD%D1%8B_%D0%91%D0%BE%D0%B6%D0%B8%D0%B5%D0%B9_%D0%9C%D0%B0%D1%82%D0%B5%D1%80%D0%B8_%C2%AB%D0%A1%D0%BA%D0%BE%D1%80%D0%BE%D0%BF%D0%BE%D1%81%D0%BB%D1%83%D1%88%D0%BD%D0%B8%D1%86%D0%B0%C2%BB_%D0%BD%D0%B0_%D0%A5%D0%BE%D0%B4%D1%8B%D0%BD%D1%81%D0%BA%D0%BE%D0%BC_%D0%BF%D0%BE%D0%BB%D0%B5,76
Церковь Покрова Пресвятой Богородицы (Ерино),Церковь Покрова Богородицы,исторический храм / монастырь,"Тихая архитектурная точка, заметная в исторической среде района. Есть региональный охранный статус. До ближайшего монумента — «Дерево желаний», около 1.69 км.",37.512222222,1694,Дерево желаний,https://ru.wikipedia.org/wiki/%D0%A6%D0%B5%D1%80%D0%BA%D0%BE%D0%B2%D1%8C_%D0%9F%D0%BE%D0%BA%D1%80%D0%BE%D0%B2%D0%B0_%D0%9F%D1%80%D0%B5%D1%81%D0%B2%D1%8F%D1%82%D0%BE%D0%B9_%D0%91%D0%BE%D0%B3%D0%BE%D1%80%D0%BE%D0%B4%D0%B8%D1%86%D1%8B_%D0%B2_%D0%95%D1%80%D0%B8%D0%BD%D0%B5,76
Локомотивное депо Лихоборы,Локомотивное депо Лихоборы,историческое здание,"Интересно как часть городской инфраструктуры и повседневного движения Москвы. Есть региональный охранный статус. До ближайшего монумента — «НАМИ», около 1.69 км.",37.517534,1694,НАМИ,https://ru.wikipedia.org/wiki/%D0%9B%D0%B8%D1%85%D0%BE%D0%B1%D0%BE%D1%80%D1%8B_(%D0%BB%D0%BE%D0%BA%D0%BE%D0%BC%D0%BE%D1%82%D0%B8%D0%B2%D0%BD%D0%BE%D0%B5_%D0%B4%D0%B5%D0%BF%D0%BE),76
Храм Святителя Николая на Трёх Горах,Храм Николая,исторический храм / монастырь,"Тихая архитектурная точка, заметная в исторической среде района. Есть выявленный охранный статус. До ближайшего монумента — «Cheapshot HQ», около 1.69 км.",37.566388888,1688,Cheapshot HQ,https://ru.wikipedia.org/wiki/%D0%A5%D1%80%D0%B0%D0%BC_%D0%A1%D0%B2%D1%8F%D1%82%D0%B8%D1%82%D0%B5%D0%BB%D1%8F_%D0%9D%D0%B8%D0%BA%D0%BE%D0%BB%D0%B0%D1%8F_%D0%BD%D0%B0_%D0%A2%D1%80%D1%91%D1%85_%D0%93%D0%BE%D1%80%D0%B0%D1%85,76
Здание Президиума РАН,Здание Президиума РАН,историческое здание,"Можно рассмотреть фрагмент исторической застройки без музейной торжественности. Сохраняет признаки объекта наследия. До ближайшего монумента — «Арена Лужники», около 1.68 км.",37.5778,1681,Арена Лужники,https://ru.wikipedia.org/wiki/%D0%97%D0%B4%D0%B0%D0%BD%D0%B8%D0%B5_%D0%9F%D1%80%D0%B5%D0%B7%D0%B8%D0%B4%D0%B8%D1%83%D0%BC%D0%B0_%D0%A0%D0%90%D0%9D,76
Автомобилист,Автомобилист,спортивная арена / стадион,"Стадион в Москве. До ближайшего монумента — «Путевой дворец», около 1.68 км.",37.576922,1677,Путевой дворец,"https://ru.wikipedia.org/wiki/%D0%90%D0%B2%D1%82%D0%BE%D0%BC%D0%BE%D0%B1%D0%B8%D0%BB%D0%B8%D1%81%D1%82_(%D1%81%D1%82%D0%B0%D0%B4%D0%B8%D0%BE%D0%BD,_%D0%9C%D0%BE%D1%81%D0%BA%D0%B2%D0%B0)",76
Сокол,Сокол,спортивная арена / стадион,"Связано со спортивной жизнью города и крупными событиями района. До ближайшего монумента — «Колокольня», около 1.67 км.",37.674425,1673,Колокольня,"https://ru.wikipedia.org/wiki/%D0%A1%D0%BE%D0%BA%D0%BE%D0%BB_(%D1%81%D1%82%D0%B0%D0%B4%D0%B8%D0%BE%D0%BD,_%D0%95%D0%BB%D0%B8%D0%B7%D0%B0%D0%B2%D0%B5%D1%82%D0%B8%D0%BD%D1%81%D0%BA%D0%B8%D0%B9_%D0%BF%D0%B5%D1%80%D0%B5%D1%83%D0%BB%D0%BE%D0%BA,_%D0%9C%D0%BE%D1%81%D0%BA%D0%B2%D0%B0)",76
Подъёмная улица 2,Подъёмная улица 2,историческое здание,"Можно рассмотреть фрагмент исторической застройки без музейной торжественности. Есть региональный охранный статус. До ближайшего монумента — «Московские Кольца», около 1.67 км.",37.706326,1670,Московские Кольца,https://ru.wikipedia.org/wiki/%D0%A1%D1%82%D0%B0%D1%80%D0%BE%D0%BE%D0%B1%D1%80%D1%8F%D0%B4%D1%87%D0%B5%D1%81%D0%BA%D0%B8%D0%B9_%D0%B1%D0%BE%D0%B3%D0%BE%D1%81%D0%BB%D0%BE%D0%B2%D1%81%D0%BA%D0%B8%D0%B9_%D0%B8%D0%BD%D1%81%D1%82%D0%B8%D1%82%D1%83%D1%82,76
Курчатовский центр культуры,Усадьба,усадьба / дворец / особняк,"Подойдёт для спокойного знакомства с московской усадебной архитектурой. Есть региональный охранный статус. До ближайшего монумента — «Pier», около 1.66 км.",37.46413889,1660,Pier,https://ru.wikipedia.org/wiki/%D0%9A%D1%83%D1%80%D1%87%D0%B0%D1%82%D0%BE%D0%B2%D1%81%D0%BA%D0%B8%D0%B9_%D1%86%D0%B5%D0%BD%D1%82%D1%80_%D0%BA%D1%83%D0%BB%D1%8C%D1%82%D1%83%D1%80%D1%8B,76
Здание ВЦСПС,Здание ВЦСПС,историческое здание,"Здание на Ленинском проспекте 42 в Москве. До ближайшего монумента — «Арена Лужники», около 1.66 км.",37.567439,1659,Арена Лужники,https://ru.wikipedia.org/wiki/%D0%97%D0%B4%D0%B0%D0%BD%D0%B8%D0%B5_%D0%92%D0%A6%D0%A1%D0%9F%D0%A1,76
Храм Воздвижения Креста Господня на Чистом Вражке,Храм Воздвижения Креста,исторический храм / монастырь,"Тихая архитектурная точка, заметная в исторической среде района. Есть региональный охранный статус. До ближайшего монумента — «Way to ducks!», около 1.65 км.",37.574341666,1648,Way to ducks!,https://ru.wikipedia.org/wiki/%D0%A5%D1%80%D0%B0%D0%BC_%D0%92%D0%BE%D0%B7%D0%B4%D0%B2%D0%B8%D0%B6%D0%B5%D0%BD%D0%B8%D1%8F_%D0%9A%D1%80%D0%B5%D1%81%D1%82%D0%B0_%D0%93%D0%BE%D1%81%D0%BF%D0%BE%D0%B4%D0%BD%D1%8F_%D0%BD%D0%B0_%D0%A7%D0%B8%D1%81%D1%82%D0%BE%D0%BC_%D0%92%D1%80%D0%B0%D0%B6%D0%BA%D0%B5,76
Кожухово,Кожухово,вокзал / транспортный объект,"Станция в Москве, Россия. До ближайшего монумента — «Остров мечты», около 1.65 км.",37.651666666,1646,Остров мечты,https://ru.wikipedia.org/wiki/%D0%9A%D0%BE%D0%B6%D1%83%D1%85%D0%BE%D0%B2%D0%BE_(%D1%81%D1%82%D0%B0%D0%BD%D1%86%D0%B8%D1%8F),76
Рижский вокзал,Рижский вокзал,вокзал / транспортный объект,"Вокзал в Москве. До ближайшего монумента — «Еврейский музей», около 1.64 км.",37.6325,1643,Еврейский музей,https://ru.wikipedia.org/wiki/%D0%A0%D0%B8%D0%B6%D1%81%D0%BA%D0%B8%D0%B9_%D0%B2%D0%BE%D0%BA%D0%B7%D0%B0%D0%BB,76
Церковь Адриана и Наталии в Бабушкине,Церковь Адриана Наталии,исторический храм / монастырь,"Тихая архитектурная точка, заметная в исторической среде района. Есть региональный охранный статус. До ближайшего монумента — «Пограничный столб», около 1.63 км.",37.699521,1633,Пограничный столб,https://ru.wikipedia.org/wiki/%D0%A5%D1%80%D0%B0%D0%BC_%D0%9C%D1%83%D1%87%D0%B5%D0%BD%D0%B8%D0%BA%D0%BE%D0%B2_%D0%90%D0%B4%D1%80%D0%B8%D0%B0%D0%BD%D0%B0_%D0%B8_%D0%9D%D0%B0%D1%82%D0%B0%D0%BB%D0%B8%D0%B8_%D0%B2_%D0%91%D0%B0%D0%B1%D1%83%D1%88%D0%BA%D0%B8%D0%BD%D0%B5,76
Садовый павильон с садом городской усадьбы Лопатиных,Усадьба,усадьба / дворец / особняк,"Подойдёт для спокойного знакомства с московской усадебной архитектурой. Есть региональный охранный статус. До ближайшего монумента — «Пётр l», около 1.62 км.",37.586944444,1623,Пётр l,https://ru.wikipedia.org/wiki/%D0%A1%D0%B0%D0%B4%D0%BE%D0%B2%D1%8B%D0%B9_%D0%BF%D0%B0%D0%B2%D0%B8%D0%BB%D1%8C%D0%BE%D0%BD_%D1%81_%D1%81%D0%B0%D0%B4%D0%BE%D0%BC_%D0%B3%D0%BE%D1%80%D0%BE%D0%B4%D1%81%D0%BA%D0%BE%D0%B9_%D1%83%D1%81%D0%B0%D0%B4%D1%8C%D0%B1%D1%8B_%D0%9B%D0%BE%D0%BF%D0%B0%D1%82%D0%B8%D0%BD%D1%8B%D1%85,76
Храм Димитрия Ростовского в Очакове,Храм Димитрия Ростовского,исторический храм / монастырь,"Тихая архитектурная точка, заметная в исторической среде района. Есть региональный охранный статус. До ближайшего монумента — «Очаково», около 1.62 км.",37.44279614,1622,Очаково,https://ru.wikipedia.org/wiki/%D0%A5%D1%80%D0%B0%D0%BC_%D0%94%D0%B8%D0%BC%D0%B8%D1%82%D1%80%D0%B8%D1%8F_%D0%A0%D0%BE%D1%81%D1%82%D0%BE%D0%B2%D1%81%D0%BA%D0%BE%D0%B3%D0%BE_%D0%B2_%D0%9E%D1%87%D0%B0%D0%BA%D0%BE%D0%B2%D0%B5,76
Триумфальные ворота,Триумфальные ворота,историческое здание,"Можно рассмотреть фрагмент исторической застройки без музейной торжественности. Есть региональный охранный статус. До ближайшего монумента — «Круглый дом», около 1.62 км.",37.519916666,1619,Круглый дом,https://ru.wikipedia.org/wiki/%D0%A2%D1%80%D0%B8%D1%83%D0%BC%D1%84%D0%B0%D0%BB%D1%8C%D0%BD%D1%8B%D0%B5_%D0%B2%D0%BE%D1%80%D0%BE%D1%82%D0%B0_(%D0%9C%D0%BE%D1%81%D0%BA%D0%B2%D0%B0),76
Храм иконы Божией Матери «Нечаянная радость» в Марьиной роще,Храм Нечаянная радость,исторический храм / монастырь,"Тихая архитектурная точка, заметная в исторической среде района. Есть региональный охранный статус. До ближайшего монумента — «Останкинская башня», около 1.61 км.",37.615,1615,Останкинская башня,https://ru.wikipedia.org/wiki/%D0%A5%D1%80%D0%B0%D0%BC_%D0%B8%D0%BA%D0%BE%D0%BD%D1%8B_%D0%91%D0%BE%D0%B6%D0%B8%D0%B5%D0%B9_%D0%9C%D0%B0%D1%82%D0%B5%D1%80%D0%B8_%C2%AB%D0%9D%D0%B5%D1%87%D0%B0%D1%8F%D0%BD%D0%BD%D0%B0%D1%8F_%D1%80%D0%B0%D0%B4%D0%BE%D1%81%D1%82%D1%8C%C2%BB_%D0%B2_%D0%9C%D0%B0%D1%80%D1%8C%D0%B8%D0%BD%D0%BE%D0%B9_%D0%A0%D0%BE%D1%89%D0%B5,76
Храм Николы Чудотворца у Тверской заставы,Храм Николы Чудотворца,исторический храм / монастырь,"Тихая архитектурная точка, заметная в исторической среде района. Есть федеральный охранный статус. До ближайшего монумента — «Всем влюбленным», около 1.61 км.",37.585597,1615,Всем влюбленным,https://ru.wikipedia.org/wiki/%D0%A5%D1%80%D0%B0%D0%BC_%D0%9D%D0%B8%D0%BA%D0%BE%D0%BB%D1%8B_%D0%A7%D1%83%D0%B4%D0%BE%D1%82%D0%B2%D0%BE%D1%80%D1%86%D0%B0_%D1%83_%D0%A2%D0%B2%D0%B5%D1%80%D1%81%D0%BA%D0%BE%D0%B9_%D0%B7%D0%B0%D1%81%D1%82%D0%B0%D0%B2%D1%8B,76
Церковь Николая Чудотворца на Щепах,Церковь Николая Чудотворца,исторический храм / монастырь,"Тихая архитектурная точка, заметная в исторической среде района. Есть федеральный охранный статус. До ближайшего монумента — «Cheapshot HQ», около 1.61 км.",37.580419444,1610,Cheapshot HQ,https://ru.wikipedia.org/wiki/%D0%A5%D1%80%D0%B0%D0%BC_%D0%A1%D0%B2%D1%8F%D1%82%D0%B8%D1%82%D0%B5%D0%BB%D1%8F_%D0%9D%D0%B8%D0%BA%D0%BE%D0%BB%D0%B0%D1%8F_%D0%BD%D0%B0_%D0%A9%D0%B5%D0%BF%D0%B0%D1%85,76
Храм иконы Божией Матери «Знамение» в Переяславской слободе,Храм иконы Знамение,исторический храм / монастырь,"Сохранившийся православный храм в Мещанском районе Москвы. До ближайшего монумента — «Аптекарский огород», около 1.61 км.",37.64,1608,Аптекарский огород,https://ru.wikipedia.org/wiki/%D0%A5%D1%80%D0%B0%D0%BC_%D0%B8%D0%BA%D0%BE%D0%BD%D1%8B_%D0%91%D0%BE%D0%B6%D0%B8%D0%B5%D0%B9_%D0%9C%D0%B0%D1%82%D0%B5%D1%80%D0%B8_%C2%AB%D0%97%D0%BD%D0%B0%D0%BC%D0%B5%D0%BD%D0%B8%D0%B5%C2%BB_%D0%B2_%D0%9F%D0%B5%D1%80%D0%B5%D1%8F%D1%81%D0%BB%D0%B0%D0%B2%D1%81%D0%BA%D0%BE%D0%B9_%D1%81%D0%BB%D0%BE%D0%B1%D0%BE%D0%B4%D0%B5,76
Гончаровский парк (Москва),Гончаровский парк,знаковое городское место,"Парк в северной части Москвы. До ближайшего монумента — «Останкинская башня», около 1.61 км.",37.588566,1606,Останкинская башня,https://ru.wikipedia.org/wiki/%D0%93%D0%BE%D0%BD%D1%87%D0%B0%D1%80%D0%BE%D0%B2%D1%81%D0%BA%D0%B8%D0%B9_%D0%BF%D0%B0%D1%80%D0%BA,76
Центральная клиническая больница Московского патриархата,Клиническая больница Московского,историческое здание,"Можно рассмотреть фрагмент исторической застройки без музейной торжественности. Есть федеральный охранный статус. До ближайшего монумента — «Фигурный фонтан», около 1.61 км.",37.59390175,1606,Фигурный фонтан,https://ru.wikipedia.org/wiki/%D0%91%D0%BE%D0%BB%D1%8C%D0%BD%D0%B8%D1%86%D0%B0_%D1%81%D0%B2%D1%8F%D1%82%D0%B8%D1%82%D0%B5%D0%BB%D1%8F_%D0%90%D0%BB%D0%B5%D0%BA%D1%81%D0%B8%D1%8F,76
Дом на Ростовской набережной,Дом,историческое здание,"Место для прогулки и передышки от плотной городской застройки. Есть региональный охранный статус. До ближайшего монумента — «Пионер», около 1.60 км.",37.57499222,1598,Пионер,https://ru.wikipedia.org/wiki/%D0%94%D0%BE%D0%BC_%D0%B0%D1%80%D1%85%D0%B8%D1%82%D0%B5%D0%BA%D1%82%D0%BE%D1%80%D0%BE%D0%B2_(%D0%9C%D0%BE%D1%81%D0%BA%D0%B2%D0%B0),76
Андреевский железнодорожный мост,Андреевский железнодорожный мост,историческое здание,"Мост Малого кольца МЖД через Москву-реку в Москве. До ближайшего монумента — «Арена Лужники», около 1.59 км.",37.5775,1587,Арена Лужники,https://ru.wikipedia.org/wiki/%D0%90%D0%BD%D0%B4%D1%80%D0%B5%D0%B5%D0%B2%D1%81%D0%BA%D0%B8%D0%B9_%D0%B6%D0%B5%D0%BB%D0%B5%D0%B7%D0%BD%D0%BE%D0%B4%D0%BE%D1%80%D0%BE%D0%B6%D0%BD%D1%8B%D0%B9_%D0%BC%D0%BE%D1%81%D1%82,76
Ростокино,Ростокино,вокзал / транспортный объект,"Грузовая станция в Москве на линии МЦК. До ближайшего монумента — «Ростокинский акведук», около 1.58 км.",37.6562217,1583,Ростокинский акведук,https://ru.wikipedia.org/wiki/%D0%A0%D0%BE%D1%81%D1%82%D0%BE%D0%BA%D0%B8%D0%BD%D0%BE_(%D1%81%D1%82%D0%B0%D0%BD%D1%86%D0%B8%D1%8F),76
Сквер Девичьего поля,Сквер Девичьего поля,историческое здание,"Место для прогулки и передышки от плотной городской застройки. Есть региональный охранный статус. До ближайшего монумента — «Way to ducks!», около 1.58 км.",37.57694444,1578,Way to ducks!,https://ru.wikipedia.org/wiki/%D0%A1%D0%BA%D0%B2%D0%B5%D1%80_%D0%94%D0%B5%D0%B2%D0%B8%D1%87%D1%8C%D0%B5%D0%B3%D0%BE_%D0%BF%D0%BE%D0%BB%D1%8F,76
Бахрушинский приют,Бахрушинский приют,историческое здание,"Можно рассмотреть фрагмент исторической застройки без музейной торжественности. Есть региональный охранный статус. До ближайшего монумента — «Большой розарий», около 1.58 км.",37.65433142,1576,Большой розарий,https://ru.wikipedia.org/wiki/%D0%91%D0%B0%D1%85%D1%80%D1%83%D1%88%D0%B8%D0%BD%D1%81%D0%BA%D0%B8%D0%B9_%D0%BF%D1%80%D0%B8%D1%8E%D1%82,76
Храм Спаса Нерукотворного Образа на Сетуни,Храм Спаса,исторический храм / монастырь,"Тихая архитектурная точка, заметная в исторической среде района. Есть региональный охранный статус. До ближайшего монумента — «Дача Д. Филиппова», около 1.58 км.",37.419386,1576,Дача Д. Филиппова,https://ru.wikipedia.org/wiki/%D0%A5%D1%80%D0%B0%D0%BC_%D0%A1%D0%BF%D0%B0%D1%81%D0%B0_%D0%9D%D0%B5%D1%80%D1%83%D0%BA%D0%BE%D1%82%D0%B2%D0%BE%D1%80%D0%BD%D0%BE%D0%B3%D0%BE_%D0%9E%D0%B1%D1%80%D0%B0%D0%B7%D0%B0_%D0%BD%D0%B0_%D0%A1%D0%B5%D1%82%D1%83%D0%BD%D0%B8,76
Волоколамское шоссе 47 c2,Волоколамское шоссе 47,историческое здание,"Можно рассмотреть фрагмент исторической застройки без музейной торжественности. Есть региональный охранный статус. До ближайшего монумента — «Стадион Спартак», около 1.57 км.",37.464765,1575,Стадион Спартак,https://ru.wikipedia.org/wiki/%D0%94%D0%B0%D1%87%D0%B0_%D0%9A._%D0%A4._%D0%97%D0%B5%D0%B3%D0%B5%D1%80%D0%B0,76
Спартаковец,Спартаковец,спортивная арена / стадион,"Футбольный стадион в Москве. До ближайшего монумента — «Красный богатырь», около 1.57 км.",37.7131,1570,Красный богатырь,https://ru.wikipedia.org/wiki/%D0%A1%D0%BF%D0%B0%D1%80%D1%82%D0%B0%D0%BA%D0%BE%D0%B2%D0%B5%D1%86_(%D1%81%D1%82%D0%B0%D0%B4%D0%B8%D0%BE%D0%BD),76
Московская государственная академия хореографии,Театр академия хореографии,театр,"Старейший театральный вуз России. До ближайшего монумента — «Фигурный фонтан», около 1.57 км.",37.58067,1570,Фигурный фонтан,https://ru.wikipedia.org/wiki/%D0%9C%D0%BE%D1%81%D0%BA%D0%BE%D0%B2%D1%81%D0%BA%D0%B0%D1%8F_%D0%B0%D0%BA%D0%B0%D0%B4%D0%B5%D0%BC%D0%B8%D1%8F_%D1%85%D0%BE%D1%80%D0%B5%D0%BE%D0%B3%D1%80%D0%B0%D1%84%D0%B8%D0%B8,76
Особняк Маргариты Морозовой,Особняк Маргариты Морозовой,усадьба / дворец / особняк,"Подойдёт для спокойного знакомства с московской усадебной архитектурой. Есть федеральный охранный статус. До ближайшего монумента — «Пётр l», около 1.56 км.",37.584851,1565,Пётр l,https://ru.wikipedia.org/wiki/%D0%9E%D1%81%D0%BE%D0%B1%D0%BD%D1%8F%D0%BA_%D0%9C%D0%B0%D1%80%D0%B3%D0%B0%D1%80%D0%B8%D1%82%D1%8B_%D0%9C%D0%BE%D1%80%D0%BE%D0%B7%D0%BE%D0%B2%D0%BE%D0%B9,76
Храм Рождества Иоанна Предтечи в Сокольниках,Храм Рождества Иоанна,исторический храм / монастырь,"Тихая архитектурная точка, заметная в исторической среде района. Есть федеральный охранный статус. До ближайшего монумента — «Большой розарий», около 1.56 км.",37.694444444,1562,Большой розарий,https://ru.wikipedia.org/wiki/%D0%A5%D1%80%D0%B0%D0%BC_%D0%A0%D0%BE%D0%B6%D0%B4%D0%B5%D1%81%D1%82%D0%B2%D0%B0_%D0%98%D0%BE%D0%B0%D0%BD%D0%BD%D0%B0_%D0%9F%D1%80%D0%B5%D0%B4%D1%82%D0%B5%D1%87%D0%B8_%D0%B2_%D0%A1%D0%BE%D0%BA%D0%BE%D0%BB%D1%8C%D0%BD%D0%B8%D0%BA%D0%B0%D1%85,76
Никольская церковь в Ржавках,Церковь в Ржавках,исторический храм / монастырь,"Тихая архитектурная точка, заметная в исторической среде района. Есть региональный охранный статус. До ближайшего монумента — «КЦ Зеленоград», около 1.56 км.",37.243611111,1561,КЦ Зеленоград,https://ru.wikipedia.org/wiki/%D0%9D%D0%B8%D0%BA%D0%BE%D0%BB%D1%8C%D1%81%D0%BA%D0%B0%D1%8F_%D1%86%D0%B5%D1%80%D0%BA%D0%BE%D0%B2%D1%8C_(%D0%97%D0%B5%D0%BB%D0%B5%D0%BD%D0%BE%D0%B3%D1%80%D0%B0%D0%B4),76
Церковь Сорока Мучеников Севастийских у Новоспасского монастыря,Церковь Сорока Мучеников,исторический храм / монастырь,"Тихая архитектурная точка, заметная в исторической среде района. Есть федеральный охранный статус. До ближайшего монумента — «Усадьба Морозовых», около 1.55 км.",37.658611111,1549,Усадьба Морозовых,https://ru.wikipedia.org/wiki/%D0%A6%D0%B5%D1%80%D0%BA%D0%BE%D0%B2%D1%8C_%D0%A1%D0%BE%D1%80%D0%BE%D0%BA%D0%B0_%D0%BC%D1%83%D1%87%D0%B5%D0%BD%D0%B8%D0%BA%D0%BE%D0%B2_%D0%A1%D0%B5%D0%B2%D0%B0%D1%81%D1%82%D0%B8%D0%B9%D1%81%D0%BA%D0%B8%D1%85_%D1%83_%D0%9D%D0%BE%D0%B2%D0%BE%D1%81%D0%BF%D0%B0%D1%81%D1%81%D0%BA%D0%BE%D0%B3%D0%BE_%D0%BC%D0%BE%D0%BD%D0%B0%D1%81%D1%82%D1%8B%D1%80%D1%8F,76
Дом Толстого — Борисовских,Дом Толстого,историческое здание,"Можно рассмотреть фрагмент исторической застройки без музейной торжественности. Есть федеральный охранный статус. До ближайшего монумента — «Доходный дом Перлова», около 1.54 км.",37.6589227,1541,Доходный дом Перлова,https://ru.wikipedia.org/wiki/%D0%94%D0%BE%D0%BC_%D0%A2%D0%BE%D0%BB%D1%81%D1%82%D0%BE%D0%B3%D0%BE_%E2%80%94_%D0%91%D0%BE%D1%80%D0%B8%D1%81%D0%BE%D0%B2%D1%81%D0%BA%D0%B8%D1%85,76
Тверской путепровод,Тверской путепровод,историческое здание,"Можно рассмотреть фрагмент исторической застройки без музейной торжественности. Считается ценной частью городской среды. До ближайшего монумента — «Купание коней», около 1.53 км.",37.58223,1535,Купание коней,https://ru.wikipedia.org/wiki/%D0%A2%D0%B2%D0%B5%D1%80%D1%81%D0%BA%D0%BE%D0%B9_%D0%BF%D1%83%D1%82%D0%B5%D0%BF%D1%80%D0%BE%D0%B2%D0%BE%D0%B4,76
Дом Жолтовского на Смоленской площади,Дом Жолтовского,историческое здание,"Можно рассмотреть фрагмент исторической застройки без музейной торжественности. Есть региональный охранный статус. До ближайшего монумента — «Cheapshot HQ», около 1.53 км.",37.58212484,1534,Cheapshot HQ,https://ru.wikipedia.org/wiki/%D0%94%D0%BE%D0%BC_%D1%80%D0%B0%D0%B1%D0%BE%D1%82%D0%BD%D0%B8%D0%BA%D0%BE%D0%B2_%D0%9D%D0%9A%D0%92%D0%94_%D0%BD%D0%B0_%D0%A1%D0%BC%D0%BE%D0%BB%D0%B5%D0%BD%D1%81%D0%BA%D0%BE%D0%B9_%D0%BF%D0%BB%D0%BE%D1%89%D0%B0%D0%B4%D0%B8,76
Храм Покрова Пресвятой Бог��родицы на Городне,Храм Покрова Бог,исторический храм / монастырь,"Тихая архитектурная точка, заметная в исторической среде района. Есть федеральный охранный статус. До ближайшего монумента — «Символ Севастополя», около 1.53 км.",37.627777777,1532,Символ Севастополя,https://ru.wikipedia.org/wiki/%D0%A5%D1%80%D0%B0%D0%BC_%D0%9F%D0%BE%D0%BA%D1%80%D0%BE%D0%B2%D0%B0_%D0%9F%D1%80%D0%B5%D1%81%D0%B2%D1%8F%D1%82%D0%BE%D0%B9_%D0%91%D0%BE%D0%B3%D0%BE%D1%80%D0%BE%D0%B4%D0%B8%D1%86%D1%8B_%D0%BD%D0%B0_%D0%93%D0%BE%D1%80%D0%BE%D0%B4%D0%BD%D0%B5,76
Дача Левинсона,Дача Левинсона,историческое здание,"Можно рассмотреть фрагмент исторической застройки без музейной торжественности. Есть федеральный охранный статус. До ближайшего монумента — «House of Poems», около 1.52 км.",37.352777777,1525,House of Poems,https://ru.wikipedia.org/wiki/%D0%94%D0%B0%D1%87%D0%B0_%D0%9B%D0%B5%D0%B2%D0%B5%D0%BD%D1%81%D0%BE%D0%BD%D0%B0,76
"Дружбы народов (стадион, Москва)",Дружбы народов,спортивная арена / стадион,"Связано со спортивной жизнью города и крупными событиями района. До ближайшего монумента — «Way to ducks!», около 1.52 км.",37.57583,1519,Way to ducks!,https://ru.wikipedia.org/wiki/%D0%A1%D1%82%D0%B0%D0%B4%D0%B8%D0%BE%D0%BD_%D0%A0%D0%A3%D0%94%D0%9D,76
"Наука (стадион, Москва)",Наука,спортивная арена / стадион,"Связано со спортивной жизнью города и крупными событиями района. До ближайшего монумента — «НАМИ», около 1.52 км.",37.53639,1519,НАМИ,"https://ru.wikipedia.org/wiki/%D0%9D%D0%B0%D1%83%D0%BA%D0%B0_(%D1%81%D1%82%D0%B0%D0%B4%D0%B8%D0%BE%D0%BD,_%D0%9C%D0%BE%D1%81%D0%BA%D0%B2%D0%B0)",76
"Буревестник (стадион, Москва)",Буревестник,спортивная арена / стадион,"Связано со спортивной жизнью города и крупными событиями района. До ближайшего монумента — «Way to ducks!», около 1.52 км.",37.57583,1519,Way to ducks!,"https://ru.wikipedia.org/wiki/%D0%91%D1%83%D1%80%D0%B5%D0%B2%D0%B5%D1%81%D1%82%D0%BD%D0%B8%D0%BA_(%D1%81%D1%82%D0%B0%D0%B4%D0%B8%D0%BE%D0%BD,_%D0%9C%D0%BE%D1%81%D0%BA%D0%B2%D0%B0,_%D0%9F%D0%BB%D1%8E%D1%89%D0%B8%D1%85%D0%B0)",76
Церковь Успения Пресвятой Богородицы в Вешняках,Церковь Успения Богородицы,исторический храм / монастырь,"Тихая архитектурная точка, заметная в исторической среде района. Есть федеральный охранный статус. До ближайшего монумента — «Усадьба Кусково», около 1.52 км.",37.798333333,1518,Усадьба Кусково,https://ru.wikipedia.org/wiki/%D0%A6%D0%B5%D1%80%D0%BA%D0%BE%D0%B2%D1%8C_%D0%A3%D1%81%D0%BF%D0%B5%D0%BD%D0%B8%D1%8F_%D0%9F%D1%80%D0%B5%D1%81%D0%B2%D1%8F%D1%82%D0%BE%D0%B9_%D0%91%D0%BE%D0%B3%D0%BE%D1%80%D0%BE%D0%B4%D0%B8%D1%86%D1%8B_%D0%B2_%D0%92%D0%B5%D1%88%D0%BD%D1%8F%D0%BA%D0%B0%D1%85,76
Храм Иерусалимской иконы Божией Матери за Покровской заставой,Храм Иерусалимской Покровской,исторический храм / монастырь,"Тихая архитектурная точка, заметная в исторической среде района. Есть выявленный охранный статус. До ближайшего монумента — «Усадьба Морозовых», около 1.52 км.",37.677778,1517,Усадьба Морозовых,https://ru.wikipedia.org/wiki/%D0%A5%D1%80%D0%B0%D0%BC_%D0%98%D0%B5%D1%80%D1%83%D1%81%D0%B0%D0%BB%D0%B8%D0%BC%D1%81%D0%BA%D0%BE%D0%B9_%D0%B8%D0%BA%D0%BE%D0%BD%D1%8B_%D0%91%D0%BE%D0%B6%D0%B8%D0%B5%D0%B9_%D0%9C%D0%B0%D1%82%D0%B5%D1%80%D0%B8_%D0%B7%D0%B0_%D0%9F%D0%BE%D0%BA%D1%80%D0%BE%D0%B2%D1%81%D0%BA%D0%BE%D0%B9_%D0%B7%D0%B0%D1%81%D1%82%D0%B0%D0%B2%D0%BE%D0%B9,76
Городская усадьба А. Е. Александрова,Усадьба Александрова,усадьба / дворец / особняк,"Памятник архитектуры в Москве. До ближайшего монумента — «Колокольня», около 1.51 км.",37.6647429,1512,Колокольня,https://ru.wikipedia.org/wiki/%D0%93%D0%BE%D1%80%D0%BE%D0%B4%D1%81%D0%BA%D0%B0%D1%8F_%D1%83%D1%81%D0%B0%D0%B4%D1%8C%D0%B1%D0%B0_%D0%90._%D0%95._%D0%90%D0%BB%D0%B5%D0%BA%D1%81%D0%B0%D0%BD%D0%B4%D1%80%D0%BE%D0%B2%D0%B0,76
Храм Преображения Господня в Тушине,Храм Преображения Господня,исторический храм / монастырь,"Тихая архитектурная точка, заметная в исторической среде района. Есть региональный охранный статус. До ближайшего монумента — «Сходненский ковш», около 1.51 км.",37.40222,1508,Сходненский ковш,https://ru.wikipedia.org/wiki/%D0%A5%D1%80%D0%B0%D0%BC_%D0%9F%D1%80%D0%B5%D0%BE%D0%B1%D1%80%D0%B0%D0%B6%D0%B5%D0%BD%D0%B8%D1%8F_%D0%93%D0%BE%D1%81%D0%BF%D0%BE%D0%B4%D0%BD%D1%8F_%D0%B2_%D0%A2%D1%83%D1%88%D0%B8%D0%BD%D0%B5,76
Универмаг «Москва»,Универмаг Москва,историческое здание,"Универмаг в Москве на Ленинском проспекте. До ближайшего монумента — «Первая Хрущёвка», около 1.50 км.",37.560368,1501,Первая Хрущёвка,https://ru.wikipedia.org/wiki/%D0%9C%D0%BE%D1%81%D0%BA%D0%B2%D0%B0_(%D1%83%D0%BD%D0%B8%D0%B2%D0%B5%D1%80%D0%BC%D0%B0%D0%B3),76
Храм Сергия Радонежского в Бусинове,Храм Сергия Радонежского,исторический храм / монастырь,"Тихая архитектурная точка, заметная в исторической среде района. Есть региональный охранный статус. До ближайшего монумента — «Love Forever», около 1.49 км.",37.49885,1491,Love Forever,https://ru.wikipedia.org/wiki/%D0%A5%D1%80%D0%B0%D0%BC_%D0%A1%D0%B5%D1%80%D0%B3%D0%B8%D1%8F_%D0%A0%D0%B0%D0%B4%D0%BE%D0%BD%D0%B5%D0%B6%D1%81%D0%BA%D0%BE%D0%B3%D0%BE_%D0%B2_%D0%91%D1%83%D1%81%D0%B8%D0%BD%D0%BE%D0%B2%D0%B5,76
Дом городских начальных училищ,Дом городских начальных,историческое здание,"Заметный след старой образовательной городской среды. Есть региональный охранный статус. До ближайшего монумента — «Фигурный фонтан», около 1.49 км.",37.579722222,1490,Фигурный фонтан,https://ru.wikipedia.org/wiki/%D0%94%D0%BE%D0%BC_%D0%B3%D0%BE%D1%80%D0%BE%D0%B4%D1%81%D0%BA%D0%B8%D1%85_%D0%BD%D0%B0%D1%87%D0%B0%D0%BB%D1%8C%D0%BD%D1%8B%D1%85_%D1%83%D1%87%D0%B8%D0%BB%D0%B8%D1%89,76
Дом Демидова в Гороховском переулке,Дом Демидова,историческое здание,"Можно рассмотреть фрагмент исторической застройки без музейной торжественности. Есть федеральный охранный статус. До ближайшего монумента — «Колокольня», около 1.49 км.",37.663133333,1488,Колокольня,https://ru.wikipedia.org/wiki/%D0%94%D0%BE%D0%BC_%D0%94%D0%B5%D0%BC%D0%B8%D0%B4%D0%BE%D0%B2%D0%B0_%D0%B2_%D0%93%D0%BE%D1%80%D0%BE%D1%85%D0%BE%D0%B2%D1%81%D0%BA%D0%BE%D0%BC_%D0%BF%D0%B5%D1%80%D0%B5%D1%83%D0%BB%D0%BA%D0%B5,76
Усачевско-Чернявское училище,Усачевско-Чернявское училище,историческое здание,"Заметный след старой образовательной городской среды. Есть выявленный охранный статус. До ближайшего монумента — «Фигурный фонтан», около 1.49 км.",37.582188,1485,Фигурный фонтан,https://ru.wikipedia.org/wiki/%D0%A3%D1%81%D0%B0%D1%87%D0%B5%D0%B2%D1%81%D0%BA%D0%BE-%D0%A7%D0%B5%D1%80%D0%BD%D1%8F%D0%B2%D1%81%D0%BA%D0%BE%D0%B5_%D1%83%D1%87%D0%B8%D0%BB%D0%B8%D1%89%D0%B5,76
Собор Непорочного Зачатия Пресвятой Девы Марии,Собор Непорочного Зачатия,исторический храм / монастырь,"Римско-католический кафедральный собор в Москве. До ближайшего монумента — «Cheapshot HQ», около 1.48 км.",37.571111111,1482,Cheapshot HQ,https://ru.wikipedia.org/wiki/%D0%A1%D0%BE%D0%B1%D0%BE%D1%80_%D0%9D%D0%B5%D0%BF%D0%BE%D1%80%D0%BE%D1%87%D0%BD%D0%BE%D0%B3%D0%BE_%D0%B7%D0%B0%D1%87%D0%B0%D1%82%D0%B8%D1%8F_%D0%9F%D1%80%D0%B5%D1%81%D0%B2%D1%8F%D1%82%D0%BE%D0%B9_%D0%94%D0%B5%D0%B2%D1%8B_%D0%9C%D0%B0%D1%80%D0%B8%D0%B8_(%D0%9C%D0%BE%D1%81%D0%BA%D0%B2%D0%B0),76
Дом культуры имени Зуева,Дом культуры,историческое здание,"Сохраняет память о районной культурной жизни и общественных пространствах. Есть региональный охранный статус. До ближайшего монумента — «Всем влюбленным», около 1.48 км.",37.59,1480,Всем влюбленным,https://ru.wikipedia.org/wiki/%D0%94%D0%BE%D0%BC_%D0%BA%D1%83%D0%BB%D1%8C%D1%82%D1%83%D1%80%D1%8B_%D0%B8%D0%BC%D0%B5%D0%BD%D0%B8_%D0%97%D1%83%D0%B5%D0%B2%D0%B0,76
Храм Никиты Мученика на Старой Басманной,Храм Никиты Мученика,исторический храм / монастырь,"Тихая архитектурная точка, заметная в исторической среде района. Есть федеральный охранный статус. До ближайшего монумента — «Колокольня», около 1.47 км.",37.661822,1474,Колокольня,https://ru.wikipedia.org/wiki/%D0%A5%D1%80%D0%B0%D0%BC_%D0%9D%D0%B8%D0%BA%D0%B8%D1%82%D1%8B_%D0%9C%D1%83%D1%87%D0%B5%D0%BD%D0%B8%D0%BA%D0%B0_%D0%BD%D0%B0_%D0%A1%D1%82%D0%B0%D1%80%D0%BE%D0%B9_%D0%91%D0%B0%D1%81%D0%BC%D0%B0%D0%BD%D0%BD%D0%BE%D0%B9,76
Сиреневый сад на Щёлковском шоссе,Сиреневый сад,знаковое городское место,"Место для прогулки и передышки от плотной городской застройки. Есть региональный охранный статус. До ближайшего монумента — «Передние ворота», около 1.47 км.",37.766349,1469,Передние ворота,https://ru.wikipedia.org/wiki/%D0%A1%D0%B8%D1%80%D0%B5%D0%BD%D0%B5%D0%B2%D1%8B%D0%B9_%D1%81%D0%B0%D0%B4,76
Храм Воздвижения Креста Господня в Алтуфьеве,Храм Воздвижения Креста,исторический храм / монастырь,"Тихая архитектурная точка, заметная в исторической среде района. Есть федеральный охранный статус. До ближайшего монумента — «Первое свидание», около 1.47 км.",37.586288888,1469,Первое свидание,https://ru.wikipedia.org/wiki/%D0%A5%D1%80%D0%B0%D0%BC_%D0%92%D0%BE%D0%B7%D0%B4%D0%B2%D0%B8%D0%B6%D0%B5%D0%BD%D0%B8%D1%8F_%D0%9A%D1%80%D0%B5%D1%81%D1%82%D0%B0_%D0%93%D0%BE%D1%81%D0%BF%D0%BE%D0%B4%D0%BD%D1%8F_%D0%B2_%D0%90%D0%BB%D1%82%D1%83%D1%84%D1%8C%D0%B5%D0%B2%D0%B5,76
Сад имени Н. Э. Баумана,Сад Баумана,знаковое городское место,"Садово-парковый комплекс в Москве. До ближайшего монумента — «Колокольня», около 1.47 км.",37.658888888,1468,Колокольня,https://ru.wikipedia.org/wiki/%D0%A1%D0%B0%D0%B4_%D0%B8%D0%BC%D0%B5%D0%BD%D0%B8_%D0%9D._%D0%AD._%D0%91%D0%B0%D1%83%D0%BC%D0%B0%D0%BD%D0%B0,76
Церковь Воскресения в Пленицах.,Церковь Воскресения,исторический храм / монастырь,"Тихая архитектурная точка, заметная в исторической среде района. Есть федеральный охранный статус. До ближайшего монумента — «Арена Лужники», около 1.47 км.",37.574663,1465,Арена Лужники,https://ru.wikipedia.org/wiki/%D0%A5%D1%80%D0%B0%D0%BC_%D0%92%D0%BE%D1%81%D0%BA%D1%80%D0%B5%D1%81%D0%B5%D0%BD%D0%B8%D1%8F_%D0%A5%D1%80%D0%B8%D1%81%D1%82%D0%BE%D0%B2%D0%B0_%D0%B2_%D0%9F%D0%BB%D0%B5%D0%BD%D0%B8%D1%86%D0%B0%D1%85_%D0%B2_%D0%90%D0%BD%D0%B4%D1%80%D0%B5%D0%B5%D0%B2%D1%81%D0%BA%D0%BE%D0%BC_%D0%BC%D0%BE%D0%BD%D0%B0%D1%81%D1%82%D1%8B%D1%80%D0%B5,76
Угрешская,Угрешская,вокзал / транспортный объект,"Станция в Москве, Россия. До ближайшего монумента — «Футболисты», около 1.46 км.",37.689444444,1464,Футболисты,https://ru.wikipedia.org/wiki/%D0%A3%D0%B3%D1%80%D0%B5%D1%88%D1%81%D0%BA%D0%B0%D1%8F_(%D1%81%D1%82%D0%B0%D0%BD%D1%86%D0%B8%D1%8F),76
Храм преподобных Зосимы и Савватия в Гольянове,Храм преподобных Зосимы,исторический храм / монастырь,"Сохранившийся православный храм Воскресенского благочиния Московской епархии. До ближайшего монумента — «Babaevka», около 1.46 км.",37.814166666,1462,Babaevka,https://ru.wikipedia.org/wiki/%D0%A5%D1%80%D0%B0%D0%BC_%D0%97%D0%BE%D1%81%D0%B8%D0%BC%D1%8B_%D0%B8_%D0%A1%D0%B0%D0%B2%D0%B2%D0%B0%D1%82%D0%B8%D1%8F_%D0%B2_%D0%93%D0%BE%D0%BB%D1%8C%D1%8F%D0%BD%D0%BE%D0%B2%D0%B5,76
Храм Апостолов Петра и Павла в Басманной слободе,Храм Апостолов Петра,исторический храм / монастырь,"Тихая архитектурная точка, заметная в исторической среде района. Есть федеральный охранный статус. До ближайшего монумента — «Колокольня», около 1.45 км.",37.6566,1451,Колокольня,https://ru.wikipedia.org/wiki/%D0%A5%D1%80%D0%B0%D0%BC_%D0%90%D0%BF%D0%BE%D1%81%D1%82%D0%BE%D0%BB%D0%BE%D0%B2_%D0%9F%D0%B5%D1%82%D1%80%D0%B0_%D0%B8_%D0%9F%D0%B0%D0%B2%D0%BB%D0%B0_%D0%B2_%D0%9D%D0%BE%D0%B2%D0%BE%D0%B9_%D0%91%D0%B0%D1%81%D0%BC%D0%B0%D0%BD%D0%BD%D0%BE%D0%B9_%D1%81%D0%BB%D0%BE%D0%B1%D0%BE%D0%B4%D0%B5,76
Церковь Святого Воскресения (Москва),Церковь Святого Воскресения,исторический храм / монастырь,"Армянская церковь в Москве. До ближайшего монумента — «Купание коней», около 1.45 км.",37.554644444,1448,Купание коней,https://ru.wikipedia.org/wiki/%D0%A6%D0%B5%D1%80%D0%BA%D0%BE%D0%B2%D1%8C_%D0%A1%D0%B2%D1%8F%D1%82%D0%BE%D0%B3%D0%BE_%D0%92%D0%BE%D1%81%D0%BA%D1%80%D0%B5%D1%81%D0%B5%D0%BD%D0%B8%D1%8F_(%D0%9C%D0%BE%D1%81%D0%BA%D0%B2%D0%B0),76
Храм Ризоположения в Леонове,Храм Ризоположения,исторический храм / монастырь,"Тихая архитектурная точка, заметная в исторической среде района. Есть федеральный охранный статус. До ближайшего монумента — «Каменный цветок», около 1.44 км.",37.64417,1438,Каменный цветок,https://ru.wikipedia.org/wiki/%D0%A5%D1%80%D0%B0%D0%BC_%D0%A0%D0%B8%D0%B7%D0%BE%D0%BF%D0%BE%D0%BB%D0%BE%D0%B6%D0%B5%D0%BD%D0%B8%D1%8F_%D0%B2_%D0%9B%D0%B5%D0%BE%D0%BD%D0%BE%D0%B2%D0%B5,76
Метеорологическая обсерватория имени В. А. Михельсона,Обсерватория Михельсона,вокзал / транспортный объект,"Метеорологическая обсерватория имени В. А. До ближайшего монумента — «НАМИ», около 1.43 км.",37.554944,1433,НАМИ,https://ru.wikipedia.org/wiki/%D0%9C%D0%B5%D1%82%D0%B5%D0%BE%D1%80%D0%BE%D0%BB%D0%BE%D0%B3%D0%B8%D1%87%D0%B5%D1%81%D0%BA%D0%B0%D1%8F_%D0%BE%D0%B1%D1%81%D0%B5%D1%80%D0%B2%D0%B0%D1%82%D0%BE%D1%80%D0%B8%D1%8F_%D0%B8%D0%BC%D0%B5%D0%BD%D0%B8_%D0%92._%D0%90._%D0%9C%D0%B8%D1%85%D0%B5%D0%BB%D1%8C%D1%81%D0%BE%D0%BD%D0%B0,76
Храм Троицы Живоначальной у Салтыкова моста,Храм Троицы,исторический храм / монастырь,"Тихая архитектурная точка, заметная в исторической среде района. Есть федеральный охранный статус. До ближайшего монумента — «Су-27», около 1.43 км.",37.679491666,1433,Су-27,https://ru.wikipedia.org/wiki/%D0%A5%D1%80%D0%B0%D0%BC_%D0%A2%D1%80%D0%BE%D0%B8%D1%86%D1%8B_%D0%96%D0%B8%D0%B2%D0%BE%D0%BD%D0%B0%D1%87%D0%B0%D0%BB%D1%8C%D0%BD%D0%BE%D0%B9_%D1%83_%D0%A1%D0%B0%D0%BB%D1%82%D1%8B%D0%BA%D0%BE%D0%B2%D0%B0_%D0%BC%D0%BE%D1%81%D1%82%D0%B0,76
Психиатрическая клиническая больница № 1 имени Н. А. Алексеева,Психиатрическая клиническая больница,историческое здание,"Психиатрическая клиническая больница № 1 имени Н. До ближайшего монумента — «Дом-корабль», около 1.43 км.",37.608,1431,Дом-корабль,https://ru.wikipedia.org/wiki/%D0%9F%D1%81%D0%B8%D1%85%D0%B8%D0%B0%D1%82%D1%80%D0%B8%D1%87%D0%B5%D1%81%D0%BA%D0%B0%D1%8F_%D0%BA%D0%BB%D0%B8%D0%BD%D0%B8%D1%87%D0%B5%D1%81%D0%BA%D0%B0%D1%8F_%D0%B1%D0%BE%D0%BB%D1%8C%D0%BD%D0%B8%D1%86%D0%B0_%E2%84%96_1_%D0%B8%D0%BC%D0%B5%D0%BD%D0%B8_%D0%9D._%D0%90._%D0%90%D0%BB%D0%B5%D0%BA%D1%81%D0%B5%D0%B5%D0%B2%D0%B0,76
Бутырское трамвайное депо,Бутырское трамвайное депо,историческое здание,"Первое московское трамвайное депо на Нижней Масловке. До ближайшего монумента — «Путевой дворец», около 1.43 км.",37.574444444,1425,Путевой дворец,https://ru.wikipedia.org/wiki/%D0%91%D1%83%D1%82%D1%8B%D1%80%D1%81%D0%BA%D0%BE%D0%B5_%D1%82%D1%80%D0%B0%D0%BC%D0%B2%D0%B0%D0%B9%D0%BD%D0%BE%D0%B5_%D0%B4%D0%B5%D0%BF%D0%BE,76
Клуб завода «Каучук»,Клуб завода Каучук,историческое здание,"Сохраняет память о районной культурной жизни и общественных пространствах. Есть региональный охранный статус. До ближайшего монумента — «Way to ducks!», около 1.42 км.",37.57413882,1424,Way to ducks!,https://ru.wikipedia.org/wiki/%D0%9A%D0%BB%D1%83%D0%B1_%D0%B7%D0%B0%D0%B2%D0%BE%D0%B4%D0%B0_%C2%AB%D0%9A%D0%B0%D1%83%D1%87%D1%83%D0%BA%C2%BB,76
Пожарная часть № 19 (Москва),Пожарная часть 19,историческое здание,"Можно рассмотреть фрагмент исторической застройки без музейной торжественности. Считается ценной частью городской среды. До ближайшего монумента — «ЦСКА Арена», около 1.42 км.",37.515146,1420,ЦСКА Арена,https://ru.wikipedia.org/wiki/%D0%9F%D0%BE%D0%B6%D0%B0%D1%80%D0%BD%D0%B0%D1%8F_%D1%87%D0%B0%D1%81%D1%82%D1%8C_%E2%84%96_19_(%D0%9C%D0%BE%D1%81%D0%BA%D0%B2%D0%B0),76
Храм Святых Апостолов Петра и Павла у Яузских ворот,Храм Апостолов Петра,исторический храм / монастырь,"Сохранившийся православный храм в Таганском районе Москвы. До ближайшего монумента — «ГУМ», около 1.42 км.",37.643333333,1419,ГУМ,https://ru.wikipedia.org/wiki/%D0%A5%D1%80%D0%B0%D0%BC_%D0%9F%D0%B5%D1%82%D1%80%D0%B0_%D0%B8_%D0%9F%D0%B0%D0%B2%D0%BB%D0%B0_%D1%83_%D0%AF%D1%83%D0%B7%D1%81%D0%BA%D0%B8%D1%85_%D0%B2%D0%BE%D1%80%D0%BE%D1%82,76
Старая Басманная улица 18 с1,Старая Басманная улица,историческое здание,"Можно рассмотреть фрагмент исторической застройки без музейной торжественности. Есть федеральный охранный статус. До ближайшего монумента — «Колокольня», около 1.42 км.",37.6627666,1418,Колокольня,https://ru.wikipedia.org/wiki/%D0%94%D0%BE%D1%85%D0%BE%D0%B4%D0%BD%D1%8B%D0%B9_%D0%B4%D0%BE%D0%BC_%D0%9C%D0%B0%D1%80%D0%B0%D0%B5%D0%B2%D0%B0,76
Кунцевское городище,Кунцевское городище,историческое здание,"Можно рассмотреть фрагмент исторической застройки без музейной торжественности. Есть федеральный охранный статус. До ближайшего монумента — «Усадьба Нарышкиных», около 1.42 км.",37.4395,1415,Усадьба Нарышкиных,https://ru.wikipedia.org/wiki/%D0%9A%D1%83%D0%BD%D1%86%D0%B5%D0%B2%D1%81%D0%BA%D0%BE%D0%B5_%D0%B3%D0%BE%D1%80%D0%BE%D0%B4%D0%B8%D1%89%D0%B5,76
Храм иконы Божией Матери «Знамение» в Аксиньине,Храм иконы Знамение,исторический храм / монастырь,"Сохранившийся православный храм на севере Москвы. До ближайшего монумента — «Речной вокзал», около 1.41 км.",37.486277777,1411,Речной вокзал,https://ru.wikipedia.org/wiki/%D0%A5%D1%80%D0%B0%D0%BC_%D0%B8%D0%BA%D0%BE%D0%BD%D1%8B_%D0%91%D0%BE%D0%B6%D0%B8%D0%B5%D0%B9_%D0%9C%D0%B0%D1%82%D0%B5%D1%80%D0%B8_%C2%AB%D0%97%D0%BD%D0%B0%D0%BC%D0%B5%D0%BD%D0%B8%D0%B5%C2%BB_%D0%B2_%D0%90%D0%BA%D1%81%D0%B8%D0%BD%D1%8C%D0%B8%D0%BD%D0%B5,76
Тверская ямская слобода,Тверская ямская слобода,историческое здание,"Можно рассмотреть фрагмент исторической застройки без музейной торжественности. Есть федеральный охранный статус. До ближайшего монумента — «Cheapshot HQ», около 1.41 км.",37.583222,1410,Cheapshot HQ,https://ru.wikipedia.org/wiki/%D0%A2%D0%B2%D0%B5%D1%80%D1%81%D0%BA%D0%B0%D1%8F_%D1%8F%D0%BC%D1%81%D0%BA%D0%B0%D1%8F_%D1%81%D0%BB%D0%BE%D0%B1%D0%BE%D0%B4%D0%B0,76
Новая Басманная улица 13/2 с1,Новая Басманная улица,историческое здание,"Памятник архитектуры федерального значения, бывшый дом Николая Высоцкого на Новой Басманной улице в Москве, Россия. До ближайшего монумента — «Колокольня», около 1.41 км.",37.6575,1407,Колокольня,https://ru.wikipedia.org/wiki/%D0%94%D0%BE%D0%BC_%D0%9D%D0%B8%D0%BA%D0%BE%D0%BB%D0%B0%D1%8F_%D0%92%D1%8B%D1%81%D0%BE%D1%86%D0%BA%D0%BE%D0%B3%D0%BE,76
Храм Спаса Преображения на Песках,Храм Спаса Преображения,исторический храм / монастырь,"Тихая архитектурная точка, заметная в исторической среде района. Есть федеральный охранный статус. До ближайшего монумента — «Cheapshot HQ», около 1.40 км.",37.588344444,1403,Cheapshot HQ,https://ru.wikipedia.org/wiki/%D0%A5%D1%80%D0%B0%D0%BC_%D0%A1%D0%BF%D0%B0%D1%81%D0%B0_%D0%9F%D1%80%D0%B5%D0%BE%D0%B1%D1%80%D0%B0%D0%B6%D0%B5%D0%BD%D0%B8%D1%8F_%D0%BD%D0%B0_%D0%9F%D0%B5%D1%81%D0%BA%D0%B0%D1%85,76
Яузский бульвар,Яузский бульвар,историческое здание,"Место для прогулки и передышки от плотной городской застройки. Есть региональный охранный статус. До ближайшего монумента — «Усадьба Морозовых», около 1.40 км.",37.646666666,1400,Усадьба Морозовых,https://ru.wikipedia.org/wiki/%D0%AF%D1%83%D0%B7%D1%81%D0%BA%D0%B8%D0%B9_%D0%B1%D1%83%D0%BB%D1%8C%D0%B2%D0%B0%D1%80,76
Храмовый комплекс Владимирской иконы Божией Матери в Потапове,Храм Владимирской иконы,исторический храм / монастырь,"Тихая архитектурная точка, заметная в исторической среде района. До ближайшего монумента — «Rainbow», около 2.85 км.",37.496291,2846,Rainbow,https://ru.wikipedia.org/wiki/%D0%A5%D1%80%D0%B0%D0%BC%D0%BE%D0%B2%D1%8B%D0%B9_%D0%BA%D0%BE%D0%BC%D0%BF%D0%BB%D0%B5%D0%BA%D1%81_%D0%92%D0%BB%D0%B0%D0%B4%D0%B8%D0%BC%D0%B8%D1%80%D1%81%D0%BA%D0%BE%D0%B9_%D0%B8%D0%BA%D0%BE%D0%BD%D1%8B_%D0%91%D0%BE%D0%B6%D0%B8%D0%B5%D0%B9_%D0%9C%D0%B0%D1%82%D0%B5%D1%80%D0%B8_%D0%B2_%D0%9F%D0%BE%D1%82%D0%B0%D0%BF%D0%BE%D0%B2%D0%B5,75
Городская усадьба С. П. Берга,Усадьба Берга,усадьба / дворец / особняк,"Подойдёт для спокойного знакомства с московской усадебной архитектурой. Есть региональный охранный статус. До ближайшего монумента — «Пётр l», около 1.41 км.",37.58736202,1413,Пётр l,,74
Дом Хлебниковой,Усадьба Дом Хлебниковой,усадьба или дворец,"Подойдёт для спокойного знакомства с московской усадебной архитектурой. Есть федеральный охранный статус. До ближайшего монумента — «Доходный дом Перлова», около 1.40 км.",37.655633333,1398,Доходный дом Перлова,https://ru.wikipedia.org/wiki/%D0%94%D0%BE%D0%BC_%D0%A5%D0%BB%D0%B5%D0%B1%D0%BD%D0%B8%D0%BA%D0%BE%D0%B2%D0%BE%D0%B9,74
Усадьба Морозовых в Подсосенском переулке,Усадьба,усадьба / дворец / особняк,"Подойдёт для спокойного знакомства с московской усадебной архитектурой. Есть федеральный охранный статус. До ближайшего монумента — «Усадьба Морозовых», около 1.39 км.",37.653797,1393,Усадьба Морозовых,https://ru.wikipedia.org/wiki/%D0%A3%D1%81%D0%B0%D0%B4%D1%8C%D0%B1%D0%B0_%D0%9C%D0%BE%D1%80%D0%BE%D0%B7%D0%BE%D0%B2%D1%8B%D1%85_%D0%B2_%D0%9F%D0%BE%D0%B4%D1%81%D0%BE%D1%81%D0%B5%D0%BD%D1%81%D0%BA%D0%BE%D0%BC_%D0%BF%D0%B5%D1%80%D0%B5%D1%83%D0%BB%D0%BA%D0%B5,74
Усадьба Демидовых,Усадьба Демидовых,усадьба / дворец / особняк,"Подойдёт для спокойного знакомства с московской усадебной архитектурой. Есть федеральный охранный статус. До ближайшего монумента — «Колокольня», около 1.39 км.",37.6753914,1393,Колокольня,https://ru.wikipedia.org/wiki/%D0%A3%D1%81%D0%B0%D0%B4%D1%8C%D0%B1%D0%B0_%D0%94%D0%B5%D0%BC%D0%B8%D0%B4%D0%BE%D0%B2%D1%8B%D1%85_%D0%BD%D0%B0_%D1%83%D0%BB%D0%B8%D1%86%D0%B5_%D0%A0%D0%B0%D0%B4%D0%B8%D0%BE,74
Черёмушки-Знаменское,Усадьба Черёмушки-Знаменское,усадьба / дворец / особняк,"Бывшая подмосковная усадьба, расположенная на юго-западе Москвы. До ближайшего монумента — «Первая Хрущёвка», около 1.38 км.",37.588017,1383,Первая Хрущёвка,https://ru.wikipedia.org/wiki/%D0%A7%D0%B5%D1%80%D1%91%D0%BC%D1%83%D1%88%D0%BA%D0%B8-%D0%97%D0%BD%D0%B0%D0%BC%D0%B5%D0%BD%D1%81%D0%BA%D0%BE%D0%B5,74
Городская усадьба Боковых,Усадьба Боковых,усадьба / дворец / особняк,"Подойдёт для спокойного знакомства с московской усадебной архитектурой. Есть федеральный охранный статус. До ближайшего монумента — «ГУМ», около 1.38 км.",37.6425,1379,ГУМ,https://ru.wikipedia.org/wiki/%D0%93%D0%BE%D1%80%D0%BE%D0%B4%D1%81%D0%BA%D0%B0%D1%8F_%D1%83%D1%81%D0%B0%D0%B4%D1%8C%D0%B1%D0%B0_%D0%91%D0%BE%D0%BA%D0%BE%D0%B2%D1%8B%D1%85,74
Усадьба Дурасовых,Усадьба Дурасовых,усадьба / дворец / особняк,"Подойдёт для спокойного знакомства с московской усадебной архитектурой. Есть федеральный охранный статус. До ближайшего монумента — «Доходный дом Перлова», около 1.36 км.",37.64840254,1359,Доходный дом Перлова,https://ru.wikipedia.org/wiki/%D0%A3%D1%81%D0%B0%D0%B4%D1%8C%D0%B1%D0%B0_%D0%94%D1%83%D1%80%D0%B0%D1%81%D0%BE%D0%B2%D1%8B%D1%85,74
Леоново (парк),Леоново,знаковое городское место,"Место для прогулки и передышки от плотной городской застройки. Есть региональный охранный статус. До ближайшего монумента — «Каменный цветок», около 1.34 км.",37.64055556,1340,Каменный цветок,https://ru.wikipedia.org/wiki/%D0%A1%D0%B0%D0%B4_%D0%B1%D1%83%D0%B4%D1%83%D1%89%D0%B5%D0%B3%D0%BE_(%D0%BF%D0%B0%D1%80%D0%BA),74
Дом Пороховщикова,Усадьба Дом Пороховщикова,усадьба или дворец,"Подойдёт для спокойного знакомства с московской усадебной архитектурой. Есть федеральный охранный статус. До ближайшего монумента — «Cheapshot HQ», около 1.34 км.",37.594936,1339,Cheapshot HQ,https://ru.wikipedia.org/wiki/%D0%94%D0%BE%D0%BC_%D0%9F%D0%BE%D1%80%D0%BE%D1%85%D0%BE%D0%B2%D1%89%D0%B8%D0%BA%D0%BE%D0%B2%D0%B0,74
Государственный академический театр имени Е. Вахтангова,Театр Вахтангова,театр,"Государственный академический театр имени Е. До ближайшего монумента — «Cheapshot HQ», около 1.34 км.",37.59151306,1336,Cheapshot HQ,https://ru.wikipedia.org/wiki/%D0%A2%D0%B5%D0%B0%D1%82%D1%80_%D0%B8%D0%BC%D0%B5%D0%BD%D0%B8_%D0%95._%D0%91._%D0%92%D0%B0%D1%85%D1%82%D0%B0%D0%BD%D0%B3%D0%BE%D0%B2%D0%B0,74
Особняк С. К. Морозова,Особняк Морозова,усадьба / дворец / особняк,"Дом в Гороховском переулке в Москве. До ближайшего монумента — «Колокольня», около 1.31 км.",37.667934,1313,Колокольня,https://ru.wikipedia.org/wiki/%D0%9E%D1%81%D0%BE%D0%B1%D0%BD%D1%8F%D0%BA_%D0%A1._%D0%9A._%D0%9C%D0%BE%D1%80%D0%BE%D0%B7%D0%BE%D0%B2%D0%B0,74
Городская усадьба Вандышниковой—Банза,Усадьба Вандышниковой,усадьба / дворец / особняк,"Подойдёт для спокойного знакомства с московской усадебной архитектурой. Есть региональный охранный статус. До ближайшего монумента — «Усадьба Морозовых», около 1.31 км.",37.649816,1313,Усадьба Морозовых,https://ru.wikipedia.org/wiki/%D0%93%D0%BE%D1%80%D0%BE%D0%B4%D1%81%D0%BA%D0%B0%D1%8F_%D1%83%D1%81%D0%B0%D0%B4%D1%8C%D0%B1%D0%B0_%D0%92%D0%B0%D0%BD%D0%B4%D1%8B%D1%88%D0%BD%D0%B8%D0%BA%D0%BE%D0%B2%D0%BE%D0%B9_%E2%80%94_%D0%91%D0%B0%D0%BD%D0%B7%D0%B0,74
Городская усадьба И. Л. Чернышёва,Усадьба Чернышёва,усадьба / дворец / особняк,"Подойдёт для спокойного знакомства с московской усадебной архитектурой. Есть федеральный охранный статус. До ближайшего монумента — «Колокольня», около 1.31 км.",37.66412306,1309,Колокольня,https://ru.wikipedia.org/wiki/%D0%94%D0%BE%D0%BC_%D0%98._%D0%9B._%D0%A7%D0%B5%D1%80%D0%BD%D1%8B%D1%88%D1%91%D0%B2%D0%B0,74
Городская усадьба П. И. Демидова — А. Б. Куракина,Усадьба Демидова,усадьба / дворец / особняк,"Подойдёт для спокойного знакомства с московской усадебной архитектурой. Есть региональный охранный статус. До ближайшего монумента — «Колокольня», около 1.31 км.",37.663355555,1306,Колокольня,https://ru.wikipedia.org/wiki/%D0%93%D0%BE%D1%80%D0%BE%D0%B4%D1%81%D0%BA%D0%B0%D1%8F_%D1%83%D1%81%D0%B0%D0%B4%D1%8C%D0%B1%D0%B0_%D0%9F._%D0%98._%D0%94%D0%B5%D0%BC%D0%B8%D0%B4%D0%BE%D0%B2%D0%B0_%E2%80%94_%D0%90._%D0%91._%D0%9A%D1%83%D1%80%D0%B0%D0%BA%D0%B8%D0%BD%D0%B0,74
Дом Ярошенко,Усадьба Дом Ярошенко,усадьба или дворец,"Подойдёт для спокойного знакомства с московской усадебной архитектурой. Есть региональный охранный статус. До ближайшего монумента — «Доходный дом Перлова», около 1.31 км.",37.642463888,1306,Доходный дом Перлова,https://ru.wikipedia.org/wiki/%D0%94%D0%BE%D0%BC_%D0%AF%D1%80%D0%BE%D1%88%D0%B5%D0%BD%D0%BA%D0%BE,74
Городская усадьба князей Куракиных,Усадьба князей Куракиных,усадьба / дворец / особняк,"Подойдёт для спокойного знакомства с московской усадебной архитектурой. Есть федеральный охранный статус. До ближайшего монумента — «Доходный дом Перлова», около 1.30 км.",37.65456,1304,Доходный дом Перлова,https://ru.wikipedia.org/wiki/%D0%93%D0%BE%D1%80%D0%BE%D0%B4%D1%81%D0%BA%D0%B0%D1%8F_%D1%83%D1%81%D0%B0%D0%B4%D1%8C%D0%B1%D0%B0_%D0%9A%D1%83%D1%80%D0%B0%D0%BA%D0%B8%D0%BD%D1%8B%D1%85,74
Спасо-хаус,Усадьба Спасо-хаус,усадьба или дворец,"Дом в Москве. До ближайшего монумента — «Cheapshot HQ», около 1.29 км.",37.588055555,1288,Cheapshot HQ,https://ru.wikipedia.org/wiki/%D0%A1%D0%BF%D0%B0%D1%81%D0%BE-%D1%85%D0%B0%D1%83%D1%81,74
Усадьба Боткиных на Земляном валу,Усадьба,усадьба / дворец / особняк,"Подойдёт для спокойного знакомства с московской усадебной архитектурой. Есть федеральный охранный статус. До ближайшего монумента — «Усадьба Морозовых», около 1.28 км.",37.658611111,1280,Усадьба Морозовых,https://ru.wikipedia.org/wiki/%D0%A3%D1%81%D0%B0%D0%B4%D1%8C%D0%B1%D0%B0_%D0%91%D0%BE%D1%82%D0%BA%D0%B8%D0%BD%D1%8B%D1%85_%D0%BD%D0%B0_%D0%97%D0%B5%D0%BC%D0%BB%D1%8F%D0%BD%D0%BE%D0%BC_%D0%B2%D0%B0%D0%BB%D1%83,74
Дом Остермана,Усадьба Дом Остермана,усадьба или дворец,"Подойдёт для спокойного знакомства с московской усадебной архитектурой. Есть региональный охранный статус. До ближайшего монумента — «Доходный дом Перлова», около 1.28 км.",37.645555555,1276,Доходный дом Перлова,https://ru.wikipedia.org/wiki/%D0%94%D0%BE%D0%BC_%D0%9E%D1%81%D1%82%D0%B5%D1%80%D0%BC%D0%B0%D0%BD%D0%B0,74
Усадьба Трубецких в Хамовниках,Усадьба,усадьба / дворец / особняк,"Небольшой парк в Москве. До ближайшего монумента — «Way to ducks!», около 1.26 км.",37.57562104,1262,Way to ducks!,https://ru.wikipedia.org/wiki/%D0%A3%D1%81%D0%B0%D0%B4%D1%8C%D0%B1%D0%B0_%D0%A2%D1%80%D1%83%D0%B1%D0%B5%D1%86%D0%BA%D0%B8%D1%85_%D0%B2_%D0%A5%D0%B0%D0%BC%D0%BE%D0%B2%D0%BD%D0%B8%D0%BA%D0%B0%D1%85,74
Усадьба Прохоровых — Хлудовых,Усадьба Прохоровых,усадьба / дворец / особняк,"Подойдёт для спокойного знакомства с московской усадебной архитектурой. Есть региональный охранный статус. До ближайшего монумента — «Усадьба Морозовых», около 1.25 км.",37.65382836,1255,Усадьба Морозовых,https://ru.wikipedia.org/wiki/%D0%A3%D1%81%D0%B0%D0%B4%D1%8C%D0%B1%D0%B0_%D0%9F%D1%80%D0%BE%D1%85%D0%BE%D1%80%D0%BE%D0%B2%D1%8B%D1%85_%E2%80%94_%D0%A5%D0%BB%D1%83%D0%B4%D0%BE%D0%B2%D1%8B%D1%85,74
Петровско-Разумовское,Усадьба Петровско-Разумовское,усадьба / дворец / особняк,"Усадьба. До ближайшего монумента — «Tram station», около 1.25 км.",37.55021,1254,Tram station,https://ru.wikipedia.org/wiki/%D0%9F%D0%B5%D1%82%D1%80%D0%BE%D0%B2%D1%81%D0%BA%D0%BE-%D0%A0%D0%B0%D0%B7%D1%83%D0%BC%D0%BE%D0%B2%D1%81%D0%BA%D0%BE%D0%B5_(%D1%83%D1%81%D0%B0%D0%B4%D1%8C%D0%B1%D0%B0),74
кинотеатр Победа,Театр Победа,театр,"Кинотеатр в Москве. До ближайшего монумента — «Усадьба Морозовых», около 1.25 км.",37.670833333,1248,Усадьба Морозовых,"https://ru.wikipedia.org/wiki/%D0%9F%D0%BE%D0%B1%D0%B5%D0%B4%D0%B0_(%D0%BA%D0%B8%D0%BD%D0%BE%D1%82%D0%B5%D0%B0%D1%82%D1%80,_%D0%9C%D0%BE%D1%81%D0%BA%D0%B2%D0%B0)",74
Особняк В. А. Лемана,Особняк Лемана,усадьба / дворец / особняк,"Подойдёт для спокойного знакомства с московской усадебной архитектурой. Есть федеральный охранный статус. До ближайшего монумента — «Колокольня», около 1.25 км.",37.66845294,1246,Колокольня,https://ru.wikipedia.org/wiki/%D0%9E%D1%81%D0%BE%D0%B1%D0%BD%D1%8F%D0%BA_%D0%92._%D0%90._%D0%9B%D0%B5%D0%BC%D0%B0%D0%BD%D0%B0,74
Мамонова дача,Усадьба Мамонова дача,усадьба / дворец / особняк,"Подойдёт для спокойного знакомства с московской усадебной архитектурой. Есть федеральный охранный статус. До ближайшего монумента — «Арена Лужники», около 1.23 км.",37.567743,1226,Арена Лужники,https://ru.wikipedia.org/wiki/%D0%9C%D0%B0%D0%BC%D0%BE%D0%BD%D0%BE%D0%B2%D0%B0_%D0%B4%D0%B0%D1%87%D0%B0,74
Дом культуры имени И. В. Русакова,Дом культуры,усадьба / дворец / особняк,"Сохраняет память о районной культурной жизни и общественных пространствах. Есть региональный охранный статус. До ближайшего монумента — «Большой розарий», около 1.22 км.",37.687222222,1217,Большой розарий,https://ru.wikipedia.org/wiki/%D0%94%D0%BE%D0%BC_%D0%BA%D1%83%D0%BB%D1%8C%D1%82%D1%83%D1%80%D1%8B_%D0%B8%D0%BC%D0%B5%D0%BD%D0%B8_%D0%A0%D1%83%D1%81%D0%B0%D0%BA%D0%BE%D0%B2%D0%B0,74
Усадьба Самсонова,Усадьба Самсонова,усадьба / дворец / особняк,"Подойдёт для спокойного знакомства с московской усадебной архитектурой. Есть федеральный охранный статус. До ближайшего монумента — «Пётр l», около 1.22 км.",37.588888888,1215,Пётр l,https://ru.wikipedia.org/wiki/%D0%A3%D1%81%D0%B0%D0%B4%D1%8C%D0%B1%D0%B0_%D0%A1%D0%B0%D0%BC%D1%81%D0%BE%D0%BD%D0%BE%D0%B2%D0%B0,74
Усадьба Муравьёвых-Апостолов,Усадьба Муравьёвых-Апостолов,усадьба / дворец / особняк,"Подойдёт для спокойного знакомства с московской усадебной архитектурой. Есть федеральный охранный статус. До ближайшего монумента — «Колокольня», около 1.21 км.",37.664646,1206,Колокольня,https://ru.wikipedia.org/wiki/%D0%A3%D1%81%D0%B0%D0%B4%D1%8C%D0%B1%D0%B0_%D0%9C%D1%83%D1%80%D0%B0%D0%B2%D1%8C%D1%91%D0%B2%D1%8B%D1%85-%D0%90%D0%BF%D0%BE%D1%81%D1%82%D0%BE%D0%BB%D0%BE%D0%B2,74
Городская усадьба Н. Е. Струйского,Усадьба Струйского,усадьба / дворец / особняк,"Усадебное здание в Немецкой слободе Москвы, на углу Денисовского и Токмакова переулков. До ближайшего монумента — «Колокольня», около 1.19 км.",37.670833333,1191,Колокольня,https://ru.wikipedia.org/wiki/%D0%93%D0%BE%D1%80%D0%BE%D0%B4%D1%81%D0%BA%D0%B0%D1%8F_%D1%83%D1%81%D0%B0%D0%B4%D1%8C%D0%B1%D0%B0_%D0%9D._%D0%95._%D0%A1%D1%82%D1%80%D1%83%D0%B9%D1%81%D0%BA%D0%BE%D0%B3%D0%BE,74
Городская усадьба Казаринова – Вишнякова,Усадьба Казаринова,усадьба / дворец / особняк,"Подойдёт для спокойного знакомства с московской усадебной архитектурой. Есть региональный охранный статус. До ближайшего монумента — «Пётр l», около 1.17 км.",37.593569,1170,Пётр l,https://ru.wikipedia.org/wiki/%D0%93%D0%BE%D1%80%D0%BE%D0%B4%D1%81%D0%BA%D0%B0%D1%8F_%D1%83%D1%81%D0%B0%D0%B4%D1%8C%D0%B1%D0%B0_%D0%9A%D0%B0%D0%B7%D0%B0%D1%80%D0%B8%D0%BD%D0%BE%D0%B2%D0%B0_%E2%80%94_%D0%92%D0%B8%D1%88%D0%BD%D1%8F%D0%BA%D0%BE%D0%B2%D0%B0,74
Нескучное,Усадьба Нескучное,усадьба или дворец,"Подойдёт для спокойного знакомства с московской усадебной архитектурой. Есть федеральный охранный статус. До ближайшего монумента — «Фигурный фонтан», около 1.16 км.",37.595273,1159,Фигурный фонтан,https://ru.wikipedia.org/wiki/%D0%9D%D0%B5%D1%81%D0%BA%D1%83%D1%87%D0%BD%D0%BE%D0%B5_(%D1%83%D1%81%D0%B0%D0%B4%D1%8C%D0%B1%D0%B0),74
Троице-Лыково,Усадьба Троице-Лыково,усадьба или дворец,"Местность в составе района Строгино, Москва, Россия. До ближайшего монумента — «Парк», около 1.14 км.",37.405131,1140,Парк,https://ru.wikipedia.org/wiki/%D0%A2%D1%80%D0%BE%D0%B8%D1%86%D0%B5-%D0%9B%D1%8B%D0%BA%D0%BE%D0%B2%D0%BE,74
Городская усадьба Шапкиных — В. П. Щукина — М. Ф. Михайлова,Усадьба Шапкиных,усадьба / дворец / особняк,"Подойдёт для спокойного знакомства с московской усадебной архитектурой. Есть федеральный охранный статус. До ближайшего монумента — «Дом Мёда», около 1.14 км.",37.646666666,1139,Дом Мёда,https://ru.wikipedia.org/wiki/%D0%93%D0%BE%D1%80%D0%BE%D0%B4%D1%81%D0%BA%D0%B0%D1%8F_%D1%83%D1%81%D0%B0%D0%B4%D1%8C%D0%B1%D0%B0_%D0%A8%D0%B0%D0%BF%D0%BA%D0%B8%D0%BD%D1%8B%D1%85,74
Патриаршая резиденция в Чистом Переулке,Усадьба,усадьба или дворец,"Подойдёт для спокойного знакомства с московской усадебной архитектурой. Есть региональный охранный статус. До ближайшего монумента — «Пётр l», около 1.14 км.",37.59128765,1139,Пётр l,https://ru.wikipedia.org/wiki/%D0%9F%D0%B0%D1%82%D1%80%D0%B8%D0%B0%D1%80%D1%88%D0%B0%D1%8F_%D1%80%D0%B5%D0%B7%D0%B8%D0%B4%D0%B5%D0%BD%D1%86%D0%B8%D1%8F_%D0%B2_%D0%A7%D0%B8%D1%81%D1%82%D0%BE%D0%BC_%D0%BF%D0%B5%D1%80%D0%B5%D1%83%D0%BB%D0%BA%D0%B5,74
Московский государственный академический детский музыкальный театр имени Н. И. Сац,Театр Сац,театр,"Московский государственный академический детский музыкальный театр имени Н. До ближайшего монумента — «МГУ», около 1.13 км.",37.544346,1128,МГУ,https://ru.wikipedia.org/wiki/%D0%A2%D0%B5%D0%B0%D1%82%D1%80_%D0%B8%D0%BC%D0%B5%D0%BD%D0%B8_%D0%9D%D0%B0%D1%82%D0%B0%D0%BB%D0%B8%D0%B8_%D0%A1%D0%B0%D1%86_(%D0%9C%D0%BE%D1%81%D0%BA%D0%B2%D0%B0),74
Усадьба Е. А. Волконской — Н. И. Прокофьева,Усадьба Волконской,усадьба / дворец / особняк,"Подойдёт для спокойного знакомства с московской усадебной архитектурой. Есть федеральный охранный статус. До ближайшего монумента — «Усадьба Морозовых», около 1.13 км.",37.66600952,1128,Усадьба Морозовых,https://ru.wikipedia.org/wiki/%D0%A3%D1%81%D0%B0%D0%B4%D1%8C%D0%B1%D0%B0_%D0%95._%D0%90._%D0%92%D0%BE%D0%BB%D0%BA%D0%BE%D0%BD%D1%81%D0%BA%D0%BE%D0%B9_%E2%80%94_%D0%9D._%D0%98._%D0%9F%D1%80%D0%BE%D0%BA%D0%BE%D1%84%D1%8C%D0%B5%D0%B2%D0%B0,74
Городская усадьба Д. Ф. Беляева,Усадьба Беляева,усадьба / дворец / особняк,"Подойдёт для спокойного знакомства с московской усадебной архитектурой. Есть федеральный охранный статус. До ближайшего монумента — «Усадьба Морозовых», около 1.12 км.",37.646944444,1122,Усадьба Морозовых,https://ru.wikipedia.org/wiki/%D0%93%D0%BE%D1%80%D0%BE%D0%B4%D1%81%D0%BA%D0%B0%D1%8F_%D1%83%D1%81%D0%B0%D0%B4%D1%8C%D0%B1%D0%B0_%D0%94._%D0%A4._%D0%91%D0%B5%D0%BB%D1%8F%D0%B5%D0%B2%D0%B0,74
Усадьба Ф. И. Прове — А. И. Калиш,Усадьба Прове,усадьба / дворец / особняк,"Подойдёт для спокойного знакомства с московской усадебной архитектурой. Есть региональный охранный статус. До ближайшего монумента — «Колокольня», около 1.11 км.",37.66347,1107,Колокольня,https://ru.wikipedia.org/wiki/%D0%A3%D1%81%D0%B0%D0%B4%D1%8C%D0%B1%D0%B0_%D0%A4._%D0%98._%D0%9F%D1%80%D0%BE%D0%B2%D0%B5_%E2%80%94_%D0%90._%D0%98._%D0%9A%D0%B0%D0%BB%D0%B8%D1%88,74
Дача Строганова на Яузе,Усадьба,усадьба или дворец,"Подойдёт для спокойного знакомства с московской усадебной архитектурой. Есть федеральный охранный статус. До ближайшего монумента — «Усадьба Морозовых», около 1.10 км.",37.675155555,1103,Усадьба Морозовых,https://ru.wikipedia.org/wiki/%D0%94%D0%B0%D1%87%D0%B0_%D0%A1%D1%82%D1%80%D0%BE%D0%B3%D0%B0%D0%BD%D0%BE%D0%B2%D0%B0_%D0%BD%D0%B0_%D0%AF%D1%83%D0%B7%D0%B5,74
Усадьба Цурикова,Усадьба Цурикова,усадьба / дворец / особняк,"Подойдёт для спокойного знакомства с московской усадебной архитектурой. Есть региональный охранный статус. До ближайшего монумента — «Пётр l», около 1.10 км.",37.600345,1096,Пётр l,https://ru.wikipedia.org/wiki/%D0%A3%D1%81%D0%B0%D0%B4%D1%8C%D0%B1%D0%B0_%D0%A6%D1%83%D1%80%D0%B8%D0%BA%D0%BE%D0%B2%D0%B0,74
Усадьба Н. Б. Шаховской,Усадьба Шаховской,усадьба / дворец / особняк,"Подойдёт для спокойного знакомства с московской усадебной архитектурой. Есть федеральный охранный статус. До ближайшего монумента — «Су-27», около 1.09 км.",37.700484,1094,Су-27,https://ru.wikipedia.org/wiki/%D0%A3%D1%81%D0%B0%D0%B4%D1%8C%D0%B1%D0%B0_%D0%9D._%D0%91._%D0%A8%D0%B0%D1%85%D0%BE%D0%B2%D1%81%D0%BA%D0%BE%D0%B9,74
Особняк Гектора Симоно,Особняк Гектора Симоно,усадьба / дворец / особняк,"Подойдёт для спокойного знакомства с московской усадебной архитектурой. Есть региональный охранный статус. До ближайшего монумента — «Фигурный фонтан», около 1.09 км.",37.608709,1090,Фигурный фонтан,https://ru.wikipedia.org/wiki/%D0%9E%D1%81%D0%BE%D0%B1%D0%BD%D1%8F%D0%BA_%D0%93%D0%B5%D0%BA%D1%82%D0%BE%D1%80%D0%B0_%D0%A1%D0%B8%D0%BC%D0%BE%D0%BD%D0%BE,74
Городская усадьба Попова — Елагина,Усадьба Попова,усадьба / дворец / особняк,"Подойдёт для спокойного знакомства с московской усадебной архитектурой. Есть федеральный охранный статус. До ближайшего монумента — «Доходный дом Перлова», около 1.09 км.",37.65124,1086,Доходный дом Перлова,https://ru.wikipedia.org/wiki/%D0%93%D0%BE%D1%80%D0%BE%D0%B4%D1%81%D0%BA%D0%B0%D1%8F_%D1%83%D1%81%D0%B0%D0%B4%D1%8C%D0%B1%D0%B0_%D0%9F%D0%BE%D0%BF%D0%BE%D0%B2%D0%B0_%E2%80%94_%D0%95%D0%BB%D0%B0%D0%B3%D0%B8%D0%BD%D0%B0,74
Городская усадьба П. П. Игнатьевой – Н. А. Белкина,Усадьба Игнатьевой,усадьба / дворец / особняк,"Городская усадьба П. П. Игнатьевой – Н. А. До ближайшего монумента — «Усадьба Ардалионова», около 1.08 км.",37.621666666,1082,Усадьба Ардалионова,https://ru.wikipedia.org/wiki/%D0%93%D0%BE%D1%80%D0%BE%D0%B4%D1%81%D0%BA%D0%B0%D1%8F_%D1%83%D1%81%D0%B0%D0%B4%D1%8C%D0%B1%D0%B0_%D0%9F._%D0%9F._%D0%98%D0%B3%D0%BD%D0%B0%D1%82%D1%8C%D0%B5%D0%B2%D0%BE%D0%B9_%E2%80%94_%D0%9D._%D0%90._%D0%91%D0%B5%D0%BB%D0%BA%D0%B8%D0%BD%D0%B0,74
Усадьба Шаховского — Краузе — Осиповских,Усадьба Шаховского,усадьба / дворец / особняк,"Подойдёт для спокойного знакомства с московской усадебной архитектурой. Есть региональный охранный статус. До ближайшего монумента — «Ultimate Zombie Box», около 1.07 км.",37.602777777,1073,Ultimate Zombie Box,https://ru.wikipedia.org/wiki/%D0%A3%D1%81%D0%B0%D0%B4%D1%8C%D0%B1%D0%B0_%D0%A8%D0%B0%D1%85%D0%BE%D0%B2%D1%81%D0%BA%D0%BE%D0%B3%D0%BE_%E2%80%94_%D0%9A%D1%80%D0%B0%D1%83%D0%B7%D0%B5_%E2%80%94_%D0%9E%D1%81%D0%B8%D0%BF%D0%BE%D0%B2%D1%81%D0%BA%D0%B8%D1%85,74
Усадьба Баташева,Усадьба Баташева,усадьба / дворец / особняк,"Подойдёт для спокойного знакомства с московской усадебной архитектурой. Есть региональный охранный статус. До ближайшего монумента — «Усадьба Морозовых», около 1.05 км.",37.648205,1051,Усадьба Морозовых,https://ru.wikipedia.org/wiki/%D0%A3%D1%81%D0%B0%D0%B4%D1%8C%D0%B1%D0%B0_%D0%91%D0%B0%D1%82%D0%B0%D1%88%D1%91%D0%B2%D0%B0,74
Дом Гурьевых в Лялином переулке,Усадьба,усадьба или дворец,"Подойдёт для спокойного знакомства с московской усадебной архитектурой. Есть охранный статус. До ближайшего монумента — «Доходный дом Перлова», около 1.05 км.",37.651507,1048,Доходный дом Перлова,https://ru.wikipedia.org/wiki/%D0%94%D0%BE%D0%BC_%D0%93%D1%83%D1%80%D1%8C%D0%B5%D0%B2%D1%8B%D1%85_%D0%B2_%D0%9B%D1%8F%D0%BB%D0%B8%D0%BD%D0%BE%D0%BC_%D0%BF%D0%B5%D1%80%D0%B5%D1%83%D0%BB%D0%BA%D0%B5,74
Городская усадьба Шувалова-Голицыных,Усадьба Шувалова,усадьба / дворец / особняк,"Подойдёт для спокойного знакомства с московской усадебной архитектурой. Есть федеральный охранный статус. До ближайшего монумента — «Доходный дом Перлова», около 1.04 км.",37.652083333,1043,Доходный дом Перлова,https://ru.wikipedia.org/wiki/%D0%93%D0%BE%D1%80%D0%BE%D0%B4%D1%81%D0%BA%D0%B0%D1%8F_%D1%83%D1%81%D0%B0%D0%B4%D1%8C%D0%B1%D0%B0_%D0%A8%D1%83%D0%B2%D0%B0%D0%BB%D0%BE%D0%B2%D0%B0-%D0%93%D0%BE%D0%BB%D0%B8%D1%86%D1%8B%D0%BD%D1%8B%D1%85,74
Дом Перовских,Усадьба Дом Перовских,усадьба или дворец,"Подойдёт для спокойного знакомства с московской усадебной архитектурой. Есть федеральный охранный статус. До ближайшего монумента — «Колокольня», около 1.04 км.",37.664166666,1037,Колокольня,https://ru.wikipedia.org/wiki/%D0%94%D0%BE%D0%BC_%D0%9F%D0%B5%D1%80%D0%BE%D0%B2%D1%81%D0%BA%D0%B8%D1%85,74
Усадьба П. В. Цигеля,Усадьба Цигеля,усадьба / дворец / особняк,"Подойдёт для спокойного знакомства с московской усадебной архитектурой. Есть региональный охранный статус. До ближайшего монумента — «Красный богатырь», около 1.02 км.",37.67481,1018,Красный богатырь,https://ru.wikipedia.org/wiki/%D0%A3%D1%81%D0%B0%D0%B4%D1%8C%D0%B1%D0%B0_%D0%9F._%D0%92._%D0%A6%D0%B8%D0%B3%D0%B5%D0%BB%D1%8F,74
Городская усадьба Венедиктовых — Шнаубертов — Моносзона,Усадьба Венедиктовых,усадьба / дворец / особняк,"Подойдёт для спокойного знакомства с московской усадебной архитектурой. Есть региональный охранный статус. До ближайшего монумента — «Доходный дом Перлова», около 1.01 км.",37.641944444,1011,Доходный дом Перлова,https://ru.wikipedia.org/wiki/%D0%93%D0%BE%D1%80%D0%BE%D0%B4%D1%81%D0%BA%D0%B0%D1%8F_%D1%83%D1%81%D0%B0%D0%B4%D1%8C%D0%B1%D0%B0_%D0%92%D0%B5%D0%BD%D0%B5%D0%B4%D0%B8%D0%BA%D1%82%D0%BE%D0%B2%D1%8B%D1%85_%E2%80%94_%D0%A8%D0%BD%D0%B0%D1%83%D0%B1%D0%B5%D1%80%D1%82%D0%BE%D0%B2_%E2%80%94_%D0%9C%D0%BE%D0%BD%D0%BE%D1%81%D0%B7%D0%BE%D0%BD%D0%B0,74
Городская усадьба Н. А. Сумарокова — Н. А. Тюляевой,Усадьба Сумарокова,усадьба / дворец / особняк,"Подойдёт для спокойного знакомства с московской усадебной архитектурой. Есть региональный охранный статус. До ближайшего монумента — «Доходный дом Перлова», около 1.01 км.",37.63880853,1009,Доходный дом Перлова,https://ru.wikipedia.org/wiki/%D0%93%D0%BE%D1%80%D0%BE%D0%B4%D1%81%D0%BA%D0%B0%D1%8F_%D1%83%D1%81%D0%B0%D0%B4%D1%8C%D0%B1%D0%B0_%D0%9D._%D0%90._%D0%A1%D1%83%D0%BC%D0%B0%D1%80%D0%BE%D0%BA%D0%BE%D0%B2%D0%B0_%E2%80%94_%D0%9D._%D0%90._%D0%A2%D1%8E%D0%BB%D1%8F%D0%B5%D0%B2%D0%BE%D0%B9,74
Городская усадьба А. И. Зимина,Усадьба Зимина,усадьба / дворец / особняк,"Подойдёт для спокойного знакомства с московской усадебной архитектурой. Есть региональный охранный статус. До ближайшего монумента — «Усадьба Морозовых», около 1.00 км.",37.64990273,1000,Усадьба Морозовых,https://ru.wikipedia.org/wiki/%D0%93%D0%BE%D1%80%D0%BE%D0%B4%D1%81%D0%BA%D0%B0%D1%8F_%D1%83%D1%81%D0%B0%D0%B4%D1%8C%D0%B1%D0%B0_%D0%90._%D0%98._%D0%97%D0%B8%D0%BC%D0%B8%D0%BD%D0%B0,74
Лефортовский дворец,Лефортовский дворец,усадьба / дворец / особняк,"Подойдёт для спокойного знакомства с московской усадебной архитектурой. Есть федеральный охранный статус. До ближайшего монумента — «Колокольня», около 1.00 км.",37.685623,1000,Колокольня,https://ru.wikipedia.org/wiki/%D0%9B%D0%B5%D1%84%D0%BE%D1%80%D1%82%D0%BE%D0%B2%D1%81%D0%BA%D0%B8%D0%B9_%D0%B4%D0%B2%D0%BE%D1%80%D0%B5%D1%86,74
Второй Нагатинский,Второй Нагатинский,необычное здание,"Можно рассмотреть фрагмент исторической застройки без музейной торжественности. До ближайшего монумента — «Домик Петра», около 2.49 км.",37.640697568,2487,Домик Петра,,72
Улица Конструктора Лукина 14 с1,Улица Конструктора Лукина,необычное здание,"Можно рассмотреть фрагмент исторической застройки без музейной торжественности. До ближайшего монумента — «Живые камни», около 2.48 км.",37.15693,2480,Живые камни,,72
Улица Твардовского 6 к5,Улица Твардовского 6,необычное здание,"Можно рассмотреть фрагмент исторической застройки без музейной торжественности. До ближайшего монумента — «Парк», около 2.43 км.",37.38289,2429,Парк,,72
шоссе Энтузиастов 29 к4-5,Шоссе Энтузиастов 29,необычное здание,"Можно рассмотреть фрагмент исторической застройки без музейной торжественности. До ближайшего монумента — «Су-27», около 2.42 км.",37.74096,2416,Су-27,,72
Зиларт Марк,Зиларт Марк,необычное здание,"Строящийся жилой комплекс (три здания) в Москве. До ближайшего монумента — «Дом-корабль», около 2.39 км.",37.634054,2390,Дом-корабль,,72
Шагал,Шагал,необычное здание,"Жилой комплекс в Москве на территории бывшего завода ЗИЛ. До ближайшего монумента — «Остров мечты», около 2.37 км.",37.64,2370,Остров мечты,,72
Автобусная конечная станция Перово,Автобусная конечная станция,вокзал / транспортный объект,"Автобусная конечная в Москва. До ближайшего монумента — «Московские Кольца», около 2.35 км.",37.76612,2347,Московские Кольца,,72
Вокзал Лефортово,Вокзал Лефортово,вокзал / транспортный объект,"Пассажирское здание железнодорожной станции Лефортово 1900-х годов. До ближайшего монумента — «Rabbit with clock», около 2.28 км.",37.74577,2277,Rabbit with clock,,72
Международный почтамт,Международный почтамт,необычное здание,"Можно рассмотреть фрагмент исторической застройки без музейной торжественности. До ближайшего монумента — «Дом-корабль», около 2.25 км.",37.6234,2253,Дом-корабль,,72
Ютаново,Ютаново,необычное здание,"Жилой комплекс в Москве. До ближайшего монумента — «Символ Севастополя», около 2.22 км.",37.611412,2219,Символ Севастополя,,72
Автобусная конечная Метро Тёплый Стан,Автобусная конечная Метро,необычное здание,"Автобусная конечная в Москва. До ближайшего монумента — «Шишки», около 2.21 км.",37.50975,2210,Шишки,,72
Домашний,Домашний,необычное здание,"Жилой квартал-новостройка в Москве. До ближайшего монумента — «Борисовская плотина», около 2.18 км.",37.705143,2176,Борисовская плотина,,72
Автобусная конечная метро Молодёжная,Автобусная конечная метро,необычное здание,"Интересно как часть городской инфраструктуры и повседневного движения Москвы. До ближайшего монумента — «Полёт», около 2.14 км.",37.414551973,2144,Полёт,,72
Никольский тупик 2 c14,Никольский тупик 2,необычное здание,"Можно рассмотреть фрагмент исторической застройки без музейной торжественности. До ближайшего монумента — «Стадион Спартак», около 2.10 км.",37.4679,2102,Стадион Спартак,,72
Вокзал Покровское-Стрешнево,Вокзал Покровское-Стрешнево,вокзал / транспортный объект,"Кассовый павильон ж/д станции «Покровское-Стрешнево». До ближайшего монумента — «Ерунда», около 2.07 км.",37.47653,2072,Ерунда,,72
шоссе Энтузиастов 34,Шоссе Энтузиастов 34,необычное здание,"Здание в Москва. До ближайшего монумента — «Су-27», около 2.07 км.",37.73509,2067,Су-27,,72
ЖК «Тренд»,ЖК Тренд,необычное здание,"Жилой комплекс в Москве. До ближайшего монумента — «Ерунда», около 2.06 км.",37.483418,2063,Ерунда,,72
Портленд,Портленд,необычное здание,"Строящийся жилищный комплекс в Москве. До ближайшего монумента — «Ice park», около 2.05 км.",37.71477,2046,Ice park,,72
Севастопольский проспект 28 к1,Севастопольский проспект 28,необычное здание,"Можно рассмотреть фрагмент исторической застройки без музейной торжественности. До ближайшего монумента — «龙庙», около 2.03 км.",37.5794,2027,龙庙,,72
Will Towers,Will Towers,необычное здание,"Жилой комплекс в Москве. До ближайшего монумента — «Круглый дом», около 2.01 км.",37.49325,2014,Круглый дом,,72
Вокзал Бутово,Вокзал Бутово,вокзал / транспортный объект,"Интересно как часть городской инфраструктуры и повседневного движения Москвы. До ближайшего монумента — «Конный двор», около 2.01 км.",37.571448,2008,Конный двор,,72
17 микрорайон Зеленограда,17 микрорайон Зеленограда,необычное здание,"Можно рассмотреть фрагмент исторической застройки без музейной торжественности. До ближайшего монумента — «Декоративная лодка», около 2.00 км.",37.151530264,2005,Декоративная лодка,,72
ЖК Михалковский,ЖК Михалковский,необычное здание,"Можно рассмотреть фрагмент исторической застройки без музейной торжественности. До ближайшего монумента — «НАМИ», около 2.00 км.",37.513359189,1996,НАМИ,,72
D1,D1,знаковое современное здание,"Высотный жилой комплекс в Москве. До ближайшего монумента — «Tram station», около 1.96 км.",37.578674,1962,Tram station,,72
Нижегородская улица 32 с4,Нижегородская улица 32,необычное здание,"Можно рассмотреть фрагмент исторической застройки без музейной торжественности. До ближайшего монумента — «Усадьба Морозовых», около 1.96 км.",37.69235,1956,Усадьба Морозовых,,72
Орбитал,Орбитал,необычное здание,"Бц в Москве. До ближайшего монумента — «Ракета Хруничева», около 1.93 км.",37.52299,1930,Ракета Хруничева,,72
Савёловский Сити,Савёловский Сити,знаковое современное здание,"Многофункциональный комплекс в Москве. До ближайшего монумента — «Еврейский музей», около 1.92 км.",37.590721,1918,Еврейский музей,,72
Level Streshnevo,Level Streshnevo,необычное здание,"Жилой квартал на северо-востоке Москвы. До ближайшего монумента — «Стадион Спартак», около 1.89 км.",37.413205,1886,Стадион Спартак,,72
конечная станция Солнечная,Конечная станция Солнечная,вокзал / транспортный объект,"Интересно как часть городской инфраструктуры и повседневного движения Москвы. До ближайшего монумента — «Panda park», около 1.89 км.",37.38315,1885,Panda park,,72
Мосфильмовский,Мосфильмовский,необычное здание,"Жилой комплекс в Москве. До ближайшего монумента — «Памятник на холме», около 1.88 км.",37.491849,1876,Памятник на холме,,72
Матвеевский парк,Матвеевский парк,знаковое городское место,"Жилой комплекс в Москве. До ближайшего монумента — «Памятник на холме», около 1.87 км.",37.461529,1874,Памятник на холме,,72
Five Towers,Five Towers,знаковое современное здание,"Строящийся высотный жилой комплекс в Москве. До ближайшего монумента — «Первая Хрущёвка», около 1.87 км.",37.592773,1869,Первая Хрущёвка,,72
Конечная станция Рижский Вокзал,Конечная станция Рижский,вокзал / транспортный объект,"Автобусная конечная в Москва. До ближайшего монумента — «Еврейский музей», около 1.84 км.",37.63325,1845,Еврейский музей,,72
Symphony 34,Symphony 34,необычное здание,"Жилой комплекс в Москве. До ближайшего монумента — «Путевой дворец», около 1.84 км.",37.571058,1840,Путевой дворец,,72
Акватория,Акватория,необычное здание,"Жилой комплекс в Москве. До ближайшего монумента — «Музей ВМФ», около 1.83 км.",37.456619,1828,Музей ВМФ,,72
Перекопская улица 9 Усадьба Зюзино,Усадьба,усадьба / дворец / особняк,"Подойдёт для спокойного знакомства с московской усадебной архитектурой. До ближайшего монумента — «龙庙», около 1.83 км.",37.57898972,1827,龙庙,,72
Вокзал Серебрянный Бор,Вокзал Серебрянный Бор,вокзал / транспортный объект,"Пассажирское здание, вокзал в Москве, памятник архитектуры. До ближайшего монумента — «Ерунда», около 1.81 км.",37.49581,1812,Ерунда,,72
Люблинская улица 42,Люблинская улица 42,необычное здание,"Здание в Москва. До ближайшего монумента — «Ice park», около 1.80 км.",37.73673,1800,Ice park,,72
Товарищество суконной мануфактуры «Иокиш»,Товарищество суконной мануфактуры,необычное здание,"Напоминает об индустриальном слое московской архитектуры. До ближайшего монумента — «НАМИ», около 1.77 км.",37.516097,1768,НАМИ,https://ru.wikipedia.org/wiki/%D0%A2%D0%BE%D0%B2%D0%B0%D1%80%D0%B8%D1%89%D0%B5%D1%81%D1%82%D0%B2%D0%BE_%D1%81%D1%83%D0%BA%D0%BE%D0%BD%D0%BD%D0%BE%D0%B9_%D0%BC%D0%B0%D0%BD%D1%83%D1%84%D0%B0%D0%BA%D1%82%D1%83%D1%80%D1%8B_%C2%AB%D0%98%D0%BE%D0%BA%D0%B8%D1%88%C2%BB,72
"Театр «Вернадского, 13»","Театр Вернадского, 13",театр,"Камерная культурная точка для тех, кто ищет районную сцену. До ближайшего монумента — «МГУ», около 1.77 км.",37.52833333,1766,МГУ,"https://ru.wikipedia.org/wiki/%D0%92%D0%B5%D1%80%D0%BD%D0%B0%D0%B4%D1%81%D0%BA%D0%BE%D0%B3%D0%BE,_13_(%D1%82%D0%B5%D0%B0%D1%82%D1%80)",72
Здание Министерства иностранных дел России,Здание Министерства иностранных,знаковое современное здание,"Высотное здание в Москве. До ближайшего монумента — «Пётр l», около 1.71 км.",37.584166666,1708,Пётр l,https://ru.wikipedia.org/wiki/%D0%97%D0%B4%D0%B0%D0%BD%D0%B8%D0%B5_%D0%9C%D0%B8%D0%BD%D0%B8%D1%81%D1%82%D0%B5%D1%80%D1%81%D1%82%D0%B2%D0%B0_%D0%B8%D0%BD%D0%BE%D1%81%D1%82%D1%80%D0%B0%D0%BD%D0%BD%D1%8B%D1%85_%D0%B4%D0%B5%D0%BB_%D0%A0%D0%BE%D1%81%D1%81%D0%B8%D0%B8,72
Монастырь Святого Франциска (Москва),Монастырь Святого Франциска,исторический храм / монастырь,"Тихая архитектурная точка, заметная в исторической среде района. До ближайшего монумента — «Пионер», около 1.69 км.",37.556716666,1688,Пионер,https://ru.wikipedia.org/wiki/%D0%9C%D0%BE%D0%BD%D0%B0%D1%81%D1%82%D1%8B%D1%80%D1%8C_%D0%A1%D0%B2%D1%8F%D1%82%D0%BE%D0%B3%D0%BE_%D0%A4%D1%80%D0%B0%D0%BD%D1%86%D0%B8%D1%81%D0%BA%D0%B0_(%D0%9C%D0%BE%D1%81%D0%BA%D0%B2%D0%B0),72
Гоголь-центр,Театр Гоголь-центр,театр,"Московский театральный центр, созданный в 2013 году на базе расформированного Драмтеатра имени Н. До ближайшего монумента — «Доходный дом Перлова», около 1.65 км.",37.66208333,1652,Доходный дом Перлова,https://ru.wikipedia.org/wiki/%D0%93%D0%BE%D0%B3%D0%BE%D0%BB%D1%8C-%D1%86%D0%B5%D0%BD%D1%82%D1%80,72
iCITY,ICITY,знаковое современное здание,"Комплекс из двух небоскребов. До ближайшего монумента — «Пионер», около 1.64 км.",37.530409,1640,Пионер,https://ru.wikipedia.org/wiki/ICITY,72
ЗИЛАРТ,ЗИЛАРТ,необычное здание,"Проект застройки северной части территории бывшего ЗИЛа. До ближайшего монумента — «Дом-корабль», около 1.62 км.",37.635,1621,Дом-корабль,https://ru.wikipedia.org/wiki/%D0%97%D0%B8%D0%BB%D0%B0%D1%80%D1%82,72
Московский драматический театр «Бенефис» под руководством Анны Неровной,Театр Бенефис,театр,"Камерная культурная точка для тех, кто ищет районную сцену. До ближайшего монумента — «Усадьба Воронцово», около 1.62 км.",37.55505556,1618,Усадьба Воронцово,https://ru.wikipedia.org/wiki/%D0%91%D0%B5%D0%BD%D0%B5%D1%84%D0%B8%D1%81_(%D1%82%D0%B5%D0%B0%D1%82%D1%80),72
Брёхово,Брёхово,необычное здание,"Хутор в Новомосковском административном округе Москвы России. До ближайшего монумента — «Лосиха и лосёнок», около 1.61 км.",37.142002777,1607,Лосиха и лосёнок,"https://ru.wikipedia.org/wiki/%D0%91%D1%80%D1%91%D1%85%D0%BE%D0%B2%D0%BE_(%D1%85%D1%83%D1%82%D0%BE%D1%80,_%D0%9C%D0%BE%D1%81%D0%BA%D0%B2%D0%B0)",72
Прогресс Сцена Армена Джигарханяна,Театр Прогресс Сцена,театр,"Драматический театр города Москвы. До ближайшего монумента — «МГУ», около 1.59 км.",37.54077778,1586,МГУ,https://ru.wikipedia.org/wiki/%D0%9F%D1%80%D0%BE%D0%B3%D1%80%D0%B5%D1%81%D1%81_%D0%A1%D1%86%D0%B5%D0%BD%D0%B0_%D0%90%D1%80%D0%BC%D0%B5%D0%BD%D0%B0_%D0%94%D0%B6%D0%B8%D0%B3%D0%B0%D1%80%D1%85%D0%B0%D0%BD%D1%8F%D0%BD%D0%B0,72
Комбинат газеты «Правда»,Комбинат газеты Правда,необычное здание,"Можно рассмотреть фрагмент исторической застройки без музейной торжественности. До ближайшего монумента — «Еврейский музей», около 1.57 км.",37.58188229,1575,Еврейский музей,https://ru.wikipedia.org/wiki/%D0%9A%D0%BE%D0%BC%D0%B1%D0%B8%D0%BD%D0%B0%D1%82_%D0%B3%D0%B0%D0%B7%D0%B5%D1%82%D1%8B_%C2%AB%D0%9F%D1%80%D0%B0%D0%B2%D0%B4%D0%B0%C2%BB,72
Краснопресненская обсерватория МГУ,Краснопресненская обсерватория МГУ,необычное здание,"Можно рассмотреть фрагмент исторической застройки без музейной торжественности. До ближайшего монумента — «Cheapshot HQ», около 1.55 км.",37.56866808,1554,Cheapshot HQ,https://ru.wikipedia.org/wiki/%D0%9A%D1%80%D0%B0%D1%81%D0%BD%D0%BE%D0%BF%D1%80%D0%B5%D1%81%D0%BD%D0%B5%D0%BD%D1%81%D0%BA%D0%B0%D1%8F_%D0%BE%D0%B1%D1%81%D0%B5%D1%80%D0%B2%D0%B0%D1%82%D0%BE%D1%80%D0%B8%D1%8F_%D0%9C%D0%93%D0%A3,72
Белые сады,Белые сады,необычное здание,"Место для прогулки и передышки от плотной городской застройки. До ближайшего монумента — «Всем влюбленным», около 1.55 км.",37.588611111,1547,Всем влюбленным,https://ru.wikipedia.org/wiki/%D0%91%D0%B5%D0%BB%D1%8B%D0%B5_%D1%81%D0%B0%D0%B4%D1%8B,72
Новоспасский монастырь,Новоспасский монастырь,исторический храм / монастырь,"Ставропигиальный мужской монастырь РПЦ в Москве. До ближайшего монумента — «Усадьба Ардалионова», около 1.53 км.",37.6562,1534,Усадьба Ардалионова,https://ru.wikipedia.org/wiki/%D0%9D%D0%BE%D0%B2%D0%BE%D1%81%D0%BF%D0%B0%D1%81%D1%81%D0%BA%D0%B8%D0%B9_%D0%BC%D0%BE%D0%BD%D0%B0%D1%81%D1%82%D1%8B%D1%80%D1%8C,72
Центр драматургии и режиссуры,Театр Центр драматургии,театр,"Театральная площадка для молодых режиссёров, драматургов, артистов, художников. До ближайшего монумента — «Купание коней», около 1.53 км.",37.533307,1531,Купание коней,https://ru.wikipedia.org/wiki/%D0%A6%D0%B5%D0%BD%D1%82%D1%80_%D0%B4%D1%80%D0%B0%D0%BC%D0%B0%D1%82%D1%83%D1%80%D0%B3%D0%B8%D0%B8_%D0%B8_%D1%80%D0%B5%D0%B6%D0%B8%D1%81%D1%81%D1%83%D1%80%D1%8B,72
Белорусский вокзал,Белорусский вокзал,вокзал / транспортный объект,"Вокзал в Москве. До ближайшего монумента — «Купание коней», около 1.53 км.",37.58175653,1527,Купание коней,https://ru.wikipedia.org/wiki/%D0%91%D0%B5%D0%BB%D0%BE%D1%80%D1%83%D1%81%D1%81%D0%BA%D0%B8%D0%B9_%D0%B2%D0%BE%D0%BA%D0%B7%D0%B0%D0%BB,72
Комплекс жилых домов на Октябрьском поле,Комплекс жилых домов,знаковое современное здание,"Можно рассмотреть фрагмент исторической застройки без музейной торжественности. До ближайшего монумента — «Octod Tower», около 1.50 км.",37.488644,1502,Octod Tower,https://ru.wikipedia.org/wiki/%D0%9A%D0%BE%D0%BC%D0%BF%D0%BB%D0%B5%D0%BA%D1%81_%D0%B6%D0%B8%D0%BB%D1%8B%D1%85_%D0%B4%D0%BE%D0%BC%D0%BE%D0%B2_%D0%BD%D0%B0_%D0%9E%D0%BA%D1%82%D1%8F%D0%B1%D1%80%D1%8C%D1%81%D0%BA%D0%BE%D0%BC_%D0%BF%D0%BE%D0%BB%D0%B5,72
Андреевский монастырь,Андреевский монастырь,исторический храм / монастырь,"Ставропигиальный мужской монастырь Русской православной церкви. До ближайшего монумента — «Арена Лужники», около 1.49 км.",37.575194444,1491,Арена Лужники,https://ru.wikipedia.org/wiki/%D0%90%D0%BD%D0%B4%D1%80%D0%B5%D0%B5%D0%B2%D1%81%D0%BA%D0%B8%D0%B9_%D0%BC%D0%BE%D0%BD%D0%B0%D1%81%D1%82%D1%8B%D1%80%D1%8C_(%D0%9C%D0%BE%D1%81%D0%BA%D0%B2%D0%B0),72
Городская усадьба К. И. Доброхотова,Усадьба Доброхотова,усадьба / дворец / особняк,"Подойдёт для спокойного знакомства с московской усадебной архитектурой. До ближайшего монумента — «Колокольня», около 1.48 км.",37.66291932,1475,Колокольня,https://ru.wikipedia.org/wiki/%D0%93%D0%BE%D1%80%D0%BE%D0%B4%D1%81%D0%BA%D0%B0%D1%8F_%D1%83%D1%81%D0%B0%D0%B4%D1%8C%D0%B1%D0%B0_%D0%9A._%D0%98._%D0%94%D0%BE%D0%B1%D1%80%D0%BE%D1%85%D0%BE%D1%82%D0%BE%D0%B2%D0%B0,72
Дом правительства РФ,Дом правительства РФ,необычное здание,"Административное здание в Москве. До ближайшего монумента — «Cheapshot HQ», около 1.47 км.",37.572968,1473,Cheapshot HQ,https://ru.wikipedia.org/wiki/%D0%94%D0%BE%D0%BC_%D0%BF%D1%80%D0%B0%D0%B2%D0%B8%D1%82%D0%B5%D0%BB%D1%8C%D1%81%D1%82%D0%B2%D0%B0_%D0%A0%D0%BE%D1%81%D1%81%D0%B8%D0%B9%D1%81%D0%BA%D0%BE%D0%B9_%D0%A4%D0%B5%D0%B4%D0%B5%D1%80%D0%B0%D1%86%D0%B8%D0%B8,72
Трёхгорная мануфактура,Трёхгорная мануфактура,необычное здание,"Старейшее московское текстильное предприятие. До ближайшего монумента — «Пионер», около 1.44 км.",37.56277778,1443,Пионер,https://ru.wikipedia.org/wiki/%D0%A2%D1%80%D1%91%D1%85%D0%B3%D0%BE%D1%80%D0%BD%D0%B0%D1%8F_%D0%BC%D0%B0%D0%BD%D1%83%D1%84%D0%B0%D0%BA%D1%82%D1%83%D1%80%D0%B0,72
Востряково,Востряково,необычное здание,"Микрорайон в Москве. До ближайшего монумента — «Panda park», около 1.44 км.",37.42111111,1435,Panda park,https://ru.wikipedia.org/wiki/%D0%92%D0%BE%D1%81%D1%82%D1%80%D1%8F%D0%BA%D0%BE%D0%B2%D0%BE_(%D0%9C%D0%BE%D1%81%D0%BA%D0%B2%D0%B0),72
Московский драматический театр имени Рубена Симонова,Театр Симонова,театр,"Камерная культурная точка для тех, кто ищет районную сцену. До ближайшего монумента — «Cheapshot HQ», около 1.43 км.",37.5927,1427,Cheapshot HQ,https://ru.wikipedia.org/wiki/%D0%9C%D0%BE%D1%81%D0%BA%D0%BE%D0%B2%D1%81%D0%BA%D0%B8%D0%B9_%D0%B4%D1%80%D0%B0%D0%BC%D0%B0%D1%82%D0%B8%D1%87%D0%B5%D1%81%D0%BA%D0%B8%D0%B9_%D1%82%D0%B5%D0%B0%D1%82%D1%80_%D0%B8%D0%BC%D0%B5%D0%BD%D0%B8_%D0%A0%D1%83%D0%B1%D0%B5%D0%BD%D0%B0_%D0%A1%D0%B8%D0%BC%D0%BE%D0%BD%D0%BE%D0%B2%D0%B0,72
Арбат-опера,Театр Арбат-опера,театр,"Камерная культурная точка для тех, кто ищет районную сцену. До ближайшего монумента — «Cheapshot HQ», около 1.42 км.",37.592,1416,Cheapshot HQ,https://ru.wikipedia.org/wiki/%D0%90%D1%80%D0%B1%D0%B0%D1%82-%D0%BE%D0%BF%D0%B5%D1%80%D0%B0,72
Перронный зал (Останкинский),Перронный зал,историческое здание,"Можно рассмотреть фрагмент исторической застройки без музейной торжественности. Есть выявленный охранный статус. До ближайшего монумента — «Ростокинский акведук», около 1.18 км.",37.6414186,1182,Ростокинский акведук,,72
Хлебозавод № 11 имени А. Микояна (Останкинский),Хлебозавод Микояна,историческое здание,"Напоминает об индустриальном слое московской архитектуры. Сохраняет признаки объекта наследия. До ближайшего монумента — «Останкинская башня», около 1.14 км.",37.621496,1136,Останкинская башня,,72
Северный наземный вестибюль (Останкинский),Северный наземный вестибюль,историческое здание,"Можно рассмотреть фрагмент исторической застройки без музейной торжественности. Есть выявленный охранный статус. До ближайшего монумента — «Ростокинский акведук», около 1.09 км.",37.6414508,1090,Ростокинский акведук,,72
Историко-мемориальный музей «Пресня»,Музей Пресня,музей,"Хороший вариант для короткого визита, если интересны экспозиции и локальные коллекции. Есть федеральный охранный статус. До ближайшего монумента — «Cheapshot HQ», около 1.39 км.",37.57102778,1388,Cheapshot HQ,https://ru.wikipedia.org/wiki/%D0%9F%D1%80%D0%B5%D1%81%D0%BD%D1%8F_(%D0%BC%D1%83%D0%B7%D0%B5%D0%B9),70
Государственный мемориальный музей А. Н. Скрябина,Музей Скрябина,музей,"Хороший вариант для короткого визита, если интересны экспозиции и локальные коллекции. Есть федеральный охранный статус. До ближайшего монумента — «Cheapshot HQ», около 1.27 км.",37.59010556,1269,Cheapshot HQ,https://ru.wikipedia.org/wiki/%D0%93%D0%BE%D1%81%D1%83%D0%B4%D0%B0%D1%80%D1%81%D1%82%D0%B2%D0%B5%D0%BD%D0%BD%D1%8B%D0%B9_%D0%BC%D0%B5%D0%BC%D0%BE%D1%80%D0%B8%D0%B0%D0%BB%D1%8C%D0%BD%D1%8B%D0%B9_%D0%BC%D1%83%D0%B7%D0%B5%D0%B9_%D0%90._%D0%9D._%D0%A1%D0%BA%D1%80%D1%8F%D0%B1%D0%B8%D0%BD%D0%B0,70
Винзавод,Музей Винзавод,музей,"Хороший вариант для короткого визита, если интересны экспозиции и локальные коллекции. Есть региональный охранный статус. До ближайшего монумента — «Усадьба Морозовых», около 1.21 км.",37.66444645,1206,Усадьба Морозовых,https://ru.wikipedia.org/wiki/%D0%92%D0%B8%D0%BD%D0%B7%D0%B0%D0%B2%D0%BE%D0%B4,70
Крутицкое подворье,Музей Крутицкое подворье,музей,"Бывшая резиденция епископов Сарских и Подонских, образованная в XIII веке в Москве. До ближайшего монумента — «Футболисты», около 1.20 км.",37.658333333,1196,Футболисты,https://ru.wikipedia.org/wiki/%D0%9A%D1%80%D1%83%D1%82%D0%B8%D1%86%D0%BA%D0%BE%D0%B5_%D0%BF%D0%BE%D0%B4%D0%B2%D0%BE%D1%80%D1%8C%D0%B5,70
Центральный Дом кино,Театр Дом кино,театр,"Творческий клуб деятелей киноискусства. До ближайшего монумента — «Cheapshot HQ», около 1.17 км.",37.58794592,1174,Cheapshot HQ,https://ru.wikipedia.org/wiki/%D0%A6%D0%B5%D0%BD%D1%82%D1%80%D0%B0%D0%BB%D1%8C%D0%BD%D1%8B%D0%B9_%D0%B4%D0%BE%D0%BC_%D0%BA%D0%B8%D0%BD%D0%BE,70
Музей К. Маркса и Ф. Энгельса,Музей Маркса,музей,"Хороший вариант для короткого визита, если интересны экспозиции и локальные коллекции. Есть региональный охранный статус. До ближайшего монумента — «Пётр l», около 1.13 км.",37.60301965,1131,Пётр l,https://ru.wikipedia.org/wiki/%D0%9C%D1%83%D0%B7%D0%B5%D0%B9_%D0%9A._%D0%9C%D0%B0%D1%80%D0%BA%D1%81%D0%B0_%D0%B8_%D0%A4._%D0%AD%D0%BD%D0%B3%D0%B5%D0%BB%D1%8C%D1%81%D0%B0,70
Музей шахмат,Музей шахмат,музей,"Хороший вариант для короткого визита, если интересны экспозиции и локальные коллекции. Есть региональный охранный статус. До ближайшего монумента — «Пётр l», около 1.13 км.",37.60120506,1130,Пётр l,https://ru.wikipedia.org/wiki/%D0%9C%D1%83%D0%B7%D0%B5%D0%B9_%D1%88%D0%B0%D1%85%D0%BC%D0%B0%D1%82,70
Мемориальный музей-усадьба Л. Н. Толстого «Хамовники»,Музей Хамовники,музей,"Музей, расположенный в доме писателя в Хамовниках. До ближайшего монумента — «Фигурный фонтан», около 1.09 км.",37.585861,1093,Фигурный фонтан,https://ru.wikipedia.org/wiki/%D0%9C%D1%83%D0%B7%D0%B5%D0%B9-%D1%83%D1%81%D0%B0%D0%B4%D1%8C%D0%B1%D0%B0_%D0%9B%D1%8C%D0%B2%D0%B0_%D0%A2%D0%BE%D0%BB%D1%81%D1%82%D0%BE%D0%B3%D0%BE_%D0%B2_%D0%A5%D0%B0%D0%BC%D0%BE%D0%B2%D0%BD%D0%B8%D0%BA%D0%B0%D1%85,70
Музей животноводства имени Е. Ф. Лискуна,Музей Лискуна,музей,"Хороший вариант для короткого визита, если интересны экспозиции и локальные коллекции. Есть федеральный охранный статус. До ближайшего монумента — «Tram station», около 1.08 км.",37.551762,1085,Tram station,https://ru.wikipedia.org/wiki/%D0%9C%D1%83%D0%B7%D0%B5%D0%B9_%D0%B6%D0%B8%D0%B2%D0%BE%D1%82%D0%BD%D0%BE%D0%B2%D0%BE%D0%B4%D1%81%D1%82%D0%B2%D0%B0_%D0%B8%D0%BC%D0%B5%D0%BD%D0%B8_%D0%95._%D0%A4._%D0%9B%D0%B8%D1%81%D0%BA%D1%83%D0%BD%D0%B0,70
Дом-музей И. В. Курчатова в Москве,Музей Курчатова,музей,"Хороший вариант для короткого визита, если интересны экспозиции и локальные коллекции. До ближайшего монумента — «Octod Tower», около 2.09 км.",37.4765205,2086,Octod Tower,,68
"Храм Святых мучениц Веры, Надежды, Любови и премудрой матери их Софии",Храм мучениц Веры,исторический храм / монастырь,"Тихая архитектурная точка, заметная в исторической среде района. До ближайшего монумента — «Пять Дубов», около 2.00 км.",37.49591667,2004,Пять Дубов,"https://ru.wikipedia.org/wiki/%D0%A5%D1%80%D0%B0%D0%BC_%D0%92%D0%B5%D1%80%D1%8B,_%D0%9D%D0%B0%D0%B4%D0%B5%D0%B6%D0%B4%D1%8B,_%D0%9B%D1%8E%D0%B1%D0%BE%D0%B2%D0%B8_%D0%B8_%D0%BC%D0%B0%D1%82%D0%B5%D1%80%D0%B8_%D0%B8%D1%85_%D0%A1%D0%BE%D1%84%D0%B8%D0%B8_%D0%BF%D1%80%D0%B8_%D0%9D%D0%9C%D0%98%D0%A6_%D0%94%D0%93%D0%9E%D0%98_%D0%B8%D0%BC%D0%B5%D0%BD%D0%B8_%D0%94%D0%BC%D0%B8%D1%82%D1%80%D0%B8%D1%8F_%D0%A0%D0%BE%D0%B3%D0%B0%D1%87%D1%91%D0%B2%D0%B0",68
Храм Покрова Пресвятой Богородицы в Ясеневе,Храм Покрова Богородицы,исторический храм / монастырь,"Тихая архитектурная точка, заметная в исторической среде района. До ближайшего монумента — «Усадьба Ясенево», около 2.00 км.",37.539933,2004,Усадьба Ясенево,https://ru.wikipedia.org/wiki/%D0%A5%D1%80%D0%B0%D0%BC_%D0%9F%D0%BE%D0%BA%D1%80%D0%BE%D0%B2%D0%B0_%D0%9F%D1%80%D0%B5%D1%81%D0%B2%D1%8F%D1%82%D0%BE%D0%B9_%D0%91%D0%BE%D0%B3%D0%BE%D1%80%D0%BE%D0%B4%D0%B8%D1%86%D1%8B_%D0%B2_%D0%AF%D1%81%D0%B5%D0%BD%D0%B5%D0%B2%D0%B5,68
Храм Георгия Победоносца в Коптеве,Храм Георгия Победоносца,исторический храм / монастырь,"Тихая архитектурная точка, заметная в исторической среде района. До ближайшего монумента — «Ерунда», около 1.93 км.",37.530108333,1926,Ерунда,https://ru.wikipedia.org/wiki/%D0%A5%D1%80%D0%B0%D0%BC_%D0%93%D0%B5%D0%BE%D1%80%D0%B3%D0%B8%D1%8F_%D0%9F%D0%BE%D0%B1%D0%B5%D0%B4%D0%BE%D0%BD%D0%BE%D1%81%D1%86%D0%B0_%D0%B2_%D0%9A%D0%BE%D0%BF%D1%82%D0%B5%D0%B2%D0%B5,68
Храм Спиридона Тримифунтского в Коптево (Москва),Храм Спиридона Тримифунтского,исторический храм / монастырь,"Тихая архитектурная точка, заметная в исторической среде района. До ближайшего монумента — «Ерунда», около 1.85 км.",37.528122059,1846,Ерунда,https://ru.wikipedia.org/wiki/%D0%A5%D1%80%D0%B0%D0%BC_%D0%A1%D0%BF%D0%B8%D1%80%D0%B8%D0%B4%D0%BE%D0%BD%D0%B0_%D0%A2%D1%80%D0%B8%D0%BC%D0%B8%D1%84%D1%83%D0%BD%D1%82%D1%81%D0%BA%D0%BE%D0%B3%D0%BE_%D0%B2_%D0%9A%D0%BE%D0%BF%D1%82%D0%B5%D0%B2%D0%B5,68
Слесарная и контора (Савёловский),Слесарная контора,историческое здание,"Можно рассмотреть фрагмент исторической застройки без музейной торжественности. Считается ценной частью городской среды. До ближайшего монумента — «Еврейский музей», около 1.80 км.",37.581157,1798,Еврейский музей,,68
Здание уборной станции Серебряный Бор,Здание уборной станции,историческое здание,"Можно рассмотреть фрагмент исторической застройки без музейной торжественности. Есть региональный охранный статус. До ближайшего монумента — «ЦСКА Арена», около 1.80 км.",37.496046,1797,ЦСКА Арена,,68
"Улица Строителей 4 строения 1-3, гараж",Улица Строителей 4,историческое здание,"Напоминает об индустриальном слое московской архитектуры. Считается ценной частью городской среды. До ближайшего монумента — «МГУ», около 1.80 км.",37.53572,1797,МГУ,,68
Парк Легенд,Парк Легенд,знаковое городское место,"Проект переустройства части территории бывшего ЗИЛа. До ближайшего монумента — «Дом-корабль», около 1.79 км.",37.645901,1793,Дом-корабль,,68
Помещение для багажа станции Серебряный Бор,Помещение багажа станции,историческое здание,"Историческое здание на железнодорожной станции в Москве. До ближайшего монумента — «Ерунда», около 1.79 км.",37.495542,1793,Ерунда,,68
Фабрично-прядильный корпус (Савёловский),Фабрично-прядильный корпус,историческое здание,"Выделяется силуэтом или масштабом в окружающей застройке. Считается ценной частью городской среды. До ближайшего монумента — «Путевой дворец», около 1.79 км.",37.580247,1788,Путевой дворец,,68
Стадион Медик,Стадион Медик,спортивная арена / стадион,"Стадион в Москва. До ближайшего монумента — «Полёт», около 1.79 км.",37.39374,1786,Полёт,,68
Перронный зал станции метро Рижская,Перронный зал станции,историческое здание,"Интересно как часть городской инфраструктуры и повседневного движения Москвы. Есть выявленный охранный статус. До ближайшего монумента — «Аптекарский огород», около 1.79 км.",37.63645,1786,Аптекарский огород,,68
Котельная (Савёловский),Котельная,историческое здание,"Можно рассмотреть фрагмент исторической застройки без музейной торжественности. Считается ценной частью городской среды. До ближайшего монумента — «Путевой дворец», около 1.78 км.",37.580032,1782,Путевой дворец,,68
Флигель (Филимонки),Флигель,историческое здание,"Можно рассмотреть фрагмент исторической застройки без музейной торжественности. Есть федеральный охранный статус. До ближайшего монумента — «Беседка ""Прибрежная""», около 1.78 км.",37.35319,1781,"Беседка ""Прибрежная""",,68
Ансамбль шелкопрядильной фабрики «Французского Анонимного общества прядилен коконного отброса в России» (Савёловский),Ансамбль шелкопрядильной фабрики,историческое здание,"Напоминает об индустриальном слое московской архитектуры. Считается ценной частью городской среды. До ближайшего монумента — «Путевой дворец», около 1.78 км.",37.579953,1781,Путевой дворец,,68
Конный двор (Ясенево),Конный двор,историческое здание,"Можно рассмотреть фрагмент исторической застройки без музейной торжественности. Есть федеральный охранный статус. До ближайшего монумента — «Bitsa forest», около 1.78 км.",37.53913147,1779,Bitsa forest,,68
Жилой корпус (Савёловский),Жилой корпус,историческое здание,"Выделяется силуэтом или масштабом в окружающей застройке. Считается ценной частью городской среды. До ближайшего монумента — «Еврейский музей», около 1.78 км.",37.581857,1779,Еврейский музей,,68
Беседка им. 800-летия Москвы с партером и фонтанами (Якиманка),Беседка им. 800-летия,историческое здание,"Можно рассмотреть фрагмент исторической застройки без музейной торжественности. Есть выявленный охранный статус. До ближайшего монумента — «Фигурный фонтан», около 1.77 км.",37.585889,1772,Фигурный фонтан,,68
Отделение Сибирского торгового банка с оградой (Таганский),Отделение Сибирского торгового,историческое здание,"Можно рассмотреть фрагмент исторической застройки без музейной торжественности. Есть выявленный охранный статус. До ближайшего монумента — «Усадьба Морозовых», около 1.77 км.",37.683277,1771,Усадьба Морозовых,,68
"Комплекс зданий Фабрики брезентов, ремней, клеенок и непромокаемых тканей товарищества «Франк Реддавей и Ко» (Можайский)",Комплекс зданий Фабрики,знаковое современное здание,"Напоминает об индустриальном слое московской архитектуры. Есть региональный охранный статус. До ближайшего монумента — «Полёт», около 1.77 км.",37.410457,1770,Полёт,,68
Учебно-лечебный корпус Государственного Протезного завода (Донской),Учебно-лечебный корпус Государственного,историческое здание,"Выделяется силуэтом или масштабом в окружающей застройке. Считается ценной частью городской среды. До ближайшего монумента — «Дом-корабль», около 1.76 км.",37.593664,1760,Дом-корабль,,68
Кухня (Куркино),Кухня,историческое здание,"Можно рассмотреть фрагмент исторической застройки без музейной торжественности. Есть федеральный охранный статус. До ближайшего монумента — «Японская ярмарка», около 1.76 км.",37.38277071,1757,Японская ярмарка,,68
Жилой корпус «Товарищества Прохоровской Трёхгорной мануфактуры» (Пресненский),Жилой корпус Товарищества,историческое здание,"Выделяется силуэтом или масштабом в окружающей застройке. Есть региональный охранный статус. До ближайшего монумента — «Пионер», около 1.76 км.",37.565065,1757,Пионер,,68
Морг (Куркино),Морг,историческое здание,"Можно рассмотреть фрагмент исторической застройки без музейной торжественности. Есть федеральный охранный статус. До ближайшего монумента — «Японская ярмарка», около 1.75 км.",37.38452243,1755,Японская ярмарка,,68
Сторожка (Савёловский),Сторожка,историческое здание,"Можно рассмотреть фрагмент исторической застройки без музейной торжественности. Считается ценной частью городской среды. До ближайшего монумента — «Еврейский музей», около 1.75 км.",37.581863,1755,Еврейский музей,,68
Рабочая казарма (Савёловский),Рабочая казарма,историческое здание,"Можно рассмотреть фрагмент исторической застройки без музейной торжественности. Сохраняет признаки объекта наследия. До ближайшего монумента — «Путевой дворец», около 1.75 км.",37.579809,1753,Путевой дворец,,68
здание мастерских депо Лихоборы,Здание мастерских депо,историческое здание,"Интересно как часть городской инфраструктуры и повседневного движения Москвы. Есть региональный охранный статус. До ближайшего монумента — «НАМИ», около 1.75 км.",37.517424,1750,НАМИ,,68
Производственный цех (восточный) (Можайский),Производственный цех восточный,историческое здание,"Можно рассмотреть фрагмент исторической застройки без музейной торжественности. Есть региональный охранный статус. До ближайшего монумента — «Полёт», около 1.75 км.",37.411524,1750,Полёт,,68
Дом директора фабрики (Савёловский),Дом директора фабрики,историческое здание,"Напоминает об индустриальном слое московской архитектуры. Считается ценной частью городской среды. До ближайшего монумента — «Еврейский музей», около 1.75 км.",37.581271,1746,Еврейский музей,,68
Дом с гастрономом «Смоленский» (Торгсин) (Арбат),Дом гастрономом Смоленский,историческое здание,"Можно рассмотреть фрагмент исторической застройки без музейной торжественности. Сохраняет признаки объекта наследия. До ближайшего монумента — «Cheapshot HQ», около 1.74 км.",37.58309,1743,Cheapshot HQ,,68
Перекопская улица 7 c2,Перекопская улица 7,историческое здание,"Сторожка. Историческое здание в Москве, памятник архитектуры. До ближайшего монумента — «龙庙», около 1.74 км.",37.58049889,1739,龙庙,,68
Корпус для мужчин-хроников им. Ф.Я. Ермакова (Донской),Корпус мужчин-хроников им,историческое здание,"Выделяется силуэтом или масштабом в окружающей застройке. Есть выявленный охранный статус. До ближайшего монумента — «Дом-корабль», около 1.74 км.",37.60316338,1739,Дом-корабль,,68
Здание уборной (Донской),Здание уборной,историческое здание,"Можно рассмотреть фрагмент исторической застройки без музейной торжественности. Есть региональный охранный статус. До ближайшего монумента — «Первая Хрущёвка», около 1.74 км.",37.59127,1739,Первая Хрущёвка,,68
Музей радио и радиолюбительства имени Э. Т. Кренкеля,Музей Кренкеля,музей,"Музей радио и радиолюбительства имени Э. Т. До ближайшего монумента — «Московские Кольца», около 1.74 км.",37.756147,1738,Московские Кольца,https://ru.wikipedia.org/wiki/%D0%9C%D1%83%D0%B7%D0%B5%D0%B9_%D1%80%D0%B0%D0%B4%D0%B8%D0%BE_%D0%B8_%D1%80%D0%B0%D0%B4%D0%B8%D0%BE%D0%BB%D1%8E%D0%B1%D0%B8%D1%82%D0%B5%D0%BB%D1%8C%D1%81%D1%82%D0%B2%D0%B0_%D0%B8%D0%BC%D0%B5%D0%BD%D0%B8_%D0%AD._%D0%A2._%D0%9A%D1%80%D0%B5%D0%BD%D0%BA%D0%B5%D0%BB%D1%8F,68
Производственный цех (западный) (Можайский),Производственный цех западный,историческое здание,"Можно рассмотреть фрагмент исторической застройки без музейной торжественности. Есть региональный охранный статус. До ближайшего монумента — «Полёт», около 1.74 км.",37.410968,1738,Полёт,,68
Часовня (Донской),Часовня,исторический храм / монастырь,"Тихая архитектурная точка, заметная в исторической среде района. Есть охранный статус. До ближайшего монумента — «Фигурный фонтан», около 1.74 км.",37.59333581,1737,Фигурный фонтан,,68
Приёмный покой и больница (Савёловский),Приёмный покой больница,историческое здание,"Можно рассмотреть фрагмент исторической застройки без музейной торжественности. Считается ценной частью городской среды. До ближайшего монумента — «Еврейский музей», около 1.74 км.",37.581899,1737,Еврейский музей,,68
Перронный зал метро Смоленская Арбатско-Покровской линии (Арбат),Перронный зал метро,историческое здание,"Интересно как часть городской инфраструктуры и повседневного движения Москвы. Есть выявленный охранный статус. До ближайшего монумента — «Cheapshot HQ», около 1.74 км.",37.58207,1737,Cheapshot HQ,,68
Ансамбль жилой застройки (Гагаринский),Ансамбль жилой застройки,историческое здание,"Можно рассмотреть фрагмент исторической застройки без музейной торжественности. Считается ценной частью городской среды. До ближайшего монумента — «МГУ», около 1.74 км.",37.536999,1735,МГУ,,68
Эскалаторные спуски станции метро Рижская,Эскалаторные спуски станции,историческое здание,"Интересно как часть городской инфраструктуры и повседневного движения Москвы. Есть выявленный охранный статус. До ближайшего монумента — «Аптекарский огород», около 1.73 км.",37.63633,1731,Аптекарский огород,,68
Гостиница «Общества пролетарского туризма и экскурсий» (Арбат),Гостиница Общества пролетарского,историческое здание,"Можно рассмотреть фрагмент исторической застройки без музейной торжественности. Сохраняет признаки объекта наследия. До ближайшего монумента — «Пётр l», около 1.73 км.",37.584781,1731,Пётр l,,68
Рабочая казарма (Савёловский),Рабочая казарма,историческое здание,"Можно рассмотреть фрагмент исторической застройки без музейной торжественности. Сохраняет признаки объекта наследия. До ближайшего монумента — «Путевой дворец», около 1.73 км.",37.579426,1728,Путевой дворец,,68
Пассажирское здание (Донской),Пассажирское здание,историческое здание,"Можно рассмотреть фрагмент исторической застройки без музейной торжественности. Есть региональный охранный статус. До ближайшего монумента — «Первая Хрущёвка», около 1.73 км.",37.59174,1727,Первая Хрущёвка,,68
Ансамбль построек Рублёвской насосной станции Московского водопровода (Кунцево),Ансамбль построек Рублёвской,историческое здание,"Можно рассмотреть фрагмент исторической застройки без музейной торжественности. Сохраняет признаки объекта наследия. До ближайшего монумента — «🦸🏼‍♂️ Pugovka», около 1.73 км.",37.345995,1726,🦸🏼‍♂️ Pugovka,,68
Преображенская психиатрическая больница (Котовская часть) (Преображенское),Преображенская психиатрическая больница,историческое здание,"Можно рассмотреть фрагмент исторической застройки без музейной торжественности. Считается ценной частью городской среды. До ближайшего монумента — «Дворец на Яузе», около 1.72 км.",37.702708,1724,Дворец на Яузе,,68
Больница (Донской),Больница,историческое здание,"Можно рассмотреть фрагмент исторической застройки без музейной торжественности. Есть охранный статус. До ближайшего монумента — «Фигурный фонтан», около 1.72 км.",37.59354243,1721,Фигурный фонтан,,68
Административное здание (Текстильщики),Административное здание,историческое здание,"Можно рассмотреть фрагмент исторической застройки без музейной торжественности. Считается ценной частью городской среды. До ближайшего монумента — «Скульптура из дерева», около 1.72 км.",37.7421,1720,Скульптура из дерева,,68
Ремесленное училище (Алексеевский),Ремесленное училище,историческое здание,"Заметный след старой образовательной городской среды. Есть региональный охранный статус. До ближайшего монумента — «Большой розарий», около 1.72 км.",37.65378345,1718,Большой розарий,,68
Новоконюшенный переулок 9 c2,Новоконюшенный переулок 9,историческое здание,"Дом, в котором в 1869-1874 гг. До ближайшего монумента — «Фигурный фонтан», около 1.72 км.",37.58009465,1717,Фигурный фонтан,,68
Фонарные столбы перрона (восемь) (Донской),Фонарные столбы перрона,историческое здание,"Можно рассмотреть фрагмент исторической застройки без музейной торжественности. Есть региональный охранный статус. До ближайшего монумента — «Первая Хрущёвка», около 1.72 км.",37.59147,1715,Первая Хрущёвка,,68
4-й Ростовский переулок 1 c2,4-й Ростовский переулок,историческое здание,"Дом неклассного художника А.К. До ближайшего монумента — «Пионер», около 1.71 км.",37.57709427,1711,Пионер,,68
Ограда вдоль Ленинского проспекта (Донской),Ограда вдоль Ленинского,историческое здание,"Можно рассмотреть фрагмент исторической застройки без музейной торжественности. Есть охранный статус. До ближайшего монумента — «Фигурный фонтан», около 1.71 км.",37.5919,1711,Фигурный фонтан,,68
Дом медперсонала (Куркино),Дом медперсонала,историческое здание,"Можно рассмотреть фрагмент исторической застройки без музейной торжественности. Есть федеральный охранный статус. До ближайшего монумента — «Японская ярмарка», около 1.71 км.",37.383148,1710,Японская ярмарка,,68
Музей истории коньяка,Музей истории коньяка,музей,"Хороший вариант для короткого визита, если интересны экспозиции и локальные коллекции. До ближайшего монумента — «Музей ВМФ», около 1.70 км.",37.45944444,1704,Музей ВМФ,https://ru.wikipedia.org/wiki/%D0%9C%D1%83%D0%B7%D0%B5%D0%B9_%D0%B8%D1%81%D1%82%D0%BE%D1%80%D0%B8%D0%B8_%D0%BA%D0%BE%D0%BD%D1%8C%D1%8F%D0%BA%D0%B0,68
Нижний Сусальный переулок 4,Нижний Сусальный переулок,историческое здание,"Историческое здание в Москве, памятник архитектуры. До ближайшего монумента — «Доходный дом Перлова», около 1.70 км.",37.662688,1700,Доходный дом Перлова,,68
Этнографический кабинет-музей имени Н. Н. Чебоксарова,Музей Чебоксарова,музей,"Этнографический кабинет-музей имени Н. Н. До ближайшего монумента — «Арена Лужники», около 1.70 км.",37.577998485,1696,Арена Лужники,https://ru.wikipedia.org/wiki/%D0%AD%D1%82%D0%BD%D0%BE%D0%B3%D1%80%D0%B0%D1%84%D0%B8%D1%87%D0%B5%D1%81%D0%BA%D0%B8%D0%B9_%D0%BA%D0%B0%D0%B1%D0%B8%D0%BD%D0%B5%D1%82-%D0%BC%D1%83%D0%B7%D0%B5%D0%B9_%D0%B8%D0%BC%D0%B5%D0%BD%D0%B8_%D0%9D._%D0%9D._%D0%A7%D0%B5%D0%B1%D0%BE%D0%BA%D1%81%D0%B0%D1%80%D0%BE%D0%B2%D0%B0,68
Помещение для багажа (пакгауз) (Донской),Помещение багажа пакгауз,историческое здание,"Можно рассмотреть фрагмент исторической застройки без музейной торжественности. Есть региональный охранный статус. До ближайшего монумента — «Первая Хрущёвка», около 1.69 км.",37.59184,1694,Первая Хрущёвка,,68
Церковь Сошествия Святого Духа (Первомайское),Церковь Сошествия Духа,исторический храм / монастырь,"Тихая архитектурная точка, заметная в исторической среде района. Есть федеральный охранный статус. До ближайшего монумента — «Флигель», около 1.68 км.",37.156986,1684,Флигель,,68
Фабрика-кухня № 9 треста столовых Киевского района (Дорогомилово),Фабрика-кухня 9 треста,историческое здание,"Напоминает об индустриальном слое московской архитектуры. Считается ценной частью городской среды. До ближайшего монумента — «Пионер», около 1.68 км.",37.52566,1684,Пионер,,68
Первый Неопалимовский переулок 6,Первый Неопалимовский переулок,историческое здание,"Можно рассмотреть фрагмент исторической застройки без музейной торжественности. Есть региональный охранный статус. До ближайшего монумента — «Пётр l», около 1.68 км.",37.58165771,1681,Пётр l,,68
Корпус для женщин хроников (Донской),Корпус женщин хроников,историческое здание,"Выделяется силуэтом или масштабом в окружающей застройке. Есть выявленный охранный статус. До ближайшего монумента — «Дом-корабль», около 1.68 км.",37.60161828,1681,Дом-корабль,,68
Михалковская улица 42А,Михалковская улица 42А,историческое здание,"Сторожка. Историческое здание в Москве, памятник архитектуры. До ближайшего монумента — «НАМИ», около 1.68 км.",37.517157,1680,НАМИ,,68
Амбулатория (Куркино),Амбулатория,историческое здание,"Можно рассмотреть фрагмент исторической застройки без музейной торжественности. Есть федеральный охранный статус. До ближайшего монумента — «Японская ярмарка», около 1.68 км.",37.38374987,1680,Японская ярмарка,,68
Узел первого подъёма,Узел первого подъёма,историческое здание,"Здание на территории Восточной водопроводной станции, Москва. До ближайшего монумента — «Восточный фонтан», около 1.68 км.",37.886202,1679,Восточный фонтан,,68
Михалковская улица 42,Михалковская улица 42,историческое здание,"Дом В.И. Йокиша, директора Товарищества суконной мануфактуры «Йокиш». До ближайшего монумента — «НАМИ», около 1.68 км.",37.516981,1678,НАМИ,,68
Административный корпус (Алексеевский),Административный корпус,историческое здание,"Выделяется силуэтом или масштабом в окружающей застройке. Есть региональный охранный статус. До ближайшего монумента — «Большой розарий», около 1.68 км.",37.65582262,1678,Большой розарий,,68
Женское отделение для буйных больных (Донской),Женское отделение буйных,историческое здание,"Можно рассмотреть фрагмент исторической застройки без музейной торжественности. Есть выявленный охранный статус. До ближайшего монумента — «Дом-корабль», около 1.68 км.",37.60457374,1678,Дом-корабль,,68
Здание ЦНИИ «Электроника»,Здание ЦНИИ Электроника,историческое здание,"Можно рассмотреть фрагмент исторической застройки без музейной торжественности. Сохраняет признаки объекта наследия. До ближайшего монумента — «Памятник на холме», около 1.68 км.",37.50589,1676,Памятник на холме,,68
Главный дом городской усадьбы Прохоровых (Пресненский),Усадьба,усадьба / дворец / особняк,"Подойдёт для спокойного знакомства с московской усадебной архитектурой. Есть региональный охранный статус. До ближайшего монумента — «Пионер», около 1.68 км.",37.564519,1675,Пионер,,68
Смоленский бульвар 19 c2,Усадьба,усадьба / дворец / особняк,"Главный дом городской усадьбы М.Ф. До ближайшего монумента — «Пётр l», около 1.67 км.",37.5826353,1674,Пётр l,,68
Улица Усиевича 15,Улица Усиевича 15,историческое здание,"Дом, в котором жил и умер советский художник Василий Прокофьевич Ефанов. До ближайшего монумента — «ЦСКА Арена», около 1.67 км.",37.528729,1674,ЦСКА Арена,,68
5-я улица Ямского Поля 24,5-я улица Ямского,историческое здание,"Здание училища циркового и эстрадного искусства им. До ближайшего монумента — «Купание коней», около 1.67 км.",37.57786,1673,Купание коней,,68
Грот (Басманный),Грот,историческое здание,"Можно рассмотреть фрагмент исторической застройки без музейной торжественности. Есть федеральный охранный статус. До ближайшего монумента — «Колокольня», около 1.67 км.",37.66647664,1673,Колокольня,,68
Наземный вестибюль станции метро Рижская,Наземный вестибюль станции,историческое здание,"Наземный вестибюль станции метро Рижская. До ближайшего монумента — «Аптекарский огород», около 1.67 км.",37.6361114,1672,Аптекарский огород,,68
улица Косыгина 2 c1,Улица Косыгина 2,историческое здание,"Лабораторный корпус с административной частью. До ближайшего монумента — «Арена Лужники», около 1.67 км.",37.57607918,1672,Арена Лужники,,68
Ставропольская улица 13 с1,Ставропольская улица 13,спортивный объект,"Связано со спортивной жизнью города и крупными событиями района. До ближайшего монумента — «Ломаковский музей», около 1.67 км.",37.74775,1671,Ломаковский музей,,68
Административное здание Главных артиллерийских складов,Административное здание Главных,историческое здание,"Можно рассмотреть фрагмент исторической застройки без музейной торжественности. Сохраняет признаки объекта наследия. До ближайшего монумента — «Пограничный столб», около 1.67 км.",37.700451,1669,Пограничный столб,,68
Главный корпус (Куркино),Главный корпус,историческое здание,"Выделяется силуэтом или масштабом в окружающей застройке. Есть федеральный охранный статус. До ближайшего монумента — «Японская ярмарка», около 1.67 км.",37.38215986,1665,Японская ярмарка,,68
Наземный вестибюль (Арбат),Наземный вестибюль,историческое здание,"Можно рассмотреть фрагмент исторической застройки без музейной торжественности. Есть выявленный охранный статус. До ближайшего монумента — «Cheapshot HQ», около 1.67 км.",37.58389,1665,Cheapshot HQ,,68
Жилой корпус фабрики по производству механических вышивок Г.Г. Генчке,Жилой корпус фабрики,историческое здание,"Жилой корпус фабрики по производству механических вышивок Г.Г. До ближайшего монумента — «Красный богатырь», около 1.67 км.",37.695259,1665,Красный богатырь,,68
Дом директора (Можайский),Дом директора,историческое здание,"Можно рассмотреть фрагмент исторической застройки без музейной торжественности. Есть региональный охранный статус. До ближайшего монумента — «Полёт», около 1.66 км.",37.410058,1664,Полёт,,68
Рублёвский водозаборный узел (Кунцево),Рублёвский водозаборный узел,историческое здание,"Можно рассмотреть фрагмент исторической застройки без музейной торжественности. Сохраняет признаки объекта наследия. До ближайшего монумента — «🦸🏼‍♂️ Pugovka», около 1.66 км.",37.344288,1664,🦸🏼‍♂️ Pugovka,,68
Москва Большой Волоколамский проезд 16,Москва Большой Волоколамский,историческое здание,"Дом коменданта при продовольственном пункте станции. До ближайшего монумента — «ЦСКА Арена», около 1.66 км.",37.49514995,1663,ЦСКА Арена,,68
Рижская площадь 3,Рижская площадь 3,историческое здание,"Можно рассмотреть фрагмент исторической застройки без музейной торжественности. Есть региональный охранный статус. До ближайшего монумента — «Еврейский музей», около 1.66 км.",37.632455,1662,Еврейский музей,,68
Дом врачей (Куркино),Дом врачей,историческое здание,"Можно рассмотреть фрагмент исторической застройки без музейной торжественности. Есть федеральный охранный статус. До ближайшего монумента — «Японская ярмарка», около 1.66 км.",37.38090222,1659,Японская ярмарка,,68
1-й Неопалимовский переулок 4,1-й Неопалимовский переулок,историческое здание,"Ограда с воротами в Москве. До ближайшего монумента — «Пётр l», около 1.66 км.",37.58205,1657,Пётр l,,68
Москва улица Панфилова 6Б,Москва улица Панфилова,историческое здание,"Казарма станции Серебряный Бор. До ближайшего монумента — «ЦСКА Арена», около 1.66 км.",37.49749456,1657,ЦСКА Арена,,68
Жилой корпус (домик для проживания воспитанников) (Алексеевский),Жилой корпус домик,историческое здание,"Выделяется силуэтом или масштабом в окружающей застройке. Есть региональный охранный статус. До ближайшего монумента — «Большой розарий», около 1.65 км.",37.65454702,1654,Большой розарий,,68
улица Казакова 15,Улица Казакова 15,историческое здание,"Можно рассмотреть фрагмент исторической застройки без музейной торжественности. Считается ценной частью городской среды. До ближайшего монумента — «Колокольня», около 1.65 км.",37.663728,1654,Колокольня,,68
Два флигеля: погреб (конюшня) (Лианозово),Два флигеля погреб,историческое здание,"Можно рассмотреть фрагмент исторической застройки без музейной торжественности. Есть федеральный охранный статус. До ближайшего монумента — «Первое свидание», около 1.65 км.",37.584778,1651,Первое свидание,,68
Дом культуры «Правда»,Дом культуры,историческое здание,"Памятник архитектуры регионального значения. До ближайшего монумента — «Еврейский музей», около 1.65 км.",37.5806156,1646,Еврейский музей,,68
Денежный переулок 19,Усадьба,усадьба / дворец / особняк,"Подойдёт для спокойного знакомства с московской усадебной архитектурой. Есть выявленный охранный статус. До ближайшего монумента — «Пётр l», около 1.65 км.",37.58567,1645,Пётр l,,68
Пассажирское здание (Марьина роща),Пассажирское здание,историческое здание,"Можно рассмотреть фрагмент исторической застройки без музейной торжественности. Есть региональный охранный статус. До ближайшего монумента — «Еврейский музей», около 1.64 км.",37.63260117,1644,Еврейский музей,,68
Смоленский бульвар 17 c5,Смоленский бульвар 17,историческое здание,"Дом, в котором с 1864 г. До ближайшего монумента — «Пётр l», около 1.64 км.",37.58300519,1637,Пётр l,,68
Ленинградское шоссе 58 c1,Ленинградское шоссе 58,историческое здание,"Можно рассмотреть фрагмент исторической застройки без музейной торжественности. Есть региональный охранный статус. До ближайшего монумента — «Речной вокзал», около 1.64 км.",37.484347,1637,Речной вокзал,,68
Ограда перрона станции Белокаменная,Ограда перрона станции,историческое здание,"Историческая ограда перрона станции. До ближайшего монумента — «Красный богатырь», около 1.63 км.",37.700962,1634,Красный богатырь,,68
Михалковская улица 38 c3,Михалковская улица 38,историческое здание,"Флигель юго-восточный (службы западные). До ближайшего монумента — «НАМИ», около 1.63 км.",37.517303,1633,НАМИ,,68
Котельная (Донской),Котельная,историческое здание,"Можно рассмотреть фрагмент исторической застройки без музейной торжественности. Есть охранный статус. До ближайшего монумента — «Фигурный фонтан», около 1.63 км.",37.5931831,1632,Фигурный фонтан,,68
Храм во имя Святителя Алексия Митрополита Московского (бывший иконы Тихвинской Божьей Матери) при больнице (Донской),Храм имя Святителя,исторический храм / монастырь,"Тихая архитектурная точка, заметная в исторической среде района. Есть охранный статус. До ближайшего монумента — «Фигурный фонтан», около 1.63 км.",37.5931831,1632,Фигурный фонтан,,68
Женское отделение для полубеспокойных и беспокойных больных (Донской),Женское отделение полубеспокойных,историческое здание,"Можно рассмотреть фрагмент исторической застройки без музейной торжественности. Есть выявленный охранный статус. До ближайшего монумента — «Дом-корабль», около 1.63 км.",37.60537324,1629,Дом-корабль,,68
Жилой корпус (домик для проживания воспитанников) (Алексеевский),Жилой корпус домик,историческое здание,"Выделяется силуэтом или масштабом в окружающей застройке. Есть региональный охранный статус. До ближайшего монумента — «Большой розарий», около 1.63 км.",37.65508601,1628,Большой розарий,,68
Административное здание,Административное здание,историческое здание,"Можно рассмотреть фрагмент исторической застройки без музейной торжественности. Сохраняет признаки объекта наследия. До ближайшего монумента — «Памятник на холме», около 1.63 км.",37.514479,1627,Памятник на холме,,68
Особняк И. Прохорова с архитектурно-художественными интерьерами (Пресненский),Особняк Прохорова,усадьба / дворец / особняк,"Подойдёт для спокойного знакомства с московской усадебной архитектурой. Есть выявленный охранный статус. До ближайшего монумента — «Пионер», около 1.63 км.",37.56200258,1626,Пионер,,68
переулок Сивцев Вражек 45 c1,Усадьба,усадьба / дворец / особняк,"Главный дом городской усадьбы. До ближайшего монумента — «Пётр l», около 1.62 км.",37.586074,1625,Пётр l,,68
Каменная ограда парадного двора (Головинский),Каменная ограда парадного,историческое здание,"Можно рассмотреть фрагмент исторической застройки без музейной торжественности. Есть федеральный охранный статус. До ближайшего монумента — «НАМИ», около 1.62 км.",37.517352,1624,НАМИ,,68
Мужское отделение для буйных больных (Донской),Мужское отделение буйных,историческое здание,"Можно рассмотреть фрагмент исторической застройки без музейной торжественности. Есть выявленный охранный статус. До ближайшего монумента — «Дом-корабль», около 1.62 км.",37.60275914,1621,Дом-корабль,,68
Храм Живоначальной Троицы (Алексеевский),Храм Живоначальной Троицы,исторический храм / монастырь,"Тихая архитектурная точка, заметная в исторической среде района. Есть региональный охранный статус. До ближайшего монумента — «Большой розарий», около 1.62 км.",37.6543404,1619,Большой розарий,,68
Перронный зал,Перронный зал,историческое здание,"Можно рассмотреть фрагмент исторической застройки без музейной торжественности. Есть региональный охранный статус. До ближайшего монумента — «Купание коней», около 1.62 км.",37.582897,1619,Купание коней,,68
Башни южного въезда усадьбы Михалково,Усадьба,усадьба / дворец / особняк,"Подойдёт для спокойного знакомства с московской усадебной архитектурой. Есть федеральный охранный статус. До ближайшего монумента — «НАМИ», около 1.61 км.",37.517881,1614,НАМИ,,68
Жилой корпус (домик для проживания воспитанников) (Алексеевский),Жилой корпус домик,историческое здание,"Выделяется силуэтом или масштабом в окружающей застройке. Есть региональный охранный статус. До ближайшего монумента — «Большой розарий», около 1.61 км.",37.65374752,1613,Большой розарий,,68
"2-й Крестовский переулок 17 c1, Церковь Знамения",Церковь Знамения,исторический храм / монастырь,"Тихая архитектурная точка, заметная в исторической среде района. Есть федеральный охранный статус. До ближайшего монумента — «Аптекарский огород», около 1.61 км.",37.64018296,1612,Аптекарский огород,,68
Видовая беседка у пруда усадьбы Михалково,Усадьба,усадьба / дворец / особняк,"Подойдёт для спокойного знакомства с московской усадебной архитектурой. Есть федеральный охранный статус. До ближайшего монумента — «НАМИ», около 1.61 км.",37.516858,1611,НАМИ,,68
Малая астрономическая башня (Пресненский),Малая астрономическая башня,знаковое современное здание,"Выделяется силуэтом или масштабом в окружающей застройке. Есть региональный охранный статус. До ближайшего монумента — «Cheapshot HQ», около 1.61 км.",37.56799434,1610,Cheapshot HQ,,68
Первое машинное отделение станции (Кунцево),Первое машинное отделение,историческое здание,"Можно рассмотреть фрагмент исторической застройки без музейной торжественности. Сохраняет признаки объекта наследия. До ближайшего монумента — «🦸🏼‍♂️ Pugovka», около 1.61 км.",37.344037,1610,🦸🏼‍♂️ Pugovka,,68
Башни западного въезда усадьбы Михалково,Усадьба,усадьба / дворец / особняк,"Подойдёт для спокойного знакомства с московской усадебной архитектурой. Есть федеральный охранный статус. До ближайшего монумента — «НАМИ», около 1.61 км.",37.517498,1609,НАМИ,,68
Корпус квартирный (Донской),Корпус квартирный,историческое здание,"Выделяется силуэтом или масштабом в окружающей застройке. Есть охранный статус. До ближайшего монумента — «Фигурный фонтан», около 1.61 км.",37.59390175,1606,Фигурный фонтан,,68
здание радиоузла дворца пионеров,Здание радиоузла дворца,историческое здание,"Можно рассмотреть фрагмент исторической застройки без музейной торжественности. Есть выявленный охранный статус. До ближайшего монумента — «Арена Лужники», около 1.60 км.",37.556512,1603,Арена Лужники,,68
Скотный двор (Первомайское),Скотный двор,историческое здание,"Можно рассмотреть фрагмент исторической застройки без музейной торжественности. Есть федеральный охранный статус. До ближайшего монумента — «Флигель», около 1.60 км.",37.153186,1603,Флигель,,68
Ткацкий корпус (Пресненский),Ткацкий корпус,историческое здание,"Выделяется силуэтом или масштабом в окружающей застройке. Есть региональный охранный статус. До ближайшего монумента — «Пионер», около 1.60 км.",37.56475142,1602,Пионер,,68
Здание Арбатской АТС (Арбат),Здание Арбатской АТС,историческое здание,"Можно рассмотреть фрагмент исторической застройки без музейной торжественности. Сохраняет признаки объекта наследия. До ближайшего монумента — «Cheapshot HQ», около 1.60 км.",37.58578,1596,Cheapshot HQ,,68
Кинотеатр «Прогресс» (Гагаринский),Театр Прогресс,театр,"Камерная культурная точка для тех, кто ищет районную сцену. Считается ценной частью городской среды. До ближайшего монумента — «МГУ», около 1.60 км.",37.540472,1596,МГУ,,68
Наземный вестибюль,Наземный вестибюль,историческое здание,"Можно рассмотреть фрагмент исторической застройки без музейной торжественности. Есть региональный охранный статус. До ближайшего монумента — «Купание коней», около 1.59 км.",37.582425,1594,Купание коней,,68
Уборная станции Ростокино,Уборная станции Ростокино,историческое здание,"Можно рассмотреть фрагмент исторической застройки без музейной торжественности. Есть региональный охранный статус. До ближайшего монумента — «Ростокинский акведук», около 1.59 км.",37.6558274,1593,Ростокинский акведук,,68
Хозяйственные корпуса (Донской),Хозяйственные корпуса,историческое здание,"Выделяется силуэтом или масштабом в окружающей застройке. Есть охранный статус. До ближайшего монумента — «Фигурный фонтан», около 1.59 км.",37.5947821,1593,Фигурный фонтан,,68
Ледник (Донской),Ледник,историческое здание,"Можно рассмотреть фрагмент исторической застройки без музейной торжественности. Есть охранный статус. До ближайшего монумента — «Фигурный фонтан», около 1.59 км.",37.59446769,1592,Фигурный фонтан,,68
Ленинградское шоссе 58 c32,Ленинградское шоссе 58,историческое здание,"Можно рассмотреть фрагмент исторической застройки без музейной торжественности. Есть региональный охранный статус. До ближайшего монумента — «Речной вокзал», около 1.59 км.",37.484698,1591,Речной вокзал,,68
Михалковская улица 38 c4,Михалковская улица 38,историческое здание,"Можно рассмотреть фрагмент исторической застройки без музейной торжественности. Есть федеральный охранный статус. До ближайшего монумента — «НАМИ», около 1.59 км.",37.517745,1591,НАМИ,,68
Конюшенный корпус (Басманный),Конюшенный корпус,историческое здание,"Выделяется силуэтом или масштабом в окружающей застройке. Есть федеральный охранный статус. До ближайшего монумента — «Колокольня», около 1.59 км.",37.666056,1588,Колокольня,,68
Здание первой Московской астрономической обсерватории Московского университета (Пресненский),Здание первой Московской,историческое здание,"Заметный след старой образовательной городской среды. Есть федеральный охранный статус. До ближайшего монумента — «Cheapshot HQ», около 1.59 км.",37.56830875,1587,Cheapshot HQ,,68
Первое Городское Анастасьинское училище рукоделия (Арбат),Первое Анастасьинское училище,историческое здание,"Заметный след старой образовательной городской среды. Есть выявленный охранный статус. До ближайшего монумента — «Пётр l», около 1.59 км.",37.58805372,1587,Пётр l,,68
Дом врачей (Куркино),Дом врачей,историческое здание,"Можно рассмотреть фрагмент исторической застройки без музейной торжественности. Есть федеральный охранный статус. До ближайшего монумента — «Японская ярмарка», около 1.59 км.",37.38201613,1586,Японская ярмарка,,68
улица Маршала Конева 9,Улица Маршала Конева,историческое здание,"Можно рассмотреть фрагмент исторической застройки без музейной торжественности. Есть региональный охранный статус. До ближайшего монумента — «Octod Tower», около 1.59 км.",37.48752326,1586,Octod Tower,,68
Здание паровой самоткацкой фабрики Ф.Я. Свешникова (Лефортово),Здание паровой самоткацкой,историческое здание,"Напоминает об индустриальном слое московской архитектуры. Считается ценной частью городской среды. До ближайшего монумента — «Су-27», около 1.59 км.",37.677281,1586,Су-27,,68
Западная будка центрального управления стрелками и сигналами (Сокол),Западная будка центрального,историческое здание,"Можно рассмотреть фрагмент исторической застройки без музейной торжественности. Есть региональный охранный статус. До ближайшего монумента — «Ерунда», около 1.58 км.",37.492393,1585,Ерунда,,68
Ограда с воротами (Мещанский),Ограда воротами,историческое здание,"Можно рассмотреть фрагмент исторической застройки без музейной торжественности. Есть охранный статус. До ближайшего монумента — «Аптекарский огород», около 1.58 км.",37.63983,1581,Аптекарский огород,,68
Дом купца Шерупенкова (Тверской),Дом купца Шерупенкова,историческое здание,"Можно рассмотреть фрагмент исторической застройки без музейной торжественности. Есть региональный охранный статус. До ближайшего монумента — «Всем влюбленным», около 1.58 км.",37.58538572,1581,Всем влюбленным,,68
Второе Рогожское городское женское начальное училище (Таганский),Второе Рогожское женское,историческое здание,"Заметный след старой образовательной городской среды. Считается ценной частью городской среды. До ближайшего монумента — «Усадьба Морозовых», около 1.58 км.",37.685183,1581,Усадьба Морозовых,,68
Здание НИИ «Прибой»,Здание НИИ Прибой,историческое здание,"Можно рассмотреть фрагмент исторической застройки без музейной торжественности. Сохраняет признаки объекта наследия. До ближайшего монумента — «Памятник на холме», около 1.58 км.",37.511635,1581,Памятник на холме,,68
Гороховский переулок 4 корпус 1 c12,Гороховский переулок 4,историческое здание,"Выделяется силуэтом или масштабом в окружающей застройке. Есть федеральный охранный статус. До ближайшего монумента — «Колокольня», около 1.58 км.",37.66158981,1579,Колокольня,,68
Наземный вестибюль (Арбат),Наземный вестибюль,историческое здание,"Можно рассмотреть фрагмент исторической застройки без музейной торжественности. Есть выявленный охранный статус. До ближайшего монумента — «Cheapshot HQ», около 1.58 км.",37.582,1579,Cheapshot HQ,,68
Ленинский проспект 62/1,Ленинский проспект 62,историческое здание,"Дом, в котором жил советский востоковед Юрий Николаевич Рерих. До ближайшего монумента — «Первая Хрущёвка», около 1.58 км.",37.554393,1578,Первая Хрущёвка,,68
Перронный зал (Арбат),Перронный зал,историческое здание,"Можно рассмотреть фрагмент исторической застройки без музейной торжественности. Есть выявленный охранный статус. До ближайшего монумента — «Cheapshot HQ», около 1.58 км.",37.58281,1577,Cheapshot HQ,,68
Главный дом (Арбат),Главный дом,историческое здание,"Можно рассмотреть фрагмент исторической застройки без музейной торжественности. Есть региональный охранный статус. До ближайшего монумента — «Cheapshot HQ», около 1.58 км.",37.58652658,1577,Cheapshot HQ,,68
Государственный музей спорта,Музей спорта,спортивная арена / стадион,"Хороший вариант для короткого визита, если интересны экспозиции и локальные коллекции. До ближайшего монумента — «Колокольня», около 1.58 км.",37.665319444,1576,Колокольня,https://ru.wikipedia.org/wiki/%D0%93%D0%BE%D1%81%D1%83%D0%B4%D0%B0%D1%80%D1%81%D1%82%D0%B2%D0%B5%D0%BD%D0%BD%D1%8B%D0%B9_%D0%BC%D1%83%D0%B7%D0%B5%D0%B9_%D1%81%D0%BF%D0%BE%D1%80%D1%82%D0%B0,68
"улица Казакова 18 c1, Парк (29,0 га)",Улица Казакова 18,знаковое городское место,"Место для прогулки и передышки от плотной городской застройки. Есть федеральный охранный статус. До ближайшего монумента — «Колокольня», около 1.58 км.",37.67014,1576,Колокольня,,68
Жилой корпус (домик для проживания воспитанников) (Алексеевский),Жилой корпус домик,историческое здание,"Выделяется силуэтом или масштабом в окружающей застройке. Есть региональный охранный статус. До ближайшего монумента — «Большой розарий», около 1.58 км.",37.65433142,1576,Большой розарий,,68
Малая астрономическая башня (Пресненский),Малая астрономическая башня,знаковое современное здание,"Выделяется силуэтом или масштабом в окружающей застройке. Есть региональный охранный статус. До ближайшего монумента — «Cheapshot HQ», около 1.58 км.",37.56855129,1576,Cheapshot HQ,,68
Смоленская площадь 6,Смоленская площадь 6,историческое здание,"Дом. Историческое здание в Москве, памятник архитектуры. До ближайшего монумента — «Cheapshot HQ», около 1.57 км.",37.58352621,1575,Cheapshot HQ,,68
Авиамоторная улица 30А,Авиамоторная улица 30А,историческое здание,"Здание школы, в котором формировался истребительный батальон Калининского района гор. До ближайшего монумента — «Московские Кольца», около 1.57 км.",37.719262,1573,Московские Кольца,,68
Колодезная улица 7 к4,Колодезная улица 7,историческое здание,"Можно рассмотреть фрагмент исторической застройки без музейной торжественности. Считается ценной частью городской среды. До ближайшего монумента — «Дворец на Яузе», около 1.57 км.",37.697075,1573,Дворец на Яузе,,68
"Женское отделение для слабых, требующих надзора и вновь поступающих (Донской)",Женское отделение слабых,историческое здание,"Можно рассмотреть фрагмент исторической застройки без музейной торжественности. Есть выявленный охранный статус. До ближайшего монумента — «Дом-корабль», около 1.57 км.",37.60595,1570,Дом-корабль,,68
Тимирязевская улица 47-49,Тимирязевская улица 47-49,знаковое городское место,"Грот в парке у пруда в Москве. До ближайшего монумента — «Tram station», около 1.57 км.",37.541385,1569,Tram station,,68
Дворовый корпус служб (Басманный),Дворовый корпус служб,историческое здание,"Выделяется силуэтом или масштабом в окружающей застройке. Есть федеральный охранный статус. До ближайшего монумента — «Колокольня», около 1.57 км.",37.66680004,1569,Колокольня,,68
Михалковская улица 38 c2,Михалковская улица 38,историческое здание,"Можно рассмотреть фрагмент исторической застройки без музейной торжественности. Есть федеральный охранный статус. До ближайшего монумента — «НАМИ», около 1.57 км.",37.518688,1568,НАМИ,,68
Старая Басманная улица 14/2 c2,Старая Басманная улица,историческое здание,"Историческое здание в Москве, памятник архитектуры. До ближайшего монумента — «Доходный дом Перлова», около 1.57 км.",37.66079031,1566,Доходный дом Перлова,,68
улица Плющиха 62 c1,Усадьба,усадьба / дворец / особняк,"Главный дом усадьбы Снегирёва. До ближайшего монумента — «Way to ducks!», около 1.57 км.",37.57512696,1566,Way to ducks!,,68
Мужское отделение для полубеспокойных и беспокойных больных (Донской),Мужское отделение полубеспокойных,историческое здание,"Можно рассмотреть фрагмент исторической застройки без музейной торжественности. Есть выявленный охранный статус. До ближайшего монумента — «Дом-корабль», около 1.57 км.",37.60358559,1566,Дом-корабль,,68
Два флигеля: пивоварня (Лианозово),Два флигеля пивоварня,историческое здание,"Можно рассмотреть фрагмент исторической застройки без музейной торжественности. Есть федеральный охранный статус. До ближайшего монумента — «Славянский музей», около 1.56 км.",37.583862,1565,Славянский музей,,68
Сторожка (Таганский),Сторожка,историческое здание,"Можно рассмотреть фрагмент исторической застройки без музейной торжественности. Есть охранный статус. До ближайшего монумента — «Усадьба Ардалионова», около 1.56 км.",37.657886,1562,Усадьба Ардалионова,,68
Гороховский переулок 4 корпус 1А,Гороховский переулок 4,историческое здание,"Главный дом с интерьерами («Золотые комнаты»). До ближайшего монумента — «Колокольня», около 1.56 км.",37.66269474,1560,Колокольня,,68
Городская усадьба (Арбат),Усадьба,усадьба / дворец / особняк,"Подойдёт для спокойного знакомства с московской усадебной архитектурой. Есть выявленный охранный статус. До ближайшего монумента — «Cheapshot HQ», около 1.56 км.",37.58642,1560,Cheapshot HQ,,68
Дом Смирнова-Лопатиной,Дом Смирнова-Лопатиной,историческое здание,"Главный дом. Историческое здание в Москве, памятник архитектуры. До ближайшего монумента — «Фигурный фонтан», около 1.56 км.",37.58256501,1559,Фигурный фонтан,,68
Малая Померанцевая оранжерея (Якиманка),Малая Померанцевая оранжерея,историческое здание,"Можно рассмотреть фрагмент исторической застройки без музейной торжественности. Есть федеральный охранный статус. До ближайшего монумента — «Фигурный фонтан», около 1.56 км.",37.591478,1556,Фигурный фонтан,,68
Перронный зал (Тверской),Перронный зал,историческое здание,"Можно рассмотреть фрагмент исторической застройки без музейной торжественности. Есть выявленный охранный статус. До ближайшего монумента — «Купание коней», около 1.55 км.",37.58245,1555,Купание коней,,68
Михалковская улица 59/9 литера 36.137,Михалковская улица 59,историческое здание,"Будка центрального управления стрелками и сигналами. До ближайшего монумента — «НАМИ», около 1.55 км.",37.520525,1553,НАМИ,,68
Князе-Владимирский монастырь (Филимонки),Князе-Владимирский монастырь,исторический храм / монастырь,"Тихая архитектурная точка, заметная в исторической среде района. Есть региональный охранный статус. До ближайшего монумента — «Беседка ""Прибрежная""», около 1.55 км.",37.3481,1551,"Беседка ""Прибрежная""",,68
Главный дом (Басманный),Главный дом,историческое здание,"Можно рассмотреть фрагмент исторической застройки без музейной торжественности. Есть федеральный охранный статус. До ближайшего монумента — «Колокольня», около 1.55 км.",37.66856074,1551,Колокольня,,68
Ограда с воротами (Хамовники),Ограда воротами,историческое здание,"Можно рассмотреть фрагмент исторической застройки без музейной торжественности. Есть выявленный охранный статус. До ближайшего монумента — «Фигурный фонтан», около 1.55 км.",37.57831,1551,Фигурный фонтан,,68
Смоленский бульвар 11,Смоленский бульвар 11,историческое здание,"Место для прогулки и передышки от плотной городской застройки. Есть региональный охранный статус. До ближайшего монумента — «Пётр l», около 1.55 км.",37.5838496,1550,Пётр l,,68
Парк усадьбы Салтыкова (7.9 Га) (Лефортово),Усадьба,усадьба / дворец / особняк,"Подойдёт для спокойного знакомства с московской усадебной архитектурой. Есть региональный охранный статус. До ближайшего монумента — «Усадьба Морозовых», около 1.55 км.",37.673705,1550,Усадьба Морозовых,,68
Колодезная улица 7 к5,Колодезная улица 7,историческое здание,"Можно рассмотреть фрагмент исторической застройки без музейной торжественности. Считается ценной частью городской среды. До ближайшего монумента — «Дворец на Яузе», около 1.55 км.",37.696174,1550,Дворец на Яузе,,68
Главный дом (Лианозово),Главный дом,историческое здание,"Можно рассмотреть фрагмент исторической застройки без музейной торжественности. Есть федеральный охранный статус. До ближайшего монумента — «Первое свидание», около 1.55 км.",37.585429,1548,Первое свидание,,68
Государственный музей Константина и Виктора Мельниковых,Музей Константина,музей,"Хороший вариант для короткого визита, если интересны экспозиции и локальные коллекции. До ближайшего монумента — «Cheapshot HQ», около 1.55 км.",37.589408333,1546,Cheapshot HQ,https://ru.wikipedia.org/wiki/%D0%9C%D1%83%D0%B7%D0%B5%D0%B9_%D0%9C%D0%B5%D0%BB%D1%8C%D0%BD%D0%B8%D0%BA%D0%BE%D0%B2%D1%8B%D1%85,68
Административное здание,Административное здание,историческое здание,"Можно рассмотреть фрагмент исторической застройки без музейной торжественности. Сохраняет признаки объекта наследия. До ближайшего монумента — «Памятник на холме», около 1.55 км.",37.512752,1546,Памятник на холме,,68
церковь Троицы Живоначальной в Филимонках,Церковь Троицы,исторический храм / монастырь,"Тихая архитектурная точка, заметная в исторической среде района. Есть региональный охранный статус. До ближайшего монумента — «Беседка ""Прибрежная""», около 1.54 км.",37.347683,1545,"Беседка ""Прибрежная""",,68
Отбельный цех (Пресненский),Отбельный цех,историческое здание,"Можно рассмотреть фрагмент исторической застройки без музейной торжественности. Есть региональный охранный статус. До ближайшего монумента — «Пионер», около 1.54 км.",37.56431125,1544,Пионер,,68
Главный корпус (Сокольники),Главный корпус,историческое здание,"Выделяется силуэтом или масштабом в окружающей застройке. Есть выявленный охранный статус. До ближайшего монумента — «Большой розарий», около 1.54 км.",37.6943334,1543,Большой розарий,,68
улица Плющиха 62 c2,Улица Плющиха 62,историческое здание,"Флигель. Историческое здание в Москве, памятник архитектуры. До ближайшего монумента — «Way to ducks!», около 1.54 км.",37.57468679,1541,Way to ducks!,,68
«Назаровская» башня (Пресненский),Назаровская башня,знаковое современное здание,"Выделяется силуэтом или масштабом в окружающей застройке. Есть региональный охранный статус. До ближайшего монумента — «Cheapshot HQ», около 1.54 км.",37.56900944,1541,Cheapshot HQ,,68
Флигель усадьбы Е.Н. Нарышкиной (Хамовники),Усадьба Нарышкиной,усадьба / дворец / особняк,"Подойдёт для спокойного знакомства с московской усадебной архитектурой. Есть региональный охранный статус. До ближайшего монумента — «Пётр l», около 1.54 км.",37.587883,1540,Пётр l,,68
Административное здание,Административное здание,историческое здание,"Можно рассмотреть фрагмент исторической застройки без музейной торжественности. Сохраняет признаки объекта наследия. До ближайшего монумента — «Памятник на холме», около 1.54 км.",37.51206,1540,Памятник на холме,,68
Богадельня (Сокольники),Богадельня,историческое здание,"Можно рассмотреть фрагмент исторической застройки без музейной торжественности. Есть выявленный охранный статус. До ближайшего монумента — «Большой розарий», около 1.54 км.",37.69401899,1539,Большой розарий,,68
Главный дом (Арбат),Главный дом,историческое здание,"Можно рассмотреть фрагмент исторической застройки без музейной торжественности. Есть региональный охранный статус. До ближайшего монумента — «Пётр l», около 1.54 км.",37.58905983,1539,Пётр l,,68
Часовня в память 300-летия Дома Романовых (Таганский),Часовня память 300-летия,исторический храм / монастырь,"Тихая архитектурная точка, заметная в исторической среде района. Есть охранный статус. До ближайшего монумента — «Усадьба Ардалионова», около 1.54 км.",37.656322,1537,Усадьба Ардалионова,,68
Два боковых флигеля (Басманный),Два боковых флигеля,историческое здание,"Можно рассмотреть фрагмент исторической застройки без музейной торжественности. Есть федеральный охранный статус. До ближайшего монумента — «Колокольня», около 1.54 км.",37.667602,1537,Колокольня,,68
Главный корпус с храмом во имя иконы Божией Матери «Всех скорбящих Радость» (Донской),Главный корпус храмом,исторический храм / монастырь,"Тихая архитектурная точка, заметная в исторической среде района. Есть выявленный охранный статус. До ближайшего монумента — «Дом-корабль», около 1.54 км.",37.60534629,1536,Дом-корабль,,68
Алфёровская женская гимназия (Хамовники),Алфёровская женская гимназия,историческое здание,"Заметный след старой образовательной городской среды. Считается ценной частью городской среды. До ближайшего монумента — «Пионер», около 1.53 км.",37.573796,1535,Пионер,,68
Михалковская улица 38 c1,Михалковская улица 38,историческое здание,"Можно рассмотреть фрагмент исторической застройки без музейной торжественности. Есть федеральный охранный статус. До ближайшего монумента — «НАМИ», около 1.53 км.",37.518963,1534,НАМИ,,68
Административное здание НКВД (Хорошёвский),Административное здание НКВД,историческое здание,"Можно рассмотреть фрагмент исторической застройки без музейной торжественности. Сохраняет признаки объекта наследия. До ближайшего монумента — «ЦСКА Арена», около 1.53 км.",37.518776,1534,ЦСКА Арена,,68
Наземный вестибюль (Тверской),Наземный вестибюль,историческое здание,"Можно рассмотреть фрагмент исторической застройки без музейной торжественности. Есть выявленный охранный статус. До ближайшего монумента — «Купание коней», около 1.53 км.",37.582128,1533,Купание коней,,68
Старая Басманная улица 15 с3,Старая Басманная улица,историческое здание,"Можно рассмотреть фрагмент исторической застройки без музейной торжественности. Есть федеральный охранный статус. До ближайшего монумента — «Колокольня», около 1.53 км.",37.66049386,1532,Колокольня,,68
Ленинградское шоссе 95,Ленинградское шоссе 95,историческое здание,"Ново-Дмитровское земское начальное училище. До ближайшего монумента — «Ежи», около 1.53 км.",37.387342,1532,Ежи,,68
Башни восточного въезда усадьбы Михалково,Усадьба,усадьба / дворец / особняк,"Подойдёт для спокойного знакомства с московской усадебной архитектурой. Есть федеральный охранный статус. До ближайшего монумента — «НАМИ», около 1.53 км.",37.51911,1532,НАМИ,,68
"Мужское отделение, для слабых, требующих надзора и вновь поступающих (Донской)",Мужское отделение слабых,историческое здание,"Можно рассмотреть фрагмент исторической застройки без музейной торжественности. Есть выявленный охранный статус. До ближайшего монумента — «Дом-корабль», около 1.53 км.",37.60473543,1531,Дом-корабль,,68
Дом деревянный рубленый (корпус служителей) (Пресненский),Дом деревянный рубленый,историческое здание,"Выделяется силуэтом или масштабом в окружающей застройке. Есть региональный охранный статус. До ближайшего монумента — «Cheapshot HQ», около 1.53 км.",37.56919808,1531,Cheapshot HQ,,68
Главный дом (Первомайское),Главный дом,историческое здание,"Можно рассмотреть фрагмент исторической застройки без музейной торжественности. Есть федеральный охранный статус. До ближайшего монумента — «Флигель», около 1.53 км.",37.153928,1530,Флигель,,68
Палаты патриарха Филарета (настоятельские) (Таганский),Палаты патриарха Филарета,усадьба / дворец / особняк,"Можно увидеть редкий для Москвы слой старой каменной застройки. Есть федеральный охранный статус. До ближайшего монумента — «Усадьба Ардалионова», около 1.53 км.",37.65716111,1530,Усадьба Ардалионова,,68
Колокольня Новоспасского монастыря,Колокольня Новоспасского монастыря,исторический храм / монастырь,"Тихая архитектурная точка, заметная в исторической среде района. Есть федеральный охранный статус. До ближайшего монумента — «Усадьба Морозовых», около 1.53 км.",37.65757434,1529,Усадьба Морозовых,,68
Корпус богадельни юго-восточный (восточный) (Гагаринский),Корпус богадельни юго-восточный,историческое здание,"Выделяется силуэтом или масштабом в окружающей застройке. Есть федеральный охранный статус. До ближайшего монумента — «Арена Лужники», около 1.53 км.",37.575883,1528,Арена Лужники,,68
улица Косыгина 2 c2,Улица Косыгина 2,историческое здание,"Можно рассмотреть фрагмент исторической застройки без музейной торжественности. Есть региональный охранный статус. До ближайшего монумента — «Арена Лужники», около 1.52 км.",37.57354593,1525,Арена Лужники,,68
Трансформаторная подстанция во дворе (Щукино),Трансформаторная подстанция дворе,вокзал / транспортный объект,"Интересно как часть городской инфраструктуры и повседневного движения Москвы. Есть региональный охранный статус. До ближайшего монумента — «Octod Tower», около 1.52 км.",37.4883,1524,Octod Tower,,68
Флигель (Первомайское),Флигель,историческое здание,"Можно рассмотреть фрагмент исторической застройки без музейной торжественности. Есть федеральный охранный статус. До ближайшего монумента — «Флигель», около 1.52 км.",37.153445,1524,Флигель,,68
Смоленская площадь 6 c1,Смоленская площадь 6,историческое здание,"Можно рассмотреть фрагмент исторической застройки без музейной торжественности. Есть региональный охранный статус. До ближайшего монумента — «Cheapshot HQ», около 1.52 км.",37.58328367,1521,Cheapshot HQ,,68
Три фонтана (на территории внутренних дворов) (Щукино),Три фонтана территории,историческое здание,"Можно рассмотреть фрагмент исторической застройки без музейной торжественности. Есть региональный охранный статус. До ближайшего монумента — «Octod Tower», около 1.52 км.",37.48918,1521,Octod Tower,,68
Главный дом городской усадьбы Е.Н. Горчаковой – Н.А. Богданова (Хамовники),Усадьба Горчаковой,усадьба / дворец / особняк,"Главный дом городской усадьбы Е.Н. Горчаковой – Н.А. До ближайшего монумента — «Пётр l», около 1.52 км.",37.58691286,1521,Пётр l,,68
Братский корпус северный (Таганский),Братский корпус северный,историческое здание,"Выделяется силуэтом или масштабом в окружающей застройке. Есть федеральный охранный статус. До ближайшего монумента — «Усадьба Морозовых», около 1.52 км.",37.65606517,1520,Усадьба Морозовых,,68
Больница детская с приютом (Донской),Больница приютом,историческое здание,"Можно рассмотреть фрагмент исторической застройки без музейной торжественности. Есть охранный статус. До ближайшего монумента — «Фигурный фонтан», около 1.52 км.",37.59429701,1519,Фигурный фонтан,,68
Богадельня Рахмановых (Донской),Богадельня Рахмановых,историческое здание,"Можно рассмотреть фрагмент исторической застройки без музейной торжественности. Есть охранный статус. До ближайшего монумента — «Фигурный фонтан», около 1.52 км.",37.59429701,1519,Фигурный фонтан,,68
Церковь Андрея Стратилата,Церковь Андрея Стратилата,исторический храм / монастырь,"Церковь Андрея Стратилата (надвратная). До ближайшего монумента — «Арена Лужники», около 1.52 км.",37.575744,1518,Арена Лужники,,68
Ансамбль планировки и жилой застройки «Нижняя Пресня» (Пресненский),Ансамбль планировки жилой,историческое здание,"Можно рассмотреть фрагмент исторической застройки без музейной торжественности. Есть выявленный охранный статус. До ближайшего монумента — «Пионер», около 1.52 км.",37.553125,1518,Пионер,,68
Никольская церковь при больничных палатах (Таганский),Церковь больничных палатах,исторический храм / монастырь,"Можно увидеть редкий для Москвы слой старой каменной застройки. Есть федеральный охранный статус. До ближайшего монумента — «Усадьба Морозовых», около 1.52 км.",37.65698145,1517,Усадьба Морозовых,,68
Братский (казначейский) корпус восточный (Таганский),Братский казначейский корпус,историческое здание,"Выделяется силуэтом или масштабом в окружающей застройке. Есть федеральный охранный статус. До ближайшего монумента — «Усадьба Морозовых», около 1.52 км.",37.65698145,1517,Усадьба Морозовых,,68
Спасо-Преображенский собор (Таганский),Собор,исторический храм / монастырь,"Тихая архитектурная точка, заметная в исторической среде района. Есть федеральный охранный статус. До ближайшего монумента — «Усадьба Ардалионова», около 1.52 км.",37.65628975,1516,Усадьба Ардалионова,,68
Люблинская улица 48,Люблинская улица 48,историческое здание,"ДК имени III Интернационала. До ближайшего монумента — «Ice park», около 1.51 км.",37.737012,1515,Ice park,,68
Смоленская площадь 6 c3,Смоленская площадь 6,историческое здание,"Дом жилой. Историческое здание в Москве, памятник архитектуры. До ближайшего монумента — «Cheapshot HQ», около 1.51 км.",37.58379571,1515,Cheapshot HQ,,68
Корпус жилой для обслуживающего персонала (Донской),Корпус жилой обслуживающего,историческое здание,"Выделяется силуэтом или масштабом в окружающей застройке. Есть охранный статус. До ближайшего монумента — «Фигурный фонтан», около 1.51 км.",37.59535702,1514,Фигурный фонтан,,68
7-й Ростовский переулок 17,Усадьба,усадьба / дворец / особняк,"Главный дом городской усадьбы. До ближайшего монумента — «Пионер», около 1.51 км.",37.57325847,1513,Пионер,,68
Ансамбль Сокольнического отделения Городского Работного дома и Дома трудолюбия (Сокольники),Ансамбль Сокольнического отделения,историческое здание,"Можно рассмотреть фрагмент исторической застройки без музейной торжественности. Есть выявленный охранный статус. До ближайшего монумента — «Большой розарий», около 1.51 км.",37.69371,1513,Большой розарий,,68
Главный дом (Арбат),Главный дом,историческое здание,"Можно рассмотреть фрагмент исторической застройки без музейной торжественности. Есть региональный охранный статус. До ближайшего монумента — «Пётр l», около 1.51 км.",37.58665235,1513,Пётр l,,68
Ограда с воротами (Арбат),Ограда воротами,историческое здание,"Можно рассмотреть фрагмент исторической застройки без музейной торжественности. Есть региональный охранный статус. До ближайшего монумента — «Пётр l», около 1.51 км.",37.58665235,1513,Пётр l,,68
Грот (Якиманка),Грот,историческое здание,"Можно рассмотреть фрагмент исторической застройки без музейной торжественности. Есть федеральный охранный статус. До ближайшего монумента — «Фигурный фонтан», около 1.51 км.",37.58773,1511,Фигурный фонтан,,68
Колодезная улица 7 к6,Колодезная улица 7,историческое здание,"Можно рассмотреть фрагмент исторической застройки без музейной торжественности. Считается ценной частью городской среды. До ближайшего монумента — «Дворец на Яузе», около 1.51 км.",37.695305,1510,Дворец на Яузе,,68
Корпус богадельни юго-западный (южный) (Гагаринский),Корпус богадельни юго-западный,историческое здание,"Выделяется силуэтом или масштабом в окружающей застройке. Есть федеральный охранный статус. До ближайшего монумента — «Арена Лужники», около 1.51 км.",37.575366,1509,Арена Лужники,,68
улица Короленко 3А,Улица Короленко 3А,историческое здание,"Корп��с мастерских и спален. До ближайшего монумента — «Большой розарий», около 1.51 км.",37.69385729,1508,Большой розарий,,68
Особняк Листа (Арбат),Особняк Листа,усадьба / дворец / особняк,"Подойдёт для спокойного знакомства с московской усадебной архитектурой. Есть федеральный охранный статус. До ближайшего монумента — «Пётр l», около 1.51 км.",37.58626607,1507,Пётр l,,68
Главный дом,Главный дом,историческое здание,"Можно рассмотреть фрагмент исторической застройки без музейной торжественности. Есть федеральный охранный статус. До ближайшего монумента — «Пётр l», около 1.51 км.",37.58999408,1507,Пётр l,,68
Здание лаборатории (Кунцево),Здание лаборатории,историческое здание,"Можно рассмотреть фрагмент исторической застройки без музейной торжественности. Сохраняет признаки объекта наследия. До ближайшего монумента — «🦸🏼‍♂️ Pugovka», около 1.51 км.",37.342682,1506,🦸🏼‍♂️ Pugovka,,68
Северо-западный флигель (Арбат),Северо-западный флигель,историческое здание,"Можно рассмотреть фрагмент исторической застройки без музейной торжественности. Есть охранный статус. До ближайшего монумента — «Пётр l», около 1.50 км.",37.590101,1505,Пётр l,,68
Гороховский ��ереулок 3 c1,Гороховский ереулок 3,историческое здание,"Можно рассмотреть фрагмент исторической застройки без музейной торжественности. Есть федеральный охранный статус. До ближайшего монумента — «Колокольня», около 1.50 км.",37.66229948,1504,Колокольня,,68
Колодезная улица 7 к3,Колодезная улица 7,историческое здание,"Можно рассмотреть фрагмент исторической застройки без музейной торжественности. Считается ценной частью городской среды. До ближайшего монумента — «Дворец на Яузе», около 1.50 км.",37.697813,1503,Дворец на Яузе,,68
Волоколамское шоссе 128 ворота ограды храма,Волоколамское шоссе 128,исторический храм / монастырь,"Тихая архитектурная точка, заметная в исторической среде района. Есть региональный охранный статус. До ближайшего монумента — «Сходненский ковш», около 1.50 км.",37.40165,1502,Сходненский ковш,,68
Башня № 2 — круглая угловая северо-западная (Донской),Башня 2,знаковое современное здание,"Выделяется силуэтом или масштабом в окружающей застройке. Есть федеральный охранный статус. До ближайшего монумента — «Дом-корабль», около 1.50 км.",37.599532,1502,Дом-корабль,,68
Гравёрный цех (Пресненский),Гравёрный цех,историческое здание,"Можно рассмотреть фрагмент исторической застройки без музейной торжественности. Есть региональный охранный статус. До ближайшего монумента — «Пионер», около 1.50 км.",37.56365548,1501,Пионер,,68
Вокзал станции «Ховрино» (Западное Дегунино),Вокзал станции Ховрино,вокзал / транспортный объект,"Интересно как часть городской инфраструктуры и повседневного движения Москвы. Считается ценной частью городской среды. До ближайшего монумента — «Apple garden», около 1.50 км.",37.513622,1501,Apple garden,,68
Южный флигель (Арбат),Южный флигель,историческое здание,"Можно рассмотреть фрагмент исторической застройки без музейной торжественности. Считается ценной частью городской среды. До ближайшего монумента — «Пётр l», около 1.50 км.",37.589708,1500,Пётр l,,68
Флигель (Арбат),Флигель,историческое здание,"Можно рассмотреть фрагмент исторической застройки без музейной торжественности. Есть охранный статус. До ближайшего монумента — «Пётр l», около 1.50 км.",37.586633,1500,Пётр l,,68
Церковь Знамения (Таганский),Церковь Знамения,исторический храм / монастырь,"Тихая архитектурная точка, заметная в исторической среде района. Есть федеральный охранный статус. До ближайшего монумента — «Усадьба Ардалионова», около 1.50 км.",37.65576873,1499,Усадьба Ардалионова,,68
"Волоколамское шоссе 128, здание храма",Волоколамское шоссе 128,исторический храм / монастырь,"Тихая архитектурная точка, заметная в исторической среде района. Есть региональный охранный статус. До ближайшего монумента — «Сходненский ковш», около 1.50 км.",37.4022372,1498,Сходненский ковш,,68
Стена и башни хозяйственного двора (Таганский),Стена башни хозяйственного,знаковое современное здание,"Можно рассмотреть фрагмент исторической застройки без музейной торжественности. Есть федеральный охранный статус. До ближайшего монумента — «Усадьба Ардалионова», около 1.50 км.",37.657253,1498,Усадьба Ардалионова,,68
Пост электрической централизации (Филёвский Парк),Пост электрической централизации,знаковое городское место,"Место для прогулки и передышки от плотной городской застройки. Сохраняет признаки объекта наследия. До ближайшего монумента — «Ракета Хруничева», около 1.50 км.",37.513762,1498,Ракета Хруничева,,68
Новинская электрическая подстанция городских железных дорог (Арбат),Новинская электрическая подстанция,вокзал / транспортный объект,"Интересно как часть городской инфраструктуры и повседневного движения Москвы. Сохраняет признаки объекта наследия. До ближайшего монумента — «Cheapshot HQ», около 1.50 км.",37.584442,1498,Cheapshot HQ,,68
улица Россолимо 15/13,Улица Россолимо 15,историческое здание,"Ограда с воротами в Москве. До ближайшего монумента — «Фигурный фонтан», около 1.50 км.",37.578636,1497,Фигурный фонтан,,68
Бо��ьничный корпус (Сокольники),Бо ьничный корпус,историческое здание,"Выделяется силуэтом или масштабом в окружающей застройке. Есть выявленный охранный статус. До ближайшего монумента — «Большой розарий», около 1.50 км.",37.69344407,1497,Большой розарий,,68
Самокатная улица 4 c11,Самокатная улица 4,историческое здание,"Можно рассмотреть фрагмент исторической застройки без музейной торжественности. Есть выявленный охранный статус. До ближайшего монумента — «Усадьба Морозовых», около 1.50 км.",37.67579217,1496,Усадьба Морозовых,,68
Колокольня с церковью апостола Иоанна Богослова,Колокольня церковью апостола,исторический храм / монастырь,"Колокольня с церковью апостола Иоанна Богослова. До ближайшего монумента — «Арена Лужники», около 1.50 км.",37.575296,1496,Арена Лужники,,68
"Гороховский переулок 3 c1, Ограда",Гороховский переулок 3,историческое здание,"Ограда исторического здания в Москве. До ближайшего монумента — «Колокольня», около 1.50 км.",37.66261,1495,Колокольня,,68
Главный корпус (Хамовники),Главный корпус,историческое здание,"Выделяется силуэтом или масштабом в окружающей застройке. Есть региональный охранный статус. До ближайшего монумента — «Фигурный фонтан», около 1.49 км.",37.57959159,1494,Фигурный фонтан,,68
"Полуциркульные арки между домами 23, 25, 27 внутри двора по ул. Маршала Бирюзова (Щукино)",Полуциркульные арки между,историческое здание,"Полуциркульные арки между домами 23, 25, 27 внутри двора по ул. До ближайшего монумента — «Octod Tower», около 1.49 км.",37.48927,1493,Octod Tower,,68
Особняк Н.В. Урусовой с оградой (Хамовники),Особняк Урусовой,усадьба / дворец / особняк,"Подойдёт для спокойного знакомства с московской усадебной архитектурой. Есть выявленный охранный статус. До ближайшего монумента — «Пётр l», около 1.49 км.",37.587145,1491,Пётр l,,68
Церковь Успения Пресвятой Богородицы (Филимонки),Церковь Успения Богородицы,исторический храм / монастырь,"Тихая архитектурная точка, заметная в исторической среде района. Есть региональный охранный статус. До ближайшего монумента — «Беседка ""Прибрежная""», около 1.49 км.",37.34849,1490,"Беседка ""Прибрежная""",,68
Гороховский переулок 4 корпус 6,Гороховский переулок 4,историческое здание,"Выделяется силуэтом или масштабом в окружающей застройке. Есть федеральный охранный статус. До ближайшего монумента — «Колокольня», около 1.49 км.",37.66316186,1489,Колокольня,,68
Ворота ограды (Первомайское),Ворота ограды,историческое здание,"Можно рассмотреть фрагмент исторической застройки без музейной торжественности. Есть федеральный охранный статус. До ближайшего монумента — «Флигель», около 1.49 км.",37.152843,1489,Флигель,,68
Караульни (Басманный),Караульни,историческое здание,"Можно рассмотреть фрагмент исторической застройки без музейной торжественности. Есть федеральный охранный статус. До ближайшего монумента — «Колокольня», около 1.49 км.",37.66769835,1489,Колокольня,,68
Международная улица 37 с1,Международная улица 37,историческое здание,"Можно рассмотреть фрагмент исторической застройки без музейной торжественности. Есть региональный охранный статус. До ближайшего монумента — «Усадьба Морозовых», около 1.49 км.",37.6886201,1489,Усадьба Морозовых,,68
Павильон сборного резервуара (Кунцево),Павильон сборного резервуара,историческое здание,"Можно рассмотреть фрагмент исторической застройки без музейной торжественности. Сохраняет признаки объекта наследия. До ближайшего монумента — «🦸🏼‍♂️ Pugovka», около 1.49 км.",37.34308,1489,🦸🏼‍♂️ Pugovka,,68
Здание мебельной фабрики «Мюр и Мерилиз» (Пресненский),Здание мебельной фабрики,историческое здание,"Напоминает об индустриальном слое московской архитектуры. Есть выявленный охранный статус. До ближайшего монумента — «Cheapshot HQ», около 1.49 км.",37.5691352,1488,Cheapshot HQ,,68
Здание приюта им. Н.С. Мазурина,Здание приюта им,историческое здание,"Можно рассмотреть фрагмент исторической застройки без музейной торжественности. Есть региональный охранный статус. До ближайшего монумента — «Way to ducks!», около 1.49 км.",37.57733682,1488,Way to ducks!,,68
Наличная улица 1 с1А,Наличная улица 1,историческое здание,"Можно рассмотреть фрагмент исторической застройки без музейной торжественности. Есть региональный охранный статус. До ближайшего монумента — «Дворец на Яузе», около 1.49 км.",37.70509522,1486,Дворец на Яузе,,68
Ограда с воротами (Арбат),Ограда воротами,историческое здание,"Можно рассмотреть фрагмент исторической застройки без музейной торжественности. Есть региональный охранный статус. До ближайшего монумента — «Пётр l», около 1.49 км.",37.586976,1486,Пётр l,,68
Старая Басманная улица 15А С4,Усадьба,усадьба / дворец / особняк,"Подойдёт для спокойного знакомства с московской усадебной архитектурой. Есть федеральный охранный статус. До ближайшего монумента — «Колокольня», около 1.49 км.",37.66115862,1485,Колокольня,,68
Большая Пироговская улица 9А с2,Большая Пироговская улица,историческое здание,"Можно рассмотреть фрагмент исторической застройки без музейной торжественности. Есть охранный статус. До ближайшего монумента — «Фигурный фонтан», около 1.49 км.",37.579518,1485,Фигурный фонтан,,68
Рабочий клуб фабрики имени Петра Алексеева,Рабочий клуб фабрики,историческое здание,"Сохраняет память о районной культурной жизни и общественных пространствах. Считается ценной частью городской среды. До ближайшего монумента — «НАМИ», около 1.49 км.",37.519762,1485,НАМИ,,68
Гороховский переулок 6 с1,Гороховский переулок 6,историческое здание,"Флигель. Историческое здание в Москве, памятник архитектуры. До ближайшего монумента — «Колокольня», около 1.48 км.",37.66403323,1483,Колокольня,,68
улица Россолимо 15/13 c1,Улица Россолимо 15,историческое здание,"Здание клиники горловых и ушных болезней. До ближайшего монумента — «Фигурный фонтан», около 1.48 км.",37.57856751,1483,Фигурный фонтан,,68
Южный флигель (Арбат),Южный флигель,историческое здание,"Можно рассмотреть фрагмент исторической застройки без музейной торжественности. Есть федеральный охранный статус. До ближайшего монумента — «Cheapshot HQ», около 1.48 км.",37.590626,1483,Cheapshot HQ,,68
Железнодорожный вокзал (Филёвский Парк),Железнодорожный вокзал,вокзал / транспортный объект,"Место для прогулки и передышки от плотной городской застройки. Сохраняет признаки объекта наследия. До ближайшего монумента — «Ракета Хруничева», около 1.48 км.",37.514525,1483,Ракета Хруничева,,68
Корпуса восточный и западный (Якиманка),Корпуса восточный западный,историческое здание,"Выделяется силуэтом или масштабом в окружающей застройке. Есть охранный статус. До ближайшего монумента — «Фигурный фонтан», около 1.48 км.",37.590972,1483,Фигурный фонтан,,68
улица Олений Вал 24Б,Улица Олений Вал,историческое здание,"Приют им. Ф.П. Гааза для малолетних призреваемых Работного дома и Дома трудолюбия. До ближайшего монумента — «Большой розарий», около 1.48 км.",37.69300389,1481,Большой розарий,,68
Братский корпус западный (Таганский),Братский корпус западный,историческое здание,"Выделяется силуэтом или масштабом в окружающей застройке. Есть федеральный охранный статус. До ближайшего монумента — «Усадьба Ардалионова», около 1.48 км.",37.65531957,1481,Усадьба Ардалионова,,68
Башня угловая северо-западная (Таганский),Башня угловая северо-западная,знаковое современное здание,"Выделяется силуэтом или масштабом в окружающей застройке. Есть федеральный охранный статус. До ближайшего монумента — «Усадьба Морозовых», около 1.48 км.",37.65531957,1480,Усадьба Морозовых,,68
Башня угловая юго-восточная (Таганский),Башня угловая юго-восточная,знаковое современное здание,"Выделяется силуэтом или масштабом в окружающей застройке. Есть федеральный охранный статус. До ближайшего монумента — «Усадьба Морозовых», около 1.48 км.",37.65531957,1480,Усадьба Морозовых,,68
Усадьба А.К. Поливанова (Арбат),Усадьба Поливанова,усадьба / дворец / особняк,"Подойдёт для спокойного знакомства с московской усадебной архитектурой. Есть охранный статус. До ближайшего монумента — «Пётр l», около 1.48 км.",37.58694,1480,Пётр l,,68
Усадьба купца Н.А. Варенцова,Усадьба Варенцова,усадьба / дворец / особняк,"Подойдёт для спокойного знакомства с московской усадебной архитектурой. Сохраняет признаки объекта наследия. До ближайшего монумента — «Rainbow», около 1.48 км.",37.559811,1479,Rainbow,,68
Пресненское отделение Дамского попечительства о бедных имени княжны Марии Павловны Щербатовой (Пресненский),Пресненское отделение Дамского,историческое здание,"Здание отделения бывшей благотворительной организации, помогавшей женщинам и детям, находящимся в бедности. До ближайшего монумента — «Cheapshot HQ», около 1.48 км.",37.5694656,1479,Cheapshot HQ,,68
Трапезная палата с церковью Покрова (Таганский),Трапезная палата церковью,исторический храм / монастырь,"Можно увидеть редкий для Москвы слой старой каменной застройки. Есть федеральный охранный статус. До ближайшего монумента — «Усадьба Ардалионова», около 1.48 км.",37.65596636,1478,Усадьба Ардалионова,,68
Корпус богадельни северо-восточный (северный) (Гагаринский),Корпус богадельни северо-восточный,историческое здание,"Выделяется силуэтом или масштабом в окружающей застройке. Есть федеральный охранный статус. До ближайшего монумента — «Арена Лужники», около 1.48 км.",37.575097,1478,Арена Лужники,,68
улица Казакова 23 c1,Усадьба,усадьба / дворец / особняк,"Особняк с художественными интерьерами. До ближайшего монумента — «Колокольня», около 1.48 км.",37.66726716,1477,Колокольня,,68
Гороховский переулок 3 c2,Гороховский переулок 3,историческое здание,"Флигель. Историческое здание в Москве, памятник архитектуры. До ближайшего монумента — «Колокольня», около 1.48 км.",37.66291932,1475,Колокольня,,68
Самокатная улица 4 c7,Самокатная улица 4,историческое здание,"Можно рассмотреть фрагмент исторической застройки без музейной торжественности. Есть выявленный охранный статус. До ближайшего монумента — «Су-27», около 1.47 км.",37.67881051,1474,Су-27,,68
Ограда (фрагмент) (Гольяново),Ограда фрагмент,историческое здание,"Можно рассмотреть фрагмент исторической застройки без музейной торжественности. Есть региональный охранный статус. До ближайшего монумента — «Babaevka», около 1.47 км.",37.81377,1474,Babaevka,,68
Контора управляющего (Южное Бутово),Контора управляющего,историческое здание,"Можно рассмотреть фрагмент исторической застройки без музейной торжественности. Сохраняет признаки объекта наследия. До ближайшего монумента — «Rainbow», около 1.47 км.",37.559876,1474,Rainbow,,68
Западный флигель (Арбат),Западный флигель,историческое здание,"Можно рассмотреть фрагмент исторической застройки без музейной торжественности. Есть федеральный охранный статус. До ближайшего монумента — «Cheapshot HQ», около 1.47 км.",37.590256,1474,Cheapshot HQ,,68
Вторая проходная (Даниловский),Вторая проходная,историческое здание,"Можно рассмотреть фрагмент исторической застройки без музейной торжественности. Считается ценной частью городской среды. До ближайшего монумента — «Дом-корабль», около 1.47 км.",37.641938,1473,Дом-корабль,,68
"улица Преображенский Вал 17 c1, Надвратная палата",улица Преображенский Вал,усадьба / дворец / особняк,"Можно увидеть редкий для Москвы слой старой каменной застройки. Есть федеральный охранный статус. До ближайшего монумента — «Дворец на Яузе», около 1.47 км.",37.71916284,1472,Дворец на Яузе,,68
Ограда (Басманный),Ограда,историческое здание,"Можно рассмотреть фрагмент исторической застройки без музейной торжественности. Есть федеральный охранный статус. До ближайшего монумента — «Колокольня», около 1.47 км.",37.664561,1472,Колокольня,,68
Главный дом городской усадьбы И.А. Королёва – П.П. Страховой – Тестовых (Арбат),Усадьба Королёва,усадьба / дворец / особняк,"Главный дом городской усадьбы И.А. Королёва – П.П. До ближайшего монумента — «Cheapshot HQ», около 1.47 км.",37.58871847,1472,Cheapshot HQ,,68
"улица Казакова 23 c1, Пилоны ворот по ул. Казакова",Улица Казакова 23,историческое здание,"Улица Казакова 23 c1, Пилоны ворот по ул. До ближайшего монумента — «Колокольня», около 1.47 км.",37.66762,1471,Колокольня,,68
Авиамоторная улица 26,Авиамоторная улица 26,историческое здание,"Школа. Историческое здание в Москве, памятник архитектуры. До ближайшего монумента — «Су-27», около 1.47 км.",37.71904605,1471,Су-27,,68
Ограда с воротами по периметру ансамбля (Щукино),Ограда воротами периметру,историческое здание,"Можно рассмотреть фрагмент исторической застройки без музейной торжественности. Есть региональный охранный статус. До ближайшего монумента — «Octod Tower», около 1.47 км.",37.48837,1471,Octod Tower,,68
Павильон сборного резервуара (Кунцево),Павильон сборного резервуара,историческое здание,"Можно рассмотреть фрагмент исторической застройки без музейной торжественности. Сохраняет признаки объекта наследия. До ближайшего монумента — «🦸🏼‍♂️ Pugovka», около 1.47 км.",37.342724,1471,🦸🏼‍♂️ Pugovka,,68
Ленинградское шоссе 58 корпус 4,Ленинградское шоссе 58,историческое здание,"Выделяется силуэтом или масштабом в окружающей застройке. Есть региональный охранный статус. До ближайшего монумента — «Речной вокзал», около 1.47 км.",37.482357,1469,Речной вокзал,,68
Здание Городского епархиального училища им. Ф.А. Копейкина-Серебрякова (Пресненский),Здание Городского епархиального,историческое здание,"Здание Городского епархиального училища им. До ближайшего монумента — «Cheapshot HQ», около 1.47 км.",37.56979995,1469,Cheapshot HQ,,68
Грот в саду Баумана,Грот саду Баумана,историческое здание,"Историческое здание в Москве, памятник архитектуры. До ближайшего монумента — «Колокольня», около 1.47 км.",37.658762,1468,Колокольня,,68
Амбар (ледник) (Первомайское),Амбар ледник,историческое здание,"Можно рассмотреть фрагмент исторической застройки без музейной торжественности. Есть федеральный охранный статус. До ближайшего монумента — «Флигель», около 1.47 км.",37.152429,1468,Флигель,,68
Ограда (Пресненский),Ограда,историческое здание,"Можно рассмотреть фрагмент исторической застройки без музейной торжественности. Есть федеральный охранный статус. До ближайшего монумента — «Cheapshot HQ», около 1.47 км.",37.57132709,1468,Cheapshot HQ,,68
Колодезная улица 7 к7,Колодезная улица 7,историческое здание,"Можно рассмотреть фрагмент исторической застройки без музейной торжественности. Считается ценной частью городской среды. До ближайшего монумента — «Дворец на Яузе», около 1.47 км.",37.695659,1468,Дворец на Яузе,,68
Кордодром (Гагаринский),Кордодром,спортивная арена / стадион,"Связано со спортивной жизнью города и крупными событиями района. До ближайшего монумента — «Арена Лужники», около 1.47 км.",37.558124,1467,Арена Лужники,,68
Кладовая с проходной (Тверской),Кладовая проходной,историческое здание,"Можно рассмотреть фрагмент исторической застройки без музейной торжественности. Есть региональный охранный статус. До ближайшего монумента — «Еврейский музей», около 1.47 км.",37.59096426,1466,Еврейский музей,,68
улица Казакова 23 c4,Улица Казакова 23,историческое здание,"Флигель. Историческое здание в Москве, памятник архитектуры. До ближайшего монумента — «Колокольня», около 1.46 км.",37.66776123,1464,Колокольня,,68
"улица Казакова 23 c4, Ограда и брандмауэрная стена",Улица Казакова 23,историческое здание,"Ограда и брандмауэрная стена исторического здания в Москве. До ближайшего монумента — «Колокольня», около 1.46 км.",37.66776123,1464,Колокольня,,68
Ограда с двумя воротами и четырьмя кордегардиями (Басманный),Ограда двумя воротами,историческое здание,"Можно рассмотреть фрагмент исторической застройки без музейной торжественности. Есть федеральный охранный статус. До ближайшего монумента — «Колокольня», около 1.46 км.",37.668491,1462,Колокольня,,68
Смоленская площадь 8/12/1 c1,Смоленская площадь 8,историческое здание,"Дом. Историческое здание в Москве, памятник архитектуры. До ближайшего монумента — «Cheapshot HQ», около 1.46 км.",37.58330163,1461,Cheapshot HQ,,68
Башня угловая юго-западная (Таганский),Башня угловая юго-западная,знаковое современное здание,"Выделяется силуэтом или масштабом в окружающей застройке. Есть федеральный охранный статус. До ближайшего монумента — «Усадьба Ардалионова», около 1.46 км.",37.65633466,1460,Усадьба Ардалионова,,68
Здание храма Зосимы и Савватия в Гольяново,Здание храма Зосимы,исторический храм / монастырь,"Тихая архитектурная точка, заметная в исторической среде района. Есть региональный охранный статус. До ближайшего монумента — «Babaevka», около 1.46 км.",37.81406985,1459,Babaevka,,68
Переулок Хользунова 16 с1,Переулок Хользунова 16,историческое здание,"Можно рассмотреть фрагмент исторической застройки без музейной торжественности. Есть выявленный охранный статус. До ближайшего монумента — «Фигурный фонтан», около 1.46 км.",37.57834293,1459,Фигурный фонтан,,68
Квасоварня (Таганский),Квасоварня,историческое здание,"Можно рассмотреть фрагмент исторической застройки без музейной торжественности. Есть федеральный охранный статус. До ближайшего монумента — «Усадьба Ардалионова», около 1.46 км.",37.65577771,1457,Усадьба Ардалионова,,68
Старая Басманная улица 15А c15,Старая Басманная улица,историческое здание,"Корпус служб, Историческое здание в Москве, памятник архитектуры. До ближайшего монумента — «Колокольня», около 1.46 км.",37.66095201,1456,Колокольня,,68
Коттедж с квартирой П.Л. Капицы,Коттедж Капицы,историческое здание,"Коттедж с квартирой П.Л. До ближайшего монумента — «Арена Лужники», около 1.46 км.",37.5733483,1456,Арена Лужники,,68
Улица Короленко 7 к1,Улица Короленко 7,историческое здание,"Можно рассмотреть фрагмент исторической застройки без музейной торжественности. Считается ценной частью городской среды. До ближайшего монумента — «Дворец на Яузе», около 1.46 км.",37.693552,1456,Дворец на Яузе,,68
Башня пятигранная на западной стене (Таганский),Башня пятигранная западной,знаковое современное здание,"Выделяется силуэтом или масштабом в окружающей застройке. Есть федеральный охранный статус. До ближайшего монумента — «Усадьба Ардалионова», около 1.46 км.",37.65527465,1455,Усадьба Ардалионова,,68
Полуказарма (Ростокино),Полуказарма,историческое здание,"Можно рассмотреть фрагмент исторической застройки без музейной торжественности. Есть региональный охранный статус. До ближайшего монумента — «Ростокинский акведук», около 1.45 км.",37.659551,1454,Ростокинский акведук,,68
Корпус квартир для служащих больницы (Донской),Корпус квартир служащих,историческое здание,"Выделяется силуэтом или масштабом в окружающей застройке. Есть выявленный охранный статус. До ближайшего монумента — «Дом-корабль», около 1.45 км.",37.60672071,1454,Дом-корабль,,68
Богадельня Голофтеева (Пресненский),Богадельня Голофтеева,историческое здание,"Можно рассмотреть фрагмент исторической застройки без музейной торжественности. Есть выявленный охранный статус. До ближайшего монумента — «Купание коней», около 1.45 км.",37.55754693,1454,Купание коней,,68
Улица Короленко 7 к3,Улица Короленко 7,историческое здание,"Можно рассмотреть фрагмент исторической застройки без музейной торжественности. Считается ценной частью городской среды. До ближайшего монумента — «Дворец на Яузе», около 1.45 км.",37.694503,1454,Дворец на Яузе,,68
Гороховский переулок 6 с2,Гороховский переулок 6,историческое здание,"Главный дом. Историческое здание в Москве, памятник архитектуры. До ближайшего монумента — «Колокольня», около 1.45 км.",37.66414102,1452,Колокольня,,68
улица Радио 10 c7,Улица Радио 10,историческое здание,"Службы южные. Историческое здание в Москве, памятник архитектуры. До ближайшего монумента — «Колокольня», около 1.45 км.",37.67610658,1452,Колокольня,,68
Корпус богадельни северо-западный (западный) (Гагаринский),Корпус богадельни северо-западный,историческое здание,"Выделяется силуэтом или масштабом в окружающей застройке. Есть федеральный охранный статус. До ближайшего монумента — «Арена Лужники», около 1.45 км.",37.574413,1452,Арена Лужники,,68
Колодезная улица 7 к1,Колодезная улица 7,историческое здание,"Можно рассмотреть фрагмент исторической застройки без музейной торжественности. Считается ценной частью городской среды. До ближайшего монумента — «Дворец на Яузе», около 1.45 км.",37.696882,1452,Дворец на Яузе,,68
Ансамбль Коронационного убежища и Дома призрения И.Д. Баева (Сокольники),Ансамбль Коронационного убежища,историческое здание,"Ансамбль Коронационного убежища и Дома призрения И.Д. До ближайшего монумента — «Большой розарий», около 1.45 км.",37.692779,1451,Большой розарий,,68
Водонапорная башня (Бутырский),Водонапорная башня,знаковое современное здание,"Выделяется силуэтом или масштабом в окружающей застройке. Сохраняет признаки объекта наследия. До ближайшего монумента — «Еврейский музей», около 1.45 км.",37.587185,1449,Еврейский музей,,68
"Новая Басманная улица 11/6-4/3 с4, Здание церкви Петра и Павла",Новая Басманная улица,историческое здание,"Историческое здание в Москве. До ближайшего монумента — «Колокольня», около 1.45 км.",37.65671,1448,Колокольня,,68
Яузская улица 1/15 c2,Яузская улица 1,историческое здание,"Северный флигель с лавками. До ближайшего монумента — «Усадьба Морозовых», около 1.45 км.",37.64359655,1448,Усадьба Морозовых,,68
Здание бани,Здание бани,историческое здание,"Здание в квартале станции Угрешская, Москва. До ближайшего монумента — «Футболисты», около 1.45 км.",37.68943,1447,Футболисты,,68
Прядильный корпус Трёхгорной мануфактуры с лестничной башней и площадкой,Прядильный корпус Трёхгорной,знаковое современное здание,"Выделяется силуэтом или масштабом в окружающей застройке. Есть региональный охранный статус. До ближайшего монумента — «Пионер», около 1.45 км.",37.56054731,1447,Пионер,,68
Ансамбль жилой застройки (Хорошёвский),Ансамбль жилой застройки,историческое здание,"Можно рассмотреть фрагмент исторической застройки без музейной торжественности. Считается ценной частью городской среды. До ближайшего монумента — «ЦСКА Арена», около 1.45 км.",37.520172,1447,ЦСКА Арена,,68
Мостик в пар��е (Котловка),Мостик пар е,историческое здание,"Интересно как часть городской инфраструктуры и повседневного движения Москвы. Есть охранный статус. До ближайшего монумента — «Первая Хрущёвка», около 1.45 км.",37.585729,1447,Первая Хрущёвка,,68
Морг при Первом Московском государственном медицинском университете имени И.М. Сеченова,Морг,историческое здание,"Морг при Первом Московском государственном медицинском университете имени И.М. До ближайшего монумента — «Фигурный фонтан», около 1.45 км.",37.580399,1446,Фигурный фонтан,,68
Яузская улица 1/15с8,Усадьба,усадьба / дворец / особняк,"Подойдёт для спокойного знакомства с московской усадебной архитектурой. Есть региональный охранный статус. До ближайшего монумента — «Усадьба Морозовых», около 1.45 км.",37.643913,1445,Усадьба Морозовых,,68
Самокатная улица 4 c13,Самокатная улица 4,историческое здание,"Сарай. Историческое здание в Москве, памятник архитектуры. До ближайшего монумента — «Усадьба Морозовых», около 1.45 км.",37.67565743,1445,Усадьба Морозовых,,68
Службы (Хамовники),Службы,историческое здание,"Можно рассмотреть фрагмент исторической застройки без музейной торжественности. Есть региональный охранный статус. До ближайшего монумента — «Пётр l», около 1.45 км.",37.5867332,1445,Пётр l,,68
Яузский бульвар 14,Яузский бульвар 14,историческое здание,"Место для прогулки и передышки от плотной городской застройки. Считается ценной частью городской среды. До ближайшего монумента — «ГУМ», около 1.45 км.",37.643689,1445,ГУМ,,68
Парк (Можайский),Парк,знаковое городское место,"Место для прогулки и передышки от плотной городской застройки. Есть региональный охранный статус. До ближайшего монумента — «Hypercube», около 1.44 км.",37.341588,1444,Hypercube,,68
Корпус-сторожка смотрительского двора при Александринском дворце (Якиманка),Корпус-сторожка смотрительского двора,историческое здание,"Выделяется силуэтом или масштабом в окружающей застройке. Есть региональный охранный статус. До ближайшего монумента — «Фигурный фонтан», около 1.44 км.",37.591061,1444,Фигурный фонтан,,68
Флигель с оградой (Якиманка),Флигель оградой,историческое здание,"Можно рассмотреть фрагмент исторической застройки без музейной торжественности. Есть охранный статус. До ближайшего монумента — «Фигурный фонтан», около 1.44 км.",37.591075,1444,Фигурный фонтан,,68
Яузская улица 1/15 c1,Яузская улица 1,историческое здание,"Дом. Историческое здание в Москве, памятник архитектуры. До ближайшего монумента — «ГУМ», около 1.44 км.",37.64335401,1442,ГУМ,,68
улица Нижняя Масловка 15 c5,Улица Нижняя Масловка,историческое здание,"Можно рассмотреть фрагмент исторической застройки без музейной торжественности. Есть региональный охранный статус. До ближайшего монумента — «Путевой дворец», около 1.44 км.",37.57447119,1442,Путевой дворец,,68
улица Нижняя Масловка 15 c6,Улица Нижняя Масловка,историческое здание,"Можно рассмотреть фрагмент исторической застройки без музейной торжественности. Есть региональный охранный статус. До ближайшего монумента — «Путевой дворец», около 1.44 км.",37.57452509,1442,Путевой дворец,,68
"Дом, в котором жил и работал советский художник Владимир Александрович Серов (Пресненский)",Дом котором жил,историческое здание,"Можно рассмотреть фрагмент исторической застройки без музейной торжественности. Есть охранный статус. До ближайшего монумента — «Пионер», около 1.44 км.",37.571922,1442,Пионер,,68
Жилой флигель (богадельня) (Басманный),Жилой флигель богадельня,историческое здание,"Можно рассмотреть фрагмент исторической застройки без музейной торжественности. Есть федеральный охранный статус. До ближайшего монумента — «Колокольня», около 1.44 км.",37.66993516,1442,Колокольня,,68
Службы (Пресненский),Службы,историческое здание,"Можно рассмотреть фрагмент исторической застройки без музейной торжественности. Есть федеральный охранный статус. До ближайшего монумента — «Cheapshot HQ», около 1.44 км.",37.570271,1440,Cheapshot HQ,,68
3-я Кабельная улица 1 c1,3-я Кабельная улица,историческое здание,"Можно рассмотреть фрагмент исторической застройки без музейной торжественности. Есть выявленный охранный статус. До ближайшего монумента — «Су-27», около 1.44 км.",37.716944,1439,Су-27,,68
Жилые дома (Щукино),Жилые дома,историческое здание,"Можно рассмотреть фрагмент исторической застройки без музейной торжественности. Есть региональный охранный статус. До ближайшего монумента — «Octod Tower», около 1.44 км.",37.49033498,1439,Octod Tower,,68
Москва улица Прянишникова 12,Москва улица Прянишникова,историческое здание,"Можно рассмотреть фрагмент исторической застройки без музейной торжественности. Есть выявленный охранный статус. До ближайшего монумента — «Tram station», около 1.44 км.",37.55501,1438,Tram station,,68
Сторожка (Хамовники),Сторожка,историческое здание,"Можно рассмотреть фрагмент исторической застройки без музейной торжественности. Есть региональный охранный статус. До ближайшего монумента — «Пётр l», около 1.44 км.",37.58750575,1438,Пётр l,,68
Городская усадьба И.И. Лощенова - доходное владение П.Т. Полякова (Таганский),Усадьба Лощенова,усадьба / дворец / особняк,"Городская усадьба И.И. Лощенова - доходное владение П.Т. До ближайшего монумента — «Усадьба Морозовых», около 1.44 км.",37.644433,1438,Усадьба Морозовых,,68
Административное здание,Административное здание,историческое здание,"Можно рассмотреть фрагмент исторической застройки без музейной торжественности. Сохраняет признаки объекта наследия. До ближайшего монумента — «МГУ», около 1.44 км.",37.522641,1438,МГУ,,68
Ледник (Тимирязевский),Ледник,историческое здание,"Можно рассмотреть фрагмент исторической застройки без музейной торжественности. Есть выявленный охранный статус. До ближайшего монумента — «Tram station», около 1.44 км.",37.55501368,1437,Tram station,,68
Главный дом (Арбат),Главный дом,историческое здание,"Можно рассмотреть фрагмент исторической застройки без музейной торжественности. Есть федеральный охранный статус. До ближайшего монумента — «Cheapshot HQ», около 1.44 км.",37.590466,1437,Cheapshot HQ,,68
улица Нижняя Масловка 15 c4,Улица Нижняя Масловка,историческое здание,"Можно рассмотреть фрагмент исторической застройки без музейной торжественности. Есть региональный охранный статус. До ближайшего монумента — «Путевой дворец», около 1.44 км.",37.57430051,1436,Путевой дворец,,68
Ворота (Гольяново),Ворота,историческое здание,"Можно рассмотреть фрагмент исторической застройки без музейной торжественности. Есть региональный охранный статус. До ближайшего монумента — «Babaevka», около 1.44 км.",37.81373,1435,Babaevka,,68
улица Косыгина 17 корпус 4 для кружковых занятий,Улица Косыгина 17,знаковое городское место,"Корпус для кружковых занятий с оранжереей и панно «Земля» на парковом фасаде в Москве. До ближайшего монумента — «Арена Лужники», около 1.43 км.",37.55434893,1434,Арена Лужники,,68
Вагонный сарай с котельной (Тверской),Вагонный сарай котельной,историческое здание,"Можно рассмотреть фрагмент исторической застройки без музейной торжественности. Есть региональный охранный статус. До ближайшего монумента — «Всем влюбленным», около 1.43 км.",37.59102,1434,Всем влюбленным,,68
Почвенно-агрономический музей имени В. Р. Вильямса,Музей Вильямса,музей,"Почвенно-агрономический музей имени В. Р. До ближайшего монумента — «НАМИ», около 1.43 км.",37.54866,1433,НАМИ,https://ru.wikipedia.org/wiki/%D0%9F%D0%BE%D1%87%D0%B2%D0%B5%D0%BD%D0%BD%D0%BE-%D0%B0%D0%B3%D1%80%D0%BE%D0%BD%D0%BE%D0%BC%D0%B8%D1%87%D0%B5%D1%81%D0%BA%D0%B8%D0%B9_%D0%BC%D1%83%D0%B7%D0%B5%D0%B9_%D0%B8%D0%BC%D0%B5%D0%BD%D0%B8_%D0%92._%D0%A0._%D0%92%D0%B8%D0%BB%D1%8C%D1%8F%D0%BC%D1%81%D0%B0,68
улица Нижняя Масловка 15 c2,Улица Нижняя Масловка,историческое здание,"Можно рассмотреть фрагмент исторической застройки без музейной торжественности. Есть региональный охранный статус. До ближайшего монумента — «Путевой дворец», около 1.43 км.",37.57448018,1433,Путевой дворец,,68
Старая Басманная улица 11/2 c1,Старая Басманная улица,историческое здание,"Дом правления Московско-Курской и Нижегородской-Муромской железных дорог (с архитектурно-художественными интерьерами). До ближайшего монумента — «Доходный дом Перлова», около 1.43 км.",37.65853554,1432,Доходный дом Перлова,,68
улица Прянишникова 6,Улица Прянишникова 6,историческое здание,"Учебный корпус Сельскохозяйственной академии имени К.А. До ближайшего монумента — «НАМИ», около 1.43 км.",37.548123,1432,НАМИ,,68
Башни № 3 и 4 — квадратные на северной стене (Донской),Башни 3 4,знаковое современное здание,"Можно рассмотреть фрагмент исторической застройки без музейной торжественности. Есть федеральный охранный статус. До ближайшего монумента — «Дом-корабль», около 1.43 км.",37.600946,1432,Дом-корабль,,68
улица Нижняя Масловка 15,Улица Нижняя Масловка,историческое здание,"Здание депо. Историческое здание в Москве, памятник архитектуры. До ближайшего монумента — «Путевой дворец», около 1.43 км.",37.57452509,1430,Путевой дворец,,68
Главный дом (Пресненский),Главный дом,историческое здание,"Можно рассмотреть фрагмент исторической застройки без музейной торжественности. Есть выявленный охранный статус. До ближайшего монумента — «Cheapshot HQ», около 1.43 км.",37.57099471,1430,Cheapshot HQ,,68
Городская усадьба Резановых (Пресненский),Усадьба Резановых,усадьба / дворец / особняк,"Подойдёт для спокойного знакомства с московской усадебной архитектурой. Есть выявленный охранный статус. До ближайшего монумента — «Cheapshot HQ», около 1.43 км.",37.57099471,1430,Cheapshot HQ,,68
Садовая постройка (Хамовники),Садовая постройка,историческое здание,"Место для прогулки и передышки от плотной городской застройки. Есть региональный охранный статус. До ближайшего монумента — «Пётр l», около 1.43 км.",37.58679608,1430,Пётр l,,68
Люблинская улица 72,Люблинская улица 72,историческое здание,"Заводоуправление. Историческое здание в Москве, памятник архитектуры. До ближайшего монумента — «Ice park», около 1.43 км.",37.738818,1429,Ice park,,68
Здание гаража Снабгрэсс в Юрьевском переулке,Здание гаража Снабгрэсс,историческое здание,"Историческое здание в Москве. До ближайшего монумента — «Су-27», около 1.43 км.",37.71994,1429,Су-27,,68
Доходное владение Г.Е. и А.Г. Бройдо — В.Я. Бурдакова (Хамовники),Владение Бурдакова,историческое здание,"Можно рассмотреть фрагмент исторической застройки без музейной торжественности. Есть региональный охранный статус. До ближайшего монумента — «Пётр l», около 1.43 км.",37.587254,1428,Пётр l,,68
Корпус для кружковых занятий с панно «Вода» на парковом фасаде (Гагаринский),Корпус кружковых занятий,знаковое городское место,"Место для прогулки и передышки от плотной городской застройки. Есть выявленный охранный статус. До ближайшего монумента — «МГУ», около 1.43 км.",37.55358536,1427,МГУ,,68
Видовая беседка в парке усадьбы Михалково,Усадьба,усадьба / дворец / особняк,"Подойдёт для спокойного знакомства с московской усадебной архитектурой. Есть федеральный охранный статус. До ближайшего монумента — «НАМИ», около 1.43 км.",37.520534,1427,НАМИ,,68
Восточные службы (Арбат),Восточные службы,историческое здание,"Можно рассмотреть фрагмент исторической застройки без музейной торжественности. Есть федеральный охранный статус. До ближайшего монумента — «Cheapshot HQ», около 1.43 км.",37.590867,1427,Cheapshot HQ,,68
Ограда (Хамовники),Ограда,историческое здание,"Можно рассмотреть фрагмент исторической застройки без музейной торжественности. Есть региональный охранный статус. До ближайшего монумента — «Пётр l», около 1.43 км.",37.58773931,1426,Пётр l,,68
"Городская усадьба П.А. и Н.П. Павловых («Товарищества мануфактур, основанных И.И. Скворцовым») (Хамовники)",Усадьба Павловых,усадьба / дворец / особняк,"Городская усадьба П.А. и Н.П. Павловых («Товарищества мануфактур, основанных И.И. До ближайшего монумента — «Пётр l», около 1.43 км.",37.58773931,1426,Пётр l,,68
Хозяйственная постройка Главных артиллерийских складов,Хозяйственная постройка Главных,историческое здание,"Можно рассмотреть фрагмент исторической застройки без музейной торжественности. Сохраняет признаки объекта наследия. До ближайшего монумента — «Пограничный столб», около 1.43 км.",37.695259,1426,Пограничный столб,,68
улица Маршала Соколовского 6,Улица Маршала Соколовского,историческое здание,"Можно рассмотреть фрагмент исторической застройки без музейной торжественности. Есть региональный охранный статус. До ближайшего монумента — «Octod Tower», около 1.43 км.",37.49002057,1425,Octod Tower,,68
Жилой корпус для рабочих (Таганский),Жилой корпус рабочих,историческое здание,"Выделяется силуэтом или масштабом в окружающей застройке. Есть выявленный охранный статус. До ближайшего монумента — «Усадьба Ардалионова», около 1.42 км.",37.65747552,1423,Усадьба Ардалионова,,68
Подстанция (Южнопортовый),Подстанция,вокзал / транспортный объект,"Интересно как часть городской инфраструктуры и повседневного движения Москвы. Считается ценной частью городской среды. До ближайшего монумента — «Остров мечты», около 1.42 км.",37.683751,1423,Остров мечты,,68
Ограда (Хамовники),Ограда,историческое здание,"Можно рассмотреть фрагмент исторической застройки без музейной торжественности. Есть выявленный охранный статус. До ближайшего монумента — «Way to ducks!», около 1.42 км.",37.57744,1422,Way to ducks!,,68
Ансамбль жилых домов (Даниловский),Ансамбль жилых домов,историческое здание,"Можно рассмотреть фрагмент исторической застройки без музейной торжественности. Считается ценной частью городской среды. До ближайшего монумента — «Остров мечты», около 1.42 км.",37.662866,1422,Остров мечты,,68
Фрагмент доходной застройки (Арбат),Фрагмент доходной застройки,историческое здание,"Можно рассмотреть фрагмент исторической застройки без музейной торжественности. Считается ценной частью городской среды. До ближайшего монумента — «Cheapshot HQ», около 1.42 км.",37.593958,1422,Cheapshot HQ,,68
Здание горячего цеха Кунцевской игольной фабрики (Можайский),Здание горячего цеха,историческое здание,"Напоминает об индустриальном слое московской архитектуры. Сохраняет признаки объекта наследия. До ближайшего монумента — «Дача Д. Филиппова», около 1.42 км.",37.418423,1422,Дача Д. Филиппова,,68
"Старая Басманная улица 17 c2,",Усадьба,усадьба / дворец / особняк,"Подойдёт для спокойного знакомства с московской усадебной архитектурой. Есть региональный охранный статус. До ближайшего монумента — «Колокольня», около 1.42 км.",37.66070048,1420,Колокольня,,68
"Новая Басманная улица 14, Дом доходный (западный)",Новая Басманная улица,историческое здание,"Можно рассмотреть фрагмент исторической застройки без музейной торжественности. Есть охранный статус. До ближайшего монумента — «Колокольня», около 1.42 км.",37.65822,1420,Колокольня,,68
Яузская улица 1/15 c3,Яузская улица 1,историческое здание,"Флигель (бывший главный дом). До ближайшего монумента — «Усадьба Морозовых», около 1.42 км.",37.64399181,1420,Усадьба Морозовых,,68
Госпитальная площадь 1-3 c9,Театр Госпитальная площадь,театр,"Анатомический театр Первого военного госпиталя. До ближайшего монумента — «Колокольня», около 1.42 км.",37.69701038,1420,Колокольня,,68
Улица Короленко 7 к2,Улица Короленко 7,историческое здание,"Можно рассмотреть фрагмент исторической застройки без музейной торжественности. Считается ценной частью городской среды. До ближайшего монумента — «Дворец на Яузе», около 1.42 км.",37.693918,1420,Дворец на Яузе,,68
Самокатная улица 4 c14,Самокатная улица 4,историческое здание,"Можно рассмотреть фрагмент исторической застройки без музейной торжественности. Есть выявленный охранный статус. До ближайшего монумента — «Усадьба Морозовых», около 1.42 км.",37.67586404,1419,Усадьба Морозовых,,68
"Новая Басманная улица 11/6-4/3 с4, Ограда церкви Петра и Павла",Новая Басманная улица,историческое здание,"Ограда церкви Петра и Павла, памятник архитектуры. До ближайшего монумента — «Колокольня», около 1.42 км.",37.65717,1418,Колокольня,,68
Западные ворота и колокольня (Донской),Западные ворота колокольня,историческое здание,"Можно рассмотреть фрагмент исторической застройки без музейной торжественности. Есть федеральный охранный статус. До ближайшего монумента — «Дом-корабль», около 1.42 км.",37.60001,1417,Дом-корабль,,68
Ог��ада с северными воротами (Арбат),Ог ада северными,историческое здание,"Можно рассмотреть фрагмент исторической застройки без музейной торжественности. Есть федеральный охранный статус. До ближайшего монумента — «Cheapshot HQ», около 1.42 км.",37.590662,1417,Cheapshot HQ,,68
Колодезная улица 7 к8,Колодезная улица 7,историческое здание,"Можно рассмотреть фрагмент исторической застройки без музейной торжественности. Считается ценной частью городской среды. До ближайшего монумента — «Дворец на Яузе», около 1.42 км.",37.696544,1415,Дворец на Яузе,,68
Флигель усадьбы К.А. Зайцева - доходного дома Д.С. Белова (Таганский),Усадьба Зайцева,усадьба / дворец / особняк,"Флигель усадьбы К.А. Зайцева - доходного дома Д.С. До ближайшего монумента — «ГУМ», около 1.42 км.",37.643615,1415,ГУМ,,68
"Корпус прачечной, сушильни и погребов (Донской)",Корпус прачечной сушильни,историческое здание,"Выделяется силуэтом или масштабом в окружающей застройке. Есть выявленный охранный статус. До ближайшего монумента — «Дом-корабль», около 1.41 км.",37.60763699,1414,Дом-корабль,,68
Мастерская (Тверской),Мастерская,историческое здание,"Можно рассмотреть фрагмент исторической застройки без музейной торжественности. Есть региональный охранный статус. До ближайшего монумента — «Всем влюбленным», около 1.41 км.",37.59201,1414,Всем влюбленным,,68
Флигель (Хамовники),Флигель,историческое здание,"Можно рассмотреть фрагмент исторической застройки без музейной торжественности. Есть региональный охранный статус. До ближайшего монумента — «Пётр l», около 1.41 км.",37.58736202,1413,Пётр l,,68
Административное здание,Административное здание,историческое здание,"Можно рассмотреть фрагмент исторической застройки без музейной торжественности. Сохраняет признаки объекта наследия. До ближайшего монумента — «МГУ», около 1.41 км.",37.525527,1413,МГУ,,68
Ограда церкви Ленинградский проспект 73А,Ограда церкви Ленинградский,историческое здание,"Можно рассмотреть фрагмент исторической застройки без музейной торжественности. Есть федеральный охранный статус. До ближайшего монумента — «ЦСКА Арена», около 1.41 км.",37.51364,1412,ЦСКА Арена,,68
Старая Басманная улица 19 с1,Старая Басманная улица,историческое здание,"Можно рассмотреть фрагмент исторической застройки без музейной торжественности. Есть федеральный охранный статус. До ближайшего монумента — «Колокольня», около 1.41 км.",37.66186829,1411,Колокольня,,68
Дом Наркомвода (Покровское-Стрешнево),Дом Наркомвода,историческое здание,"Можно рассмотреть фрагмент исторической застройки без музейной торжественности. Сохраняет признаки объекта наследия. До ближайшего монумента — «Стадион Спартак», около 1.41 км.",37.455714,1411,Стадион Спартак,,68
Комплекс складов и гаражей Снабгрэсса,Комплекс складов гаражей,историческое здание,"Напоминает об индустриальном слое московской архитектуры. Есть региональный охранный статус. До ближайшего монумента — «Су-27», около 1.41 км.",37.71982759,1409,Су-27,,68
Старый музей (Пресненский),Музей Пресненский,музей,"Хороший вариант для короткого визита, если интересны экспозиции и локальные коллекции. Есть федеральный охранный статус. До ближайшего монумента — «Cheapshot HQ», около 1.41 км.",37.5707342,1409,Cheapshot HQ,,68
Флигель (Хамовники),Флигель,историческое здание,"Можно рассмотреть фрагмент исторической застройки без музейной торжественности. Есть выявленный охранный статус. До ближайшего монумента — «Пётр l», около 1.41 км.",37.58696676,1409,Пётр l,,68
Жилой флигель (Басманный),Жилой флигель,историческое здание,"Можно рассмотреть фрагмент исторической застройки без музейной торжественности. Есть федеральный охранный статус. До ближайшего монумента — «Усадьба Морозовых», около 1.41 км.",37.653933,1409,Усадьба Морозовых,,68
Лабиринт (Сокольники),Лабиринт,историческое здание,"Можно рассмотреть фрагмент исторической застройки без музейной торжественности. Считается ценной частью городской среды. До ближайшего монумента — «Красный богатырь», около 1.41 км.",37.6682,1409,Красный богатырь,,68
Главное здание,Главное здание,историческое здание,"Можно рассмотреть фрагмент исторической застройки без музейной торжественности. Есть региональный охранный статус. До ближайшего монумента — «Первая Хрущёвка», около 1.41 км.",37.56916,1409,Первая Хрущёвка,,68
Ограда с воротами (Хамовники),Ограда воротами,историческое здание,"Можно рассмотреть фрагмент исторической застройки без музейной торжественности. Есть региональный охранный статус. До ближайшего монумента — «Пётр l», около 1.41 км.",37.587591,1408,Пётр l,,68
Раздевалки стадиона дворца пионеров,Раздевалки стадиона дворца,спортивная арена / стадион,"Раздевалки, тир, административные помещения стадиона. До ближайшего монумента — «Арена Лужники», около 1.41 км.",37.55984662,1407,Арена Лужники,,68
Корпус для кружковых занятий с обсерваторией и панно «Небо» на парковом фасаде (Гагаринский),Корпус кружковых занятий,знаковое городское место,"Место для прогулки и передышки от плотной городской застройки. Есть выявленный охранный статус. До ближайшего монумента — «Арена Лужники», около 1.41 км.",37.55513945,1406,Арена Лужники,,68
Парковый павильон-беседка (Черёмушки),Парковый павильон-беседка,знаковое городское место,"Место для прогулки и передышки от плотной городской застройки. Есть федеральный охранный статус. До ближайшего монумента — «Первая Хрущёвка», около 1.41 км.",37.5889161,1406,Первая Хрущёвка,,68
Летний домик у реки Москвы (Якиманка),Летний домик реки,историческое здание,"Можно рассмотреть фрагмент исторической застройки без музейной торжественности. Есть федеральный охранный статус. До ближайшего монумента — «Фигурный фонтан», около 1.41 км.",37.587951,1406,Фигурный фонтан,,68
Домик садовника (Хамовники),Домик садовника,историческое здание,"Место для прогулки и передышки от плотной городской застройки. Есть региональный охранный статус. До ближайшего монумента — «Пётр l», около 1.41 км.",37.58704761,1405,Пётр l,,68
Электростанция (Басманный),Электростанция,вокзал / транспортный объект,"Интересно как часть городской инфраструктуры и повседневного движения Москвы. Есть федеральный охранный статус. До ближайшего монумента — «Усадьба Морозовых», около 1.41 км.",37.654226,1405,Усадьба Морозовых,,68
улица Нижняя Масловка 15 c3,Улица Нижняя Масловка,историческое здание,"Можно рассмотреть фрагмент исторической застройки без музейной торжественности. Есть региональный охранный статус. До ближайшего монумента — «Путевой дворец», около 1.40 км.",37.57391,1404,Путевой дворец,,68
улица Прянишникова 12,Улица Прянишникова 12,историческое здание,"Инструментальная площадка и опытные делянки. До ближайшего монумента — «Tram station», около 1.40 км.",37.55495,1404,Tram station,,68
Чайный домик (Черёмушки),Чайный домик,историческое здание,"Можно рассмотреть фрагмент исторической застройки без музейной торжественности. Есть федеральный охранный статус. До ближайшего монумента — «Первая Хрущёвка», около 1.40 км.",37.58949102,1404,Первая Хрущёвка,,68
Проходная с пилонами калитки (Донской),Проходная пилонами калитки,историческое здание,"Можно рассмотреть фрагмент исторической застройки без музейной торжественности. Есть выявленный охранный статус. До ближайшего монумента — «Дом-корабль», около 1.40 км.",37.61032,1404,Дом-корабль,,68
"Новая Басманная улица 14 c1, Главный дом усадьбы Стахеева",Усадьба,усадьба / дворец / особняк,"Главный дом усадьбы Стахеева. До ближайшего монумента — «Колокольня», около 1.40 км.",37.65818,1403,Колокольня,,68
Хозяйственное строение (Басманный),Хозяйственное строение,историческое здание,"Можно рассмотреть фрагмент исторической застройки без музейной торжественности. Есть выявленный охранный статус. До ближайшего монумента — «Усадьба Морозовых», около 1.40 км.",37.654528,1403,Усадьба Морозовых,,68
Музей Криптографии,Музей Криптографии,музей,"Музей в Москве. До ближайшего монумента — «Ботанический сад», около 1.40 км.",37.597638888,1402,Ботанический сад,https://ru.wikipedia.org/wiki/%D0%9C%D1%83%D0%B7%D0%B5%D0%B9_%D0%BA%D1%80%D0%B8%D0%BF%D1%82%D0%BE%D0%B3%D1%80%D0%B0%D1%84%D0%B8%D0%B8,68
Александро-Мариинский детский приют с домовой церковью иконы Божией Матери «Утоли моя печали» (Марфино),Александро-Мариинский приют домовой,исторический храм / монастырь,"Тихая архитектурная точка, заметная в исторической среде района. Сохраняет признаки объекта наследия. До ближайшего монумента — «Ботанический сад», около 1.40 км.",37.597655,1402,Ботанический сад,,68
Базисный склад Снабгрэсс в Юрьевском переулке,Базисный склад Снабгрэсс,историческое здание,"Историческое здание в Москве, памятник архитектуры. До ближайшего монумента — «Су-27», около 1.40 км.",37.71919877,1402,Су-27,,68
Улица Короленко 3 с3,Улица Короленко 3,историческое здание,"Можно рассмотреть фрагмент исторической застройки без музейной торжественности. Есть региональный охранный статус. До ближайшего монумента — «Большой розарий», около 1.40 км.",37.69228524,1402,Большой розарий,,68
"Гороховский переулок 10, Частная женская гимназия В.Н. фон Дервиз с оградой",Гороховский переулок 10,историческое здание,"Гороховский переулок 10, Частная женская гимназия В.Н. До ближайшего монумента — «Колокольня», около 1.40 км.",37.666,1401,Колокольня,,68
Колодезная улица 3 к4,Колодезная улица 3,историческое здание,"Можно рассмотреть фрагмент исторической застройки без музейной торжественности. Есть выявленный охранный статус. До ближайшего монумента — «Дворец на Яузе», около 1.40 км.",37.69530358,1401,Дворец на Яузе,,68
Жилые дома (Щукино),Жилые дома,историческое здание,"Можно рассмотреть фрагмент исторической застройки без музейной торжественности. Есть региональный охранный статус. До ближайшего монумента — «Octod Tower», около 1.40 км.",37.4894726,1400,Octod Tower,,68
Дом Щепочкиной,Дом Щепочкиной,историческое здание,"Можно рассмотреть фрагмент исторической застройки без музейной торжественности. Есть региональный охранный статус. До ближайшего монумента — «Cheapshot HQ», около 1.40 км.",37.588888888,1399,Cheapshot HQ,https://ru.wikipedia.org/wiki/%D0%94%D0%BE%D0%BC_%D0%A9%D0%B5%D0%BF%D0%BE%D1%87%D0%BA%D0%B8%D0%BD%D0%BE%D0%B9,68
Храм Всех Святых во Всехсвятском,Храм Всех Святых,исторический храм / монастырь,"Сохранившийся православный храм Всехсвятского благочиния Московской епархии. До ближайшего монумента — «ЦСКА Арена», около 1.40 км.",37.513888888,1395,ЦСКА Арена,https://ru.wikipedia.org/wiki/%D0%A5%D1%80%D0%B0%D0%BC_%D0%92%D1%81%D0%B5%D1%85_%D0%A1%D0%B2%D1%8F%D1%82%D1%8B%D1%85_%D0%B2%D0%BE_%D0%92%D1%81%D0%B5%D1%85%D1%81%D0%B2%D1%8F%D1%82%D1%81%D0%BA%D0%BE%D0%BC,68
Мавзолей Эрлангеров,Мавзолей Эрлангеров,историческое здание,"Можно рассмотреть фрагмент исторической застройки без музейной торжественности. Есть федеральный охранный статус. До ближайшего монумента — «Су-27», около 1.39 км.",37.707611,1393,Су-27,https://ru.wikipedia.org/wiki/%D0%9C%D0%B0%D0%B2%D0%B7%D0%BE%D0%BB%D0%B5%D0%B9_%D0%AD%D1%80%D0%BB%D0%B0%D0%BD%D0%B3%D0%B5%D1%80%D0%BE%D0%B2,68
Палаты в усадьбе Мараевых,Палаты усадьбе Мараевых,усадьба / дворец / особняк,"Можно увидеть редкий для Москвы слой старой каменной застройки. Есть федеральный охранный статус. До ближайшего монумента — «Колокольня», около 1.39 км.",37.66291033,1391,Колокольня,https://ru.wikipedia.org/wiki/%D0%9F%D0%B0%D0%BB%D0%B0%D1%82%D1%8B_%D0%B2_%D1%83%D1%81%D0%B0%D0%B4%D1%8C%D0%B1%D0%B5_%D0%9C%D0%B0%D1%80%D0%B0%D0%B5%D0%B2%D1%8B%D1%85,68
Главный дом усадьбы С.П. Берга,Усадьба Берга,усадьба / дворец / особняк,"Подойдёт для спокойного знакомства с московской усадебной архитектурой. Есть федеральный охранный статус. До ближайшего монумента — «Пётр l», около 1.39 км.",37.587591,1388,Пётр l,https://ru.wikipedia.org/wiki/%D0%93%D0%BE%D1%80%D0%BE%D0%B4%D1%81%D0%BA%D0%B0%D1%8F_%D1%83%D1%81%D0%B0%D0%B4%D1%8C%D0%B1%D0%B0_%D0%A1._%D0%9F._%D0%91%D0%B5%D1%80%D0%B3%D0%B0,68
Главный корпус Московского педагогического государственного университета,Главный корпус Московского,историческое здание,"Центральный учебно-административный корпус Московского педагогического государственного университета. До ближайшего монумента — «Way to ducks!», около 1.38 км.",37.576321,1382,Way to ducks!,https://ru.wikipedia.org/wiki/%D0%93%D0%BB%D0%B0%D0%B2%D0%BD%D1%8B%D0%B9_%D0%BA%D0%BE%D1%80%D0%BF%D1%83%D1%81_%D0%9C%D0%BE%D1%81%D0%BA%D0%BE%D0%B2%D1%81%D0%BA%D0%BE%D0%B3%D0%BE_%D0%BF%D0%B5%D0%B4%D0%B0%D0%B3%D0%BE%D0%B3%D0%B8%D1%87%D0%B5%D1%81%D0%BA%D0%BE%D0%B3%D0%BE_%D0%B3%D0%BE%D1%81%D1%83%D0%B4%D0%B0%D1%80%D1%81%D1%82%D0%B2%D0%B5%D0%BD%D0%BD%D0%BE%D0%B3%D0%BE_%D1%83%D0%BD%D0%B8%D0%B2%D0%B5%D1%80%D1%81%D0%B8%D1%82%D0%B5%D1%82%D0%B0,68
Храм Введения во храм Пресвятой Богородицы у Салтыкова моста,Храм Введения храм,исторический храм / монастырь,"Тихая архитектурная точка, заметная в исторической среде района. Есть федеральный охранный статус. До ближайшего монумента — «Су-27», около 1.38 км.",37.680344444,1380,Су-27,https://ru.wikipedia.org/wiki/%D0%A5%D1%80%D0%B0%D0%BC_%D0%92%D0%B2%D0%B5%D0%B4%D0%B5%D0%BD%D0%B8%D1%8F_%D0%B2%D0%BE_%D1%85%D1%80%D0%B0%D0%BC_%D0%9F%D1%80%D0%B5%D1%81%D0%B2%D1%8F%D1%82%D0%BE%D0%B9_%D0%91%D0%BE%D0%B3%D0%BE%D1%80%D0%BE%D0%B4%D0%B8%D1%86%D1%8B_%D1%83_%D0%A1%D0%B0%D0%BB%D1%82%D1%8B%D0%BA%D0%BE%D0%B2%D0%B0_%D0%BC%D0%BE%D1%81%D1%82%D0%B0,68
Дом кооператива «Обрабстрой»,Театр Обрабстрой,театр,"Камерная культурная точка для тех, кто ищет районную сцену. Есть региональный охранный статус. До ближайшего монумента — «Доходный дом Перлова», около 1.38 км.",37.656874,1380,Доходный дом Перлова,https://ru.wikipedia.org/wiki/%D0%94%D0%BE%D0%BC_%D0%BA%D0%BE%D0%BE%D0%BF%D0%B5%D1%80%D0%B0%D1%82%D0%B8%D0%B2%D0%B0_%C2%AB%D0%9E%D0%B1%D1%80%D0%B0%D0%B1%D1%81%D1%82%D1%80%D0%BE%D0%B9%C2%BB,68
Дом Зиновьевых-Юсуповых,Дом Зиновьевых-Юсуповых,историческое здание,"Можно рассмотреть фрагмент исторической застройки без музейной торжественности. Есть региональный охранный статус. До ближайшего монумента — «Пётр l», около 1.38 км.",37.59732433,1378,Пётр l,https://ru.wikipedia.org/wiki/%D0%94%D0%BE%D0%BC_%D0%97%D0%B8%D0%BD%D0%BE%D0%B2%D1%8C%D0%B5%D0%B2%D1%8B%D1%85-%D0%AE%D1%81%D1%83%D0%BF%D0%BE%D0%B2%D1%8B%D1%85,68
Дом Телешова,Дом Телешова,историческое здание,"Можно рассмотреть фрагмент исторической застройки без музейной торжественности. Есть федеральный охранный статус. До ближайшего монумента — «Доходный дом Перлова», около 1.38 км.",37.646622,1377,Доходный дом Перлова,https://ru.wikipedia.org/wiki/%D0%94%D0%BE%D0%BC_%D0%A2%D0%B5%D0%BB%D0%B5%D1%88%D0%BE%D0%B2%D0%B0,68
Миусская электрическая трамвайная подстанция,Миусская электрическая трамвайная,вокзал / транспортный объект,"Интересно как часть городской инфраструктуры и повседневного движения Москвы. Есть региональный охранный статус. До ближайшего монумента — «Всем влюбленным», около 1.38 км.",37.590723,1377,Всем влюбленным,https://ru.wikipedia.org/wiki/%D0%9C%D0%B8%D1%83%D1%81%D1%81%D0%BA%D0%B0%D1%8F_%D1%8D%D0%BB%D0%B5%D0%BA%D1%82%D1%80%D0%B8%D1%87%D0%B5%D1%81%D0%BA%D0%B0%D1%8F_%D1%82%D1%80%D0%B0%D0%BC%D0%B2%D0%B0%D0%B9%D0%BD%D0%B0%D1%8F_%D0%BF%D0%BE%D0%B4%D1%81%D1%82%D0%B0%D0%BD%D1%86%D0%B8%D1%8F,68
Дом купца Виноградова,Дом купца Виноградова,историческое здание,"Можно рассмотреть фрагмент исторической застройки без музейной торжественности. Есть региональный охранный статус. До ближайшего монумента — «Футболисты», около 1.38 км.",37.662608,1375,Футболисты,https://ru.wikipedia.org/wiki/%D0%94%D0%BE%D0%BC_%D0%BA%D1%83%D0%BF%D1%86%D0%B0_%D0%92%D0%B8%D0%BD%D0%BE%D0%B3%D1%80%D0%B0%D0%B4%D0%BE%D0%B2%D0%B0,68
Храм Покрова Пресвятой Богородицы в Медведкове,Храм Покрова Богородицы,исторический храм / монастырь,"Тихая архитектурная точка, заметная в исторической среде района. Есть федеральный охранный статус. До ближайшего монумента — «Усадьба Свиблово», около 1.37 км.",37.638027,1372,Усадьба Свиблово,https://ru.wikipedia.org/wiki/%D0%A5%D1%80%D0%B0%D0%BC_%D0%9F%D0%BE%D0%BA%D1%80%D0%BE%D0%B2%D0%B0_%D0%9F%D1%80%D0%B5%D1%81%D0%B2%D1%8F%D1%82%D0%BE%D0%B9_%D0%91%D0%BE%D0%B3%D0%BE%D1%80%D0%BE%D0%B4%D0%B8%D1%86%D1%8B_%D0%B2_%D0%9C%D0%B5%D0%B4%D0%B2%D0%B5%D0%B4%D0%BA%D0%BE%D0%B2%D0%B5,68
Мост Богдана Хмельницкого,Мост Богдана Хмельницкого,историческое здание,"Пешеходный мост в Москве, построенный с использованием арок демонтированного Краснолужского моста. До ближайшего монумента — «Пионер», около 1.37 км.",37.570833333,1368,Пионер,https://ru.wikipedia.org/wiki/%D0%9C%D0%BE%D1%81%D1%82_%D0%91%D0%BE%D0%B3%D0%B4%D0%B0%D0%BD%D0%B0_%D0%A5%D0%BC%D0%B5%D0%BB%D1%8C%D0%BD%D0%B8%D1%86%D0%BA%D0%BE%D0%B3%D0%BE,68
Миусский трамвайный парк,Миусский трамвайный парк,знаковое городское место,"Место для прогулки и передышки от плотной городской застройки. Есть региональный охранный статус. До ближайшего монумента — «Еврейский музей», около 1.37 км.",37.59206021,1366,Еврейский музей,https://ru.wikipedia.org/wiki/%D0%9C%D0%B8%D1%83%D1%81%D1%81%D0%BA%D0%B8%D0%B9_%D1%82%D1%80%D0%B0%D0%BC%D0%B2%D0%B0%D0%B9%D0%BD%D1%8B%D0%B9_%D0%BF%D0%B0%D1%80%D0%BA,68
Дом И. И. Колокольникова,Дом Колокольникова,историческое здание,"Можно рассмотреть фрагмент исторической застройки без музейной торжественности. Есть федеральный охранный статус. До ближайшего монумента — «Колокольня», около 1.36 км.",37.66333254,1364,Колокольня,https://ru.wikipedia.org/wiki/%D0%94%D0%BE%D0%BC_%D0%98._%D0%98._%D0%9A%D0%BE%D0%BB%D0%BE%D0%BA%D0%BE%D0%BB%D1%8C%D0%BD%D0%B8%D0%BA%D0%BE%D0%B2%D0%B0,68
Храм Троицы Живоначальной в Серебряниках,Храм Троицы,исторический храм / монастырь,"Тихая архитектурная точка, заметная в исторической среде района. Есть федеральный охранный статус. До ближайшего монумента — «Усадьба Морозовых», около 1.36 км.",37.644919444,1361,Усадьба Морозовых,https://ru.wikipedia.org/wiki/%D0%A5%D1%80%D0%B0%D0%BC_%D0%A2%D1%80%D0%BE%D0%B8%D1%86%D1%8B_%D0%96%D0%B8%D0%B2%D0%BE%D0%BD%D0%B0%D1%87%D0%B0%D0%BB%D1%8C%D0%BD%D0%BE%D0%B9_%D0%B2_%D0%A1%D0%B5%D1%80%D0%B5%D0%B1%D1%80%D1%8F%D0%BD%D0%B8%D0%BA%D0%B0%D1%85,68
Телефонная станция Фрунзенского района,Телефонная станция Фрунзенского,вокзал / транспортный объект,"Интересно как часть городской инфраструктуры и повседневного движения Москвы. Считается ценной частью городской среды. До ближайшего монумента — «Фигурный фонтан», около 1.36 км.",37.58528,1360,Фигурный фонтан,https://ru.wikipedia.org/wiki/%D0%A2%D0%B5%D0%BB%D0%B5%D1%84%D0%BE%D0%BD%D0%BD%D0%B0%D1%8F_%D1%81%D1%82%D0%B0%D0%BD%D1%86%D0%B8%D1%8F_%D0%A4%D1%80%D1%83%D0%BD%D0%B7%D0%B5%D0%BD%D1%81%D0%BA%D0%BE%D0%B3%D0%BE_%D1%80%D0%B0%D0%B9%D0%BE%D0%BD%D0%B0,68
улица Алабяна 8 / Малый Песчаный переулок 2А,Улица Алабяна 8,историческое здание,"Можно рассмотреть фрагмент исторической застройки без музейной торжественности. Есть региональный охранный статус. До ближайшего монумента — «ЦСКА Арена», около 1.36 км.",37.507022,1360,ЦСКА Арена,https://ru.wikipedia.org/wiki/%D0%A5%D1%80%D0%B0%D0%BC_%D0%BF%D1%80%D0%B5%D0%BF%D0%BE%D0%B4%D0%BE%D0%B1%D0%BD%D0%BE%D0%BC%D1%83%D1%87%D0%B5%D0%BD%D0%B8%D1%86_%D0%95%D0%BB%D0%B8%D0%B7%D0%B0%D0%B2%D0%B5%D1%82%D1%8B_%D0%B8_%D0%B8%D0%BD%D0%BE%D0%BA%D0%B8%D0%BD%D0%B8_%D0%92%D0%B0%D1%80%D0%B2%D0%B0%D1%80%D1%8B_%D0%BD%D0%B0_%D0%A1%D0%BE%D0%BA%D0%BE%D0%BB%D0%B5,68
Городская усадьба Щукина,Усадьба Щукина,усадьба / дворец / особняк,"Подойдёт для спокойного знакомства с московской усадебной архитектурой. Есть федеральный охранный статус. До ближайшего монумента — «Cheapshot HQ», около 1.36 км.",37.571533888,1359,Cheapshot HQ,https://ru.wikipedia.org/wiki/%D0%93%D0%BE%D1%80%D0%BE%D0%B4%D1%81%D0%BA%D0%B0%D1%8F_%D1%83%D1%81%D0%B0%D0%B4%D1%8C%D0%B1%D0%B0_%D0%A9%D1%83%D0%BA%D0%B8%D0%BD%D0%B0,68
Храм Бориса и Глеба в Дегунине,Храм Бориса Глеба,исторический храм / монастырь,"Тихая архитектурная точка, заметная в исторической среде района. Есть федеральный охранный статус. До ближайшего монумента — «Apple garden», около 1.36 км.",37.534261111,1358,Apple garden,https://ru.wikipedia.org/wiki/%D0%A5%D1%80%D0%B0%D0%BC_%D0%91%D0%BE%D1%80%D0%B8%D1%81%D0%B0_%D0%B8_%D0%93%D0%BB%D0%B5%D0%B1%D0%B0_%D0%B2_%D0%94%D0%B5%D0%B3%D1%83%D0%BD%D0%B8%D0%BD%D0%B5,68
Специализированная клиническая больница № 8 им. З. П. Соловьёва,Специализированная клиническая больница,историческое здание,"Специализированная клиническая больница № 8 им. До ближайшего монумента — «Дом-корабль», около 1.36 км.",37.60435814,1358,Дом-корабль,https://ru.wikipedia.org/wiki/%D0%9D%D0%B0%D1%83%D1%87%D0%BD%D0%BE-%D0%BF%D1%80%D0%B0%D0%BA%D1%82%D0%B8%D1%87%D0%B5%D1%81%D0%BA%D0%B8%D0%B9_%D0%BF%D1%81%D0%B8%D1%85%D0%BE%D0%BD%D0%B5%D0%B2%D1%80%D0%BE%D0%BB%D0%BE%D0%B3%D0%B8%D1%87%D0%B5%D1%81%D0%BA%D0%B8%D0%B9_%D1%86%D0%B5%D0%BD%D1%82%D1%80_%D0%B8%D0%BC%D0%B5%D0%BD%D0%B8_%D0%97._%D0%9F._%D0%A1%D0%BE%D0%BB%D0%BE%D0%B2%D1%8C%D1%91%D0%B2%D0%B0,68
Храм Вознесения на Гороховом поле,Храм Вознесения,исторический храм / монастырь,"Тихая архитектурная точка, заметная в исторической среде района. Есть федеральный охранный статус. До ближайшего монумента — «Колокольня», около 1.35 км.",37.671666666,1351,Колокольня,https://ru.wikipedia.org/wiki/%D0%A5%D1%80%D0%B0%D0%BC_%D0%92%D0%BE%D0%B7%D0%BD%D0%B5%D1%81%D0%B5%D0%BD%D0%B8%D1%8F_%D0%93%D0%BE%D1%81%D0%BF%D0%BE%D0%B4%D0%BD%D1%8F_%D0%BD%D0%B0_%D0%93%D0%BE%D1%80%D0%BE%D1%85%D0%BE%D0%B2%D0%BE%D0%BC_%D0%BF%D0%BE%D0%BB%D0%B5,68
Храм Воскресения Словущего на Арбате,Храм Воскресения Словущего,исторический храм / монастырь,"Тихая архитектурная точка, заметная в исторической среде района. Есть федеральный охранный статус. До ближайшего монумента — «Ultimate Zombie Box», около 1.35 км.",37.59931859,1350,Ultimate Zombie Box,https://ru.wikipedia.org/wiki/%D0%A5%D1%80%D0%B0%D0%BC_%D0%92%D0%BE%D1%81%D0%BA%D1%80%D0%B5%D1%81%D0%B5%D0%BD%D0%B8%D1%8F_%D0%A1%D0%BB%D0%BE%D0%B2%D1%83%D1%89%D0%B5%D0%B3%D0%BE_%D0%BD%D0%B0_%D0%90%D1%80%D0%B1%D0%B0%D1%82%D0%B5,68
ДК «Компрессор»,Дом культуры,усадьба / дворец / особняк,"Сохраняет память о районной культурной жизни и общественных пространствах. Сохраняет признаки объекта наследия. До ближайшего монумента — «Су-27», около 1.35 км.",37.722226,1350,Су-27,https://ru.wikipedia.org/wiki/%D0%94%D0%BE%D0%BC_%D0%BA%D1%83%D0%BB%D1%8C%D1%82%D1%83%D1%80%D1%8B_%C2%AB%D0%9A%D0%BE%D0%BC%D0%BF%D1%80%D0%B5%D1%81%D1%81%D0%BE%D1%80%C2%BB,68
Коммунарка,Коммунарка,историческое здание,"Бывший расстрельный полигон в Московской области. До ближайшего монумента — «Красный Бык», около 1.34 км.",37.45595,1344,Красный Бык,https://ru.wikipedia.org/wiki/%D0%9A%D0%BE%D0%BC%D0%BC%D1%83%D0%BD%D0%B0%D1%80%D0%BA%D0%B0_(%D1%80%D0%B0%D1%81%D1%81%D1%82%D1%80%D0%B5%D0%BB%D1%8C%D0%BD%D1%8B%D0%B9_%D0%BF%D0%BE%D0%BB%D0%B8%D0%B3%D0%BE%D0%BD),68
Храм Рождества Иоанна Предтечи на Пресне,Храм Рождества Иоанна,исторический храм / монастырь,"Тихая архитектурная точка, заметная в исторической среде района. Есть федеральный охранный статус. До ближайшего монумента — «Cheapshot HQ», около 1.34 км.",37.572027777,1341,Cheapshot HQ,https://ru.wikipedia.org/wiki/%D0%A5%D1%80%D0%B0%D0%BC_%D0%A0%D0%BE%D0%B6%D0%B4%D0%B5%D1%81%D1%82%D0%B2%D0%B0_%D0%98%D0%BE%D0%B0%D0%BD%D0%BD%D0%B0_%D0%9F%D1%80%D0%B5%D0%B4%D1%82%D0%B5%D1%87%D0%B8_%D0%BD%D0%B0_%D0%9F%D1%80%D0%B5%D1%81%D0%BD%D0%B5,68
Дома Братолюбивого общества (Лефортово),Дома Братолюбивого общества,историческое здание,"Можно рассмотреть фрагмент исторической застройки без музейной торжественности. Есть региональный охранный статус. До ближайшего монумента — «Су-27», около 1.34 км.",37.694702,1341,Су-27,https://ru.wikipedia.org/wiki/%D0%92%D0%B4%D0%BE%D0%B2%D1%8C%D0%B8_%D0%B4%D0%BE%D0%BC%D0%B0_(%D0%9B%D0%B5%D1%84%D0%BE%D1%80%D1%82%D0%BE%D0%B2%D0%BE),68
Храм Архангела Михаила при клиниках на Девичьем поле,Храм Архангела Михаила,исторический храм / монастырь,"Сохранившийся православный храм, принадлежащий к Центральному благочинию Московской городской епархии Русской Православной Церкви. До ближайшего монумента — «Way to ducks!», около 1.34 км.",37.573508,1340,Way to ducks!,https://ru.wikipedia.org/wiki/%D0%A5%D1%80%D0%B0%D0%BC_%D0%90%D1%80%D1%85%D0%B0%D0%BD%D0%B3%D0%B5%D0%BB%D0%B0_%D0%9C%D0%B8%D1%85%D0%B0%D0%B8%D0%BB%D0%B0_%D0%BF%D1%80%D0%B8_%D0%BA%D0%BB%D0%B8%D0%BD%D0%B8%D0%BA%D0%B0%D1%85_%D0%BD%D0%B0_%D0%94%D0%B5%D0%B2%D0%B8%D1%87%D1%8C%D0%B5%D0%BC_%D0%BF%D0%BE%D0%BB%D0%B5,68
Храм Тихвинской иконы Божией Матери в Алексеевском,Храм Тихвинской иконы,исторический храм / монастырь,"Тихая архитектурная точка, заметная в исторической среде района. Есть федеральный охранный статус. До ближайшего монумента — «Ростокинский акведук», около 1.33 км.",37.644156,1335,Ростокинский акведук,https://ru.wikipedia.org/wiki/%D0%A5%D1%80%D0%B0%D0%BC_%D0%A2%D0%B8%D1%85%D0%B2%D0%B8%D0%BD%D1%81%D0%BA%D0%BE%D0%B9_%D0%B8%D0%BA%D0%BE%D0%BD%D1%8B_%D0%91%D0%BE%D0%B6%D0%B8%D0%B5%D0%B9_%D0%9C%D0%B0%D1%82%D0%B5%D1%80%D0%B8_%D0%B2_%D0%90%D0%BB%D0%B5%D0%BA%D1%81%D0%B5%D0%B5%D0%B2%D1%81%D0%BA%D0%BE%D0%BC,68
Храм Рождества Пресвятой Богородицы во Владыкине,Храм Рождества Богородицы,исторический храм / монастырь,"Тихая архитектурная точка, заметная в исторической среде района. Есть федеральный охранный статус. До ближайшего монумента — «Ботанический сад», около 1.33 км.",37.5841,1334,Ботанический сад,https://ru.wikipedia.org/wiki/%D0%A5%D1%80%D0%B0%D0%BC_%D0%A0%D0%BE%D0%B6%D0%B4%D0%B5%D1%81%D1%82%D0%B2%D0%B0_%D0%91%D0%BE%D0%B3%D0%BE%D1%80%D0%BE%D0%B4%D0%B8%D1%86%D1%8B_%D0%B2%D0%BE_%D0%92%D0%BB%D0%B0%D0%B4%D1%8B%D0%BA%D0%B8%D0%BD%D0%B5,68
Стадион академии имени Черенкова,Стадион академии Черенкова,спортивная арена / стадион,"Футбольный стадион в Москве. До ближайшего монумента — «Красный богатырь», около 1.33 км.",37.698611111,1333,Красный богатырь,https://ru.wikipedia.org/wiki/%D0%A1%D1%82%D0%B0%D0%B4%D0%B8%D0%BE%D0%BD_%D0%B0%D0%BA%D0%B0%D0%B4%D0%B5%D0%BC%D0%B8%D0%B8_%D0%B8%D0%BC%D0%B5%D0%BD%D0%B8_%D0%A7%D0%B5%D1%80%D0%B5%D0%BD%D0%BA%D0%BE%D0%B2%D0%B0,68
Храм Преподобного Сергия Радонежского (Бибирево),Храм Сергия Радонежского,исторический храм / монастырь,"Тихая архитектурная точка, заметная в исторической среде района. Есть региональный охранный статус. До ближайшего монумента — «Солнечная система», около 1.33 км.",37.59904012,1332,Солнечная система,https://ru.wikipedia.org/wiki/%D0%A5%D1%80%D0%B0%D0%BC_%D0%A1%D0%B5%D1%80%D0%B3%D0%B8%D1%8F_%D0%A0%D0%B0%D0%B4%D0%BE%D0%BD%D0%B5%D0%B6%D1%81%D0%BA%D0%BE%D0%B3%D0%BE_%D0%B2_%D0%91%D0%B8%D0%B1%D0%B8%D1%80%D0%B5%D0%B2%D0%B5,68
Храм Рождества Иоанна Предтечи в Ивановском,Храм Рождества Иоанна,исторический храм / монастырь,"Тихая архитектурная точка, заметная в исторической среде района. Есть федеральный охранный статус. До ближайшего монумента — «Колокол Реут», около 1.33 км.",37.839027777,1329,Колокол Реут,https://ru.wikipedia.org/wiki/%D0%A5%D1%80%D0%B0%D0%BC_%D0%A0%D0%BE%D0%B6%D0%B4%D0%B5%D1%81%D1%82%D0%B2%D0%B0_%D0%98%D0%BE%D0%B0%D0%BD%D0%BD%D0%B0_%D0%9F%D1%80%D0%B5%D0%B4%D1%82%D0%B5%D1%87%D0%B8_%D0%B2_%D0%98%D0%B2%D0%B0%D0%BD%D0%BE%D0%B2%D1%81%D0%BA%D0%BE%D0%BC,68
Подмосковная,Подмосковная,вокзал / транспортный объект,"Станция. До ближайшего монумента — «Ерунда», около 1.33 км.",37.528974,1327,Ерунда,https://ru.wikipedia.org/wiki/%D0%9F%D0%BE%D0%B4%D0%BC%D0%BE%D1%81%D0%BA%D0%BE%D0%B2%D0%BD%D0%B0%D1%8F_(%D1%81%D1%82%D0%B0%D0%BD%D1%86%D0%B8%D1%8F),68
Дом Дворцового ведомства в Денежном переулке,Дом Дворцового ведомства,историческое здание,"Можно рассмотреть фрагмент исторической застройки без музейной торжественности. Есть федеральный охранный статус. До ближайшего монумента — «Пётр l», около 1.33 км.",37.588055555,1326,Пётр l,https://ru.wikipedia.org/wiki/%D0%94%D0%BE%D0%BC_%D0%94%D0%B2%D0%BE%D1%80%D1%86%D0%BE%D0%B2%D0%BE%D0%B3%D0%BE_%D0%B2%D0%B5%D0%B4%D0%BE%D0%BC%D1%81%D1%82%D0%B2%D0%B0_%D0%B2_%D0%94%D0%B5%D0%BD%D0%B5%D0%B6%D0%BD%D0%BE%D0%BC_%D0%BF%D0%B5%D1%80%D0%B5%D1%83%D0%BB%D0%BA%D0%B5,68
Комбинат питания на проспекте Будённого,Комбинат питания проспекте,историческое здание,"Здание расположенное на проспекте Буденного 21д. До ближайшего монумента — «Rabbit with clock», около 1.32 км.",37.727382,1322,Rabbit with clock,https://ru.wikipedia.org/wiki/%D0%9A%D0%BE%D0%BC%D0%B1%D0%B8%D0%BD%D0%B0%D1%82_%D0%BF%D0%B8%D1%82%D0%B0%D0%BD%D0%B8%D1%8F_%D0%BD%D0%B0_%D0%BF%D1%80%D0%BE%D1%81%D0%BF%D0%B5%D0%BA%D1%82%D0%B5_%D0%91%D1%83%D0%B4%D1%91%D0%BD%D0%BD%D0%BE%D0%B3%D0%BE,68
Сыромятнический гидроузел,Сыромятнический гидроузел,историческое здание,"Гидротехническое сооружение в Москве на реке Яузе. До ближайшего монумента — «Усадьба Морозовых», около 1.32 км.",37.670915,1318,Усадьба Морозовых,https://ru.wikipedia.org/wiki/%D0%A1%D1%8B%D1%80%D0%BE%D0%BC%D1%8F%D1%82%D0%BD%D0%B8%D1%87%D0%B5%D1%81%D0%BA%D0%B8%D0%B9_%D0%B3%D0%B8%D0%B4%D1%80%D0%BE%D1%83%D0%B7%D0%B5%D0%BB,68
Поликлиника Наркомата путей сообщения,Поликлиника Наркомата путей,историческое здание,"Объект культурного наследия города Москвы. До ближайшего монумента — «Доходный дом Перлова», около 1.31 км.",37.65346904,1308,Доходный дом Перлова,https://ru.wikipedia.org/wiki/%D0%9F%D0%BE%D0%BB%D0%B8%D0%BA%D0%BB%D0%B8%D0%BD%D0%B8%D0%BA%D0%B0_%D0%9D%D0%B0%D1%80%D0%BA%D0%BE%D0%BC%D0%B0%D1%82%D0%B0_%D0%BF%D1%83%D1%82%D0%B5%D0%B9_%D1%81%D0%BE%D0%BE%D0%B1%D1%89%D0%B5%D0%BD%D0%B8%D1%8F,68
Богадельня братьев Боевых,Богадельня братьев Боевых,историческое здание,"Можно рассмотреть фрагмент исторической застройки без музейной торжественности. Есть выявленный охранный статус. До ближайшего монумента — «Дворец на Яузе», около 1.30 км.",37.6897,1304,Дворец на Яузе,https://ru.wikipedia.org/wiki/%D0%91%D0%BE%D0%B3%D0%B0%D0%B4%D0%B5%D0%BB%D1%8C%D0%BD%D1%8F_%D0%B1%D1%80%D0%B0%D1%82%D1%8C%D0%B5%D0%B2_%D0%91%D0%BE%D0%B5%D0%B2%D1%8B%D1%85,68
Храм Апостола Иакова Зеведеева в Казённой Слободе,Храм Апостола Иакова,исторический храм / монастырь,"Тихая архитектурная точка, заметная в исторической среде района. Есть федеральный охранный статус. До ближайшего монумента — «Доходный дом Перлова», около 1.30 км.",37.654055555,1303,Доходный дом Перлова,https://ru.wikipedia.org/wiki/%D0%A5%D1%80%D0%B0%D0%BC_%D0%90%D0%BF%D0%BE%D1%81%D1%82%D0%BE%D0%BB%D0%B0_%D0%98%D0%B0%D0%BA%D0%BE%D0%B2%D0%B0_%D0%97%D0%B5%D0%B2%D0%B5%D0%B4%D0%B5%D0%B5%D0%B2%D0%B0_%D0%B2_%D0%9A%D0%B0%D0%B7%D1%91%D0%BD%D0%BD%D0%BE%D0%B9_%D1%81%D0%BB%D0%BE%D0%B1%D0%BE%D0%B4%D0%B5,68
Храм Святителя Митрофана Воронежского,Храм Святителя Митрофана,исторический храм / монастырь,"Тихая архитектурная точка, заметная в исторической среде района. Есть федеральный охранный статус. До ближайшего монумента — «Путевой дворец», около 1.30 км.",37.563194444,1301,Путевой дворец,https://ru.wikipedia.org/wiki/%D0%A5%D1%80%D0%B0%D0%BC_%D0%9C%D0%B8%D1%82%D1%80%D0%BE%D1%84%D0%B0%D0%BD%D0%B0_%D0%92%D0%BE%D1%80%D0%BE%D0%BD%D0%B5%D0%B6%D1%81%D0%BA%D0%BE%D0%B3%D0%BE_%D0%BD%D0%B0_%D0%A5%D1%83%D1%82%D0%BE%D1%80%D1%81%D0%BA%D0%BE%D0%B9,68
Елизаветинская женская гимназия,Елизаветинская женская гимназия,историческое здание,"Заметный след старой образовательной городской среды. Есть выявленный охранный статус. До ближайшего монумента — «Доходный дом Перлова», около 1.30 км.",37.655555555,1301,Доходный дом Перлова,https://ru.wikipedia.org/wiki/%D0%95%D0%BB%D0%B8%D0%B7%D0%B0%D0%B2%D0%B5%D1%82%D0%B8%D0%BD%D1%81%D0%BA%D0%B0%D1%8F_%D0%B6%D0%B5%D0%BD%D1%81%D0%BA%D0%B0%D1%8F_%D0%B3%D0%B8%D0%BC%D0%BD%D0%B0%D0%B7%D0%B8%D1%8F,68
Лютеранская церковь Святой Троицы (Москва),Церковь Святой Троицы,исторический храм / монастырь,"Тихая архитектурная точка, заметная в исторической среде района. Есть региональный охранный статус. До ближайшего монумента — «Су-27», около 1.29 км.",37.71,1294,Су-27,https://ru.wikipedia.org/wiki/%D0%A6%D0%B5%D1%80%D0%BA%D0%BE%D0%B2%D1%8C_%D0%A1%D0%B2%D1%8F%D1%82%D0%BE%D0%B9_%D0%A2%D1%80%D0%BE%D0%B8%D1%86%D1%8B_(%D0%9C%D0%BE%D1%81%D0%BA%D0%B2%D0%B0),68
Евангелический приют для сирот,Евангелический приют сирот,историческое здание,"Можно рассмотреть фрагмент исторической застройки без музейной торжественности. Сохраняет признаки объекта наследия. До ближайшего монумента — «Колокольня», около 1.29 км.",37.667606,1294,Колокольня,https://ru.wikipedia.org/wiki/%D0%95%D0%B2%D0%B0%D0%BD%D0%B3%D0%B5%D0%BB%D0%B8%D1%87%D0%B5%D1%81%D0%BA%D0%B8%D0%B9_%D0%BF%D1%80%D0%B8%D1%8E%D1%82_%D0%B4%D0%BB%D1%8F_%D1%81%D0%B8%D1%80%D0%BE%D1%82,68
Новая Басманная 19 с1,Усадьба,усадьба / дворец / особняк,"Дом в Москве, здание издательства Художественная Литература, особняк Хлудова. До ближайшего монумента — «Колокольня», около 1.28 км.",37.6596764,1279,Колокольня,https://ru.wikipedia.org/wiki/%D0%9E%D1%81%D0%BE%D0%B1%D0%BD%D1%8F%D0%BA_%D0%92%D0%B0%D1%81%D0%B8%D0%BB%D0%B8%D1%8F_%D0%A5%D0%BB%D1%83%D0%B4%D0%BE%D0%B2%D0%B0,68
Дом № 5 по Малому Власьевскому переулку,Дом 5 Малому,историческое здание,"Можно рассмотреть фрагмент исторической застройки без музейной торжественности. Есть федеральный охранный статус. До ближайшего монумента — «Пётр l», около 1.28 км.",37.592777777,1277,Пётр l,https://ru.wikipedia.org/wiki/%D0%94%D0%BE%D0%BC_%E2%84%96_5_%D0%BF%D0%BE_%D0%9C%D0%B0%D0%BB%D0%BE%D0%BC%D1%83_%D0%92%D0%BB%D0%B0%D1%81%D1%8C%D0%B5%D0%B2%D1%81%D0%BA%D0%BE%D0%BC%D1%83_%D0%BF%D0%B5%D1%80%D0%B5%D1%83%D0%BB%D0%BA%D1%83,68
Храм священномученика Власия в Старой Конюшенной слободе,Храм священномученика Власия,исторический храм / монастырь,"Сохранившийся православный храм в Москве. До ближайшего монумента — «Пётр l», около 1.28 км.",37.59133257,1276,Пётр l,https://ru.wikipedia.org/wiki/%D0%A5%D1%80%D0%B0%D0%BC_%D0%A1%D0%B2%D1%8F%D1%89%D0%B5%D0%BD%D0%BD%D0%BE%D0%BC%D1%83%D1%87%D0%B5%D0%BD%D0%B8%D0%BA%D0%B0_%D0%92%D0%BB%D0%B0%D1%81%D0%B8%D1%8F_%D0%B2_%D0%A1%D1%82%D0%B0%D1%80%D0%BE%D0%B9_%D0%9A%D0%BE%D0%BD%D1%8E%D1%88%D0%B5%D0%BD%D0%BD%D0%BE%D0%B9_%D1%81%D0%BB%D0%BE%D0%B1%D0%BE%D0%B4%D0%B5,68
Храм Троицы Живоначальной при бывшей Черкасской богадельне,Храм Троицы бывшей,исторический храм / монастырь,"Тихая архитектурная точка, заметная в исторической среде района. Есть региональный охранный статус. До ближайшего монумента — «Купание коней», около 1.27 км.",37.577588888,1275,Купание коней,https://ru.wikipedia.org/wiki/%D0%A5%D1%80%D0%B0%D0%BC_%D0%A2%D1%80%D0%BE%D0%B8%D1%86%D1%8B_%D0%96%D0%B8%D0%B2%D0%BE%D0%BD%D0%B0%D1%87%D0%B0%D0%BB%D1%8C%D0%BD%D0%BE%D0%B9_%D0%BF%D1%80%D0%B8_%D0%B1%D1%8B%D0%B2%D1%88%D0%B5%D0%B9_%D0%A7%D0%B5%D1%80%D0%BA%D0%B0%D1%81%D1%81%D0%BA%D0%BE%D0%B9_%D0%B1%D0%BE%D0%B3%D0%B0%D0%B4%D0%B5%D0%BB%D1%8C%D0%BD%D0%B5,68
Палаты князя Андрея Друцкого,Палаты князя Андрея,усадьба / дворец / особняк,"Можно увидеть редкий для Москвы слой старой каменной застройки. Есть охранный статус. До ближайшего монумента — «Пётр l», около 1.27 км.",37.5975,1273,Пётр l,https://ru.wikipedia.org/wiki/%D0%9F%D0%B0%D0%BB%D0%B0%D1%82%D1%8B_%D0%BA%D0%BD%D1%8F%D0%B7%D1%8F_%D0%90%D0%BD%D0%B4%D1%80%D0%B5%D1%8F_%D0%94%D1%80%D1%83%D1%86%D0%BA%D0%BE%D0%B3%D0%BE,68
Российский государственный архив древних актов,Архив древних актов,историческое здание,"Крупнейшее российское хранилище русских манускриптов, документов и печатных книг средневековой Руси. До ближайшего монумента — «Way to ducks!», около 1.27 км.",37.574173,1271,Way to ducks!,https://ru.wikipedia.org/wiki/%D0%A0%D0%BE%D1%81%D1%81%D0%B8%D0%B9%D1%81%D0%BA%D0%B8%D0%B9_%D0%B3%D0%BE%D1%81%D1%83%D0%B4%D0%B0%D1%80%D1%81%D1%82%D0%B2%D0%B5%D0%BD%D0%BD%D1%8B%D0%B9_%D0%B0%D1%80%D1%85%D0%B8%D0%B2_%D0%B4%D1%80%D0%B5%D0%B2%D0%BD%D0%B8%D1%85_%D0%B0%D0%BA%D1%82%D0%BE%D0%B2,68
Богадельня Геер,Богадельня Геер,историческое здание,"Можно рассмотреть фрагмент исторической застройки без музейной торжественности. Есть региональный охранный статус. До ближайшего монумента — «Колокольня», около 1.27 км.",37.66294,1270,Колокольня,https://ru.wikipedia.org/wiki/%D0%91%D0%BE%D0%B3%D0%B0%D0%B4%D0%B5%D0%BB%D1%8C%D0%BD%D1%8F_%D0%B8%D0%BC%D0%B5%D0%BD%D0%B8_%D0%93%D0%B5%D0%B5%D1%80%D0%B0,68
Церковь Николая Чудотворца в Подкопаях,Церковь Николая Чудотворца,исторический храм / монастырь,"Тихая архитектурная точка, заметная в исторической среде района. Есть федеральный охранный статус. До ближайшего монумента — «Доходный дом Перлова», около 1.27 км.",37.641666666,1268,Доходный дом Перлова,https://ru.wikipedia.org/wiki/%D0%A6%D0%B5%D1%80%D0%BA%D0%BE%D0%B2%D1%8C_%D0%9D%D0%B8%D0%BA%D0%BE%D0%BB%D0%B0%D1%8F_%D0%A7%D1%83%D0%B4%D0%BE%D1%82%D0%B2%D0%BE%D1%80%D1%86%D0%B0_%D0%B2_%D0%9F%D0%BE%D0%B4%D0%BA%D0%BE%D0%BF%D0%B0%D1%8F%D1%85,68
Покровский бульвар,Покровский бульвар,историческое здание,"Место для прогулки и передышки от плотной городской застройки. Есть региональный охранный статус. До ближайшего монумента — «Доходный дом Перлова», около 1.27 км.",37.648333333,1268,Доходный дом Перлова,https://ru.wikipedia.org/wiki/%D0%9F%D0%BE%D0%BA%D1%80%D0%BE%D0%B2%D1%81%D0%BA%D0%B8%D0%B9_%D0%B1%D1%83%D0%BB%D1%8C%D0%B2%D0%B0%D1%80,68
Главный военный клинический госпиталь имени Н. Н. Бурденко,Главный военный клинический,историческое здание,"Главный военный клинический госпиталь имени Н. До ближайшего монумента — «Колокольня», около 1.27 км.",37.69434238,1267,Колокольня,https://ru.wikipedia.org/wiki/%D0%93%D0%BB%D0%B0%D0%B2%D0%BD%D1%8B%D0%B9_%D0%B2%D0%BE%D0%B5%D0%BD%D0%BD%D1%8B%D0%B9_%D0%BA%D0%BB%D0%B8%D0%BD%D0%B8%D1%87%D0%B5%D1%81%D0%BA%D0%B8%D0%B9_%D0%B3%D0%BE%D1%81%D0%BF%D0%B8%D1%82%D0%B0%D0%BB%D1%8C_%D0%B8%D0%BC%D0%B5%D0%BD%D0%B8_%D0%9D._%D0%9D._%D0%91%D1%83%D1%80%D0%B4%D0%B5%D0%BD%D0%BA%D0%BE,68
Здание Тимирязевской академии,Здание Тимирязевской академии,историческое здание,"Можно рассмотреть фрагмент исторической застройки без музейной торжественности. Есть федеральный охранный статус. До ближайшего монумента — «Tram station», около 1.27 км.",37.5497,1266,Tram station,https://ru.wikipedia.org/wiki/%D0%97%D0%B4%D0%B0%D0%BD%D0%B8%D0%B5_%D0%A2%D0%B8%D0%BC%D0%B8%D1%80%D1%8F%D0%B7%D0%B5%D0%B2%D1%81%D0%BA%D0%BE%D0%B9_%D0%B0%D0%BA%D0%B0%D0%B4%D0%B5%D0%BC%D0%B8%D0%B8,68
Куракинская богадельня,Куракинская богадельня,историческое здание,"Можно рассмотреть фрагмент исторической застройки без музейной торжественности. Есть федеральный охранный статус. До ближайшего монумента — «Доходный дом Перлова», около 1.26 км.",37.653675,1258,Доходный дом Перлова,https://ru.wikipedia.org/wiki/%D0%9A%D1%83%D1%80%D0%B0%D0%BA%D0%B8%D0%BD%D1%81%D0%BA%D0%B0%D1%8F_%D0%B1%D0%BE%D0%B3%D0%B0%D0%B4%D0%B5%D0%BB%D1%8C%D0%BD%D1%8F,68
Украина,Украина,историческое здание,"Гостиница в Москве. До ближайшего монумента — «Пионер», около 1.26 км.",37.56624,1256,Пионер,"https://ru.wikipedia.org/wiki/%D0%A3%D0%BA%D1%80%D0%B0%D0%B8%D0%BD%D0%B0_(%D0%B3%D0%BE%D1%81%D1%82%D0%B8%D0%BD%D0%B8%D1%86%D0%B0,_%D0%9C%D0%BE%D1%81%D0%BA%D0%B2%D0%B0)",68
Ботанический сад Первого МГМУ имени И. М. Сеченова,Ботанический сад Первого,историческое здание,"Ботанический сад Первого МГМУ имени И. М. До ближайшего монумента — «Пионер», около 1.26 км.",37.530171,1256,Пионер,https://ru.wikipedia.org/wiki/%D0%91%D0%BE%D1%82%D0%B0%D0%BD%D0%B8%D1%87%D0%B5%D1%81%D0%BA%D0%B8%D0%B9_%D1%81%D0%B0%D0%B4_%D0%9F%D0%B5%D1%80%D0%B2%D0%BE%D0%B3%D0%BE_%D0%9C%D0%93%D0%9C%D0%A3_%D0%B8%D0%BC%D0%B5%D0%BD%D0%B8_%D0%98._%D0%9C._%D0%A1%D0%B5%D1%87%D0%B5%D0%BD%D0%BE%D0%B2%D0%B0,68
аллея Космонавтов,Аллея Космонавтов,историческое здание,"Пешеходная улица в Москве. До ближайшего монумента — «Ростокинский акведук», около 1.25 км.",37.639482,1255,Ростокинский акведук,https://ru.wikipedia.org/wiki/%D0%90%D0%BB%D0%BB%D0%B5%D1%8F_%D0%9A%D0%BE%D1%81%D0%BC%D0%BE%D0%BD%D0%B0%D0%B2%D1%82%D0%BE%D0%B2,68
Дом П.А. Сырейщикова (Рахмановых),Дом Сырейщикова,историческое здание,"Можно рассмотреть фрагмент исторической застройки без музейной торжественности. Есть федеральный охранный статус. До ближайшего монумента — «Усадьба Морозовых», около 1.25 км.",37.65457,1251,Усадьба Морозовых,https://ru.wikipedia.org/wiki/%D0%94%D0%BE%D0%BC_%D0%9F._%D0%90._%D0%A1%D1%8B%D1%80%D0%B5%D0%B9%D1%89%D0%B8%D0%BA%D0%BE%D0%B2%D0%B0_(%D0%A0%D0%B0%D1%85%D0%BC%D0%B0%D0%BD%D0%BE%D0%B2%D1%8B%D1%85),68
Психиатрическая клиника имени С. С. Корсакова,Клиника Корсакова,историческое здание,"Можно рассмотреть фрагмент исторической застройки без музейной торжественности. Есть региональный охранный статус. До ближайшего монумента — «Фигурный фонтан», около 1.25 км.",37.58216975,1250,Фигурный фонтан,https://ru.wikipedia.org/wiki/%D0%9F%D1%81%D0%B8%D1%85%D0%B8%D0%B0%D1%82%D1%80%D0%B8%D1%87%D0%B5%D1%81%D0%BA%D0%B0%D1%8F_%D0%BA%D0%BB%D0%B8%D0%BD%D0%B8%D0%BA%D0%B0_%D0%B8%D0%BC%D0%B5%D0%BD%D0%B8_%D0%A1._%D0%A1._%D0%9A%D0%BE%D1%80%D1%81%D0%B0%D0%BA%D0%BE%D0%B2%D0%B0,68
Храм Живоначальной Троицы в Хорошёве,Храм Живоначальной Троицы,исторический храм / монастырь,"Тихая архитектурная точка, заметная в исторической среде района. Есть федеральный охранный статус. До ближайшего монумента — «Pier», около 1.25 км.",37.4568,1248,Pier,https://ru.wikipedia.org/wiki/%D0%A5%D1%80%D0%B0%D0%BC_%D0%96%D0%B8%D0%B2%D0%BE%D0%BD%D0%B0%D1%87%D0%B0%D0%BB%D1%8C%D0%BD%D0%BE%D0%B9_%D0%A2%D1%80%D0%BE%D0%B8%D1%86%D1%8B_%D0%B2_%D0%A5%D0%BE%D1%80%D0%BE%D1%88%D1%91%D0%B2%D0%B5,68
Больница имени братьев Бахрушиных,Больница братьев Бахрушиных,историческое здание,"Можно рассмотреть фрагмент исторической застройки без музейной торжественности. Есть выявленный охранный статус. До ближайшего монумента — «Большой розарий», около 1.25 км.",37.68886,1248,Большой розарий,https://ru.wikipedia.org/wiki/%D0%91%D0%BE%D0%BB%D1%8C%D0%BD%D0%B8%D1%86%D0%B0_%D0%B8%D0%BC%D0%B5%D0%BD%D0%B8_%D0%B1%D1%80%D0%B0%D1%82%D1%8C%D0%B5%D0%B2_%D0%91%D0%B0%D1%85%D1%80%D1%83%D1%88%D0%B8%D0%BD%D1%8B%D1%85,68
Горбатый мост (Москва),Горбатый мост,историческое здание,"Интересно как часть городской инфраструктуры и повседневного движения Москвы. Есть федеральный охранный статус. До ближайшего монумента — «Cheapshot HQ», около 1.24 км.",37.576699,1244,Cheapshot HQ,https://ru.wikipedia.org/wiki/%D0%93%D0%BE%D1%80%D0%B1%D0%B0%D1%82%D1%8B%D0%B9_%D0%BC%D0%BE%D1%81%D1%82_(%D0%9C%D0%BE%D1%81%D0%BA%D0%B2%D0%B0),68
Собор Успения Пресвятой Богородицы на Крутицах,Собор Успения Богородицы,исторический храм / монастырь,"Сохранившийся православный храм в Москве. До ближайшего монумента — «Футболисты», около 1.24 км.",37.65898469,1241,Футболисты,https://ru.wikipedia.org/wiki/%D0%A1%D0%BE%D0%B1%D0%BE%D1%80_%D0%A3%D1%81%D0%BF%D0%B5%D0%BD%D0%B8%D1%8F_%D0%9F%D1%80%D0%B5%D1%81%D0%B2%D1%8F%D1%82%D0%BE%D0%B9_%D0%91%D0%BE%D0%B3%D0%BE%D1%80%D0%BE%D0%B4%D0%B8%D1%86%D1%8B_%D0%BD%D0%B0_%D0%9A%D1%80%D1%83%D1%82%D0%B8%D1%86%D0%B0%D1%85,68
Храм Усекновения Главы Иоанна Предтечи в Казенной Слободе,Храм Усекновения Главы,исторический храм / монастырь,"Тихая архитектурная точка, заметная в исторической среде района. Есть федеральный охранный статус. До ближайшего монумента — «Доходный дом Перлова», около 1.24 км.",37.65566,1241,Доходный дом Перлова,https://ru.wikipedia.org/wiki/%D0%A5%D1%80%D0%B0%D0%BC_%D0%A3%D1%81%D0%B5%D0%BA%D0%BD%D0%BE%D0%B2%D0%B5%D0%BD%D0%B8%D1%8F_%D0%93%D0%BB%D0%B0%D0%B2%D1%8B_%D0%98%D0%BE%D0%B0%D0%BD%D0%BD%D0%B0_%D0%9F%D1%80%D0%B5%D0%B4%D1%82%D0%B5%D1%87%D0%B8_%D0%B2_%D0%9A%D0%B0%D0%B7%D1%91%D0%BD%D0%BD%D0%BE%D0%B9_%D1%81%D0%BB%D0%BE%D0%B1%D0%BE%D0%B4%D0%B5,68
Москворечье,Москворечье,историческое здание,"Хлебозавод в Даниловском районе Москвы. До ближайшего монумента — «Усадьба Ардалионова», около 1.23 км.",37.643253,1231,Усадьба Ардалионова,https://ru.wikipedia.org/wiki/%D0%9C%D0%BE%D1%81%D0%BA%D0%B2%D0%BE%D1%80%D0%B5%D1%87%D1%8C%D0%B5_(%D1%85%D0%BB%D0%B5%D0%B1%D0%BE%D0%B7%D0%B0%D0%B2%D0%BE%D0%B4),68
Таганская автоматическая телефонная станция,Таганская автоматическая телефонная,вокзал / транспортный объект,"Интересно как часть городской инфраструктуры и повседневного движения Москвы. Сохраняет признаки объекта наследия. До ближайшего монумента — «Доходный дом Перлова», около 1.23 км.",37.649166666,1231,Доходный дом Перлова,https://ru.wikipedia.org/wiki/%D0%A2%D0%B0%D0%B3%D0%B0%D0%BD%D1%81%D0%BA%D0%B0%D1%8F_%D0%B0%D0%B2%D1%82%D0%BE%D0%BC%D0%B0%D1%82%D0%B8%D1%87%D0%B5%D1%81%D0%BA%D0%B0%D1%8F_%D1%82%D0%B5%D0%BB%D0%B5%D1%84%D0%BE%D0%BD%D0%BD%D0%B0%D1%8F_%D1%81%D1%82%D0%B0%D0%BD%D1%86%D0%B8%D1%8F,68
Центральный дом культуры железнодорожников,Дом культуры,усадьба / дворец / особняк,"Сохраняет память о районной культурной жизни и общественных пространствах. Есть федеральный охранный статус. До ближайшего монумента — «Колокольня», около 1.23 км.",37.65781688,1227,Колокольня,https://ru.wikipedia.org/wiki/%D0%A6%D0%B5%D0%BD%D1%82%D1%80%D0%B0%D0%BB%D1%8C%D0%BD%D1%8B%D0%B9_%D0%B4%D0%BE%D0%BC_%D0%BA%D1%83%D0%BB%D1%8C%D1%82%D1%83%D1%80%D1%8B_%D0%B6%D0%B5%D0%BB%D0%B5%D0%B7%D0%BD%D0%BE%D0%B4%D0%BE%D1%80%D0%BE%D0%B6%D0%BD%D0%B8%D0%BA%D0%BE%D0%B2,68
Крутицкий теремок,Крутицкий теремок,знаковое современное здание,"Можно рассмотреть фрагмент исторической застройки без музейной торжественности. Есть федеральный охранный статус. До ближайшего монумента — «Футболисты», около 1.23 км.",37.658502,1226,Футболисты,https://ru.wikipedia.org/wiki/%D0%9A%D1%80%D1%83%D1%82%D0%B8%D1%86%D0%BA%D0%B8%D0%B9_%D1%82%D0%B5%D1%80%D0%B5%D0%BC%D0%BE%D0%BA,68
Гоголевский бульвар,Гоголевский бульвар,историческое здание,"Место для прогулки и передышки от плотной городской застройки. Есть региональный охранный статус. До ближайшего монумента — «Пётр l», около 1.23 км.",37.6,1225,Пётр l,https://ru.wikipedia.org/wiki/%D0%93%D0%BE%D0%B3%D0%BE%D0%BB%D0%B5%D0%B2%D1%81%D0%BA%D0%B8%D0%B9_%D0%B1%D1%83%D0%BB%D1%8C%D0%B2%D0%B0%D1%80,68
Храм Трёх Святителей на Кулишках,Храм Трёх Святителей,исторический храм / монастырь,"Тихая архитектурная точка, заметная в исторической среде района. Есть федеральный охранный статус. До ближайшего монумента — «Доходный дом Перлова», около 1.22 км.",37.644672,1223,Доходный дом Перлова,https://ru.wikipedia.org/wiki/%D0%A5%D1%80%D0%B0%D0%BC_%D0%A2%D1%80%D1%91%D1%85_%D0%A1%D0%B2%D1%8F%D1%82%D0%B8%D1%82%D0%B5%D0%BB%D0%B5%D0%B9_%D0%BD%D0%B0_%D0%9A%D1%83%D0%BB%D0%B8%D1%88%D0%BA%D0%B0%D1%85,68
Храм Покрова Пресвятой Богородицы в Братцево,Храм Покрова Богородицы,исторический храм / монастырь,"Тихая архитектурная точка, заметная в исторической среде района. Есть федеральный охранный статус. До ближайшего монумента — «Сходненский ковш», около 1.22 км.",37.402076,1222,Сходненский ковш,https://ru.wikipedia.org/wiki/%D0%A5%D1%80%D0%B0%D0%BC_%D0%9F%D0%BE%D0%BA%D1%80%D0%BE%D0%B2%D0%B0_%D0%9F%D1%80%D0%B5%D1%81%D0%B2%D1%8F%D1%82%D0%BE%D0%B9_%D0%91%D0%BE%D0%B3%D0%BE%D1%80%D0%BE%D0%B4%D0%B8%D1%86%D1%8B_%D0%B2_%D0%91%D1%80%D0%B0%D1%82%D1%86%D0%B5%D0%B2%D0%B5,68
Храм святителей Афанасия и Кирилла на Сивцевом Вражке,Храм святителей Афанасия,исторический храм / монастырь,"Тихая архитектурная точка, заметная в исторической среде района. Есть федеральный охранный статус. До ближайшего монумента — «Пётр l», около 1.22 км.",37.597780555,1220,Пётр l,https://ru.wikipedia.org/wiki/%D0%A5%D1%80%D0%B0%D0%BC_%D0%A1%D0%B2%D1%8F%D1%82%D0%B8%D1%82%D0%B5%D0%BB%D0%B5%D0%B9_%D0%90%D1%84%D0%B0%D0%BD%D0%B0%D1%81%D0%B8%D1%8F_%D0%B8_%D0%9A%D0%B8%D1%80%D0%B8%D0%BB%D0%BB%D0%B0_%D0%BD%D0%B0_%D0%A1%D0%B8%D0%B2%D1%86%D0%B5%D0%B2%D0%BE%D0%BC_%D0%92%D1%80%D0%B0%D0%B6%D0%BA%D0%B5,68
Олимпийский центр имени братьев Знаменских,Олимпийский центр братьев,спортивная арена / стадион,"Связано со спортивной жизнью города и крупными событиями района. До ближайшего монумента — «Большой розарий», около 1.22 км.",37.686111,1219,Большой розарий,https://ru.wikipedia.org/wiki/%D0%9E%D0%BB%D0%B8%D0%BC%D0%BF%D0%B8%D0%B9%D1%81%D0%BA%D0%B8%D0%B9_%D1%86%D0%B5%D0%BD%D1%82%D1%80_%D0%B8%D0%BC%D0%B5%D0%BD%D0%B8_%D0%B1%D1%80%D0%B0%D1%82%D1%8C%D0%B5%D0%B2_%D0%97%D0%BD%D0%B0%D0%BC%D0%B5%D0%BD%D1%81%D0%BA%D0%B8%D1%85,68
Дом кооператива «Шерстяной работник»,Театр Шерстяной работник,театр,"Камерная культурная точка для тех, кто ищет районную сцену. Считается ценной частью городской среды. До ближайшего монумента — «Дом Мёда», около 1.22 км.",37.644567,1219,Дом Мёда,https://ru.wikipedia.org/wiki/%D0%94%D0%BE%D0%BC_%D0%BA%D0%BE%D0%BE%D0%BF%D0%B5%D1%80%D0%B0%D1%82%D0%B8%D0%B2%D0%B0_%C2%AB%D0%A8%D0%B5%D1%80%D1%81%D1%82%D1%8F%D0%BD%D0%BE%D0%B9_%D1%80%D0%B0%D0%B1%D0%BE%D1%82%D0%BD%D0%B8%D0%BA%C2%BB,68
Всехсвятский студенческий городок,Всехсвятский студенческий городок,историческое здание,"Комплекс общежитий в стиле конструктивизма в Москве. До ближайшего монумента — «Ерунда», около 1.22 км.",37.520467,1216,Ерунда,https://ru.wikipedia.org/wiki/%D0%92%D1%81%D0%B5%D1%85%D1%81%D0%B2%D1%8F%D1%82%D1%81%D0%BA%D0%B8%D0%B9_%D1%81%D1%82%D1%83%D0%B4%D0%B5%D0%BD%D1%87%D0%B5%D1%81%D0%BA%D0%B8%D0%B9_%D0%B3%D0%BE%D1%80%D0%BE%D0%B4%D0%BE%D0%BA,68
Тимирязевский парк,Тимирязевский парк,знаковое городское место,"Лесопарк в Тимирязевском районе Северного административного округа Москвы. До ближайшего монумента — «Tram station», около 1.22 км.",37.545,1216,Tram station,https://ru.wikipedia.org/wiki/%D0%A2%D0%B8%D0%BC%D0%B8%D1%80%D1%8F%D0%B7%D0%B5%D0%B2%D1%81%D0%BA%D0%B8%D0%B9_%D0%BF%D0%B0%D1%80%D0%BA,68
Круглое депо (Москва),Круглое депо,историческое здание,"Интересно как часть городской инфраструктуры и повседневного движения Москвы. Есть региональный охранный статус. До ближайшего монумента — «Аптекарский огород», около 1.21 км.",37.653194444,1212,Аптекарский огород,https://ru.wikipedia.org/wiki/%D0%9A%D1%80%D1%83%D0%B3%D0%BE%D0%B2%D0%BE%D0%B5_%D0%B4%D0%B5%D0%BF%D0%BE_(%D0%9C%D0%BE%D1%81%D0%BA%D0%B2%D0%B0),68
Дом научно-технического творчества молодёжи,Дом научно-технического творчества,историческое здание,"Можно рассмотреть фрагмент исторической застройки без музейной торжественности. Сохраняет признаки объекта наследия. До ближайшего монумента — «Фигурный фонтан», около 1.21 км.",37.604873,1209,Фигурный фонтан,https://ru.wikipedia.org/wiki/%D0%94%D0%BE%D0%BC_%D0%BD%D0%B0%D1%83%D1%87%D0%BD%D0%BE-%D1%82%D0%B5%D1%85%D0%BD%D0%B8%D1%87%D0%B5%D1%81%D0%BA%D0%BE%D0%B3%D0%BE_%D1%82%D0%B2%D0%BE%D1%80%D1%87%D0%B5%D1%81%D1%82%D0%B2%D0%B0_%D0%BC%D0%BE%D0%BB%D0%BE%D0%B4%D1%91%D0%B6%D0%B8,68
Дом с атлантами на Солянке,Дом атлантами,историческое здание,"Можно рассмотреть фрагмент исторической застройки без музейной торжественности. Есть региональный охранный статус. До ближайшего монумента — «ГУМ», около 1.20 км.",37.640349,1201,ГУМ,https://ru.wikipedia.org/wiki/%D0%94%D0%BE%D0%BC_%D1%81_%D0%B0%D1%82%D0%BB%D0%B0%D0%BD%D1%82%D0%B0%D0%BC%D0%B8_%D0%BD%D0%B0_%D0%A1%D0%BE%D0%BB%D1%8F%D0%BD%D0%BA%D0%B5,68
Городская усадьба Е. Г. Левашевой,Усадьба Левашевой,усадьба / дворец / особняк,"Подойдёт для спокойного знакомства с московской усадебной архитектурой. Есть региональный охранный статус. До ближайшего монумента — «Колокольня», около 1.20 км.",37.661666666,1200,Колокольня,https://ru.wikipedia.org/wiki/%D0%93%D0%BE%D1%80%D0%BE%D0%B4%D1%81%D0%BA%D0%B0%D1%8F_%D1%83%D1%81%D0%B0%D0%B4%D1%8C%D0%B1%D0%B0_%D0%95._%D0%93._%D0%9B%D0%B5%D0%B2%D0%B0%D1%88%D0%B5%D0%B2%D0%BE%D0%B9,68
Усадьба Тутолмина,Усадьба Тутолмина,усадьба / дворец / особняк,"Городская усадьба. До ближайшего монумента — «Дом Мёда», около 1.19 км.",37.64576149,1190,Дом Мёда,https://ru.wikipedia.org/wiki/%D0%A3%D1%81%D0%B0%D0%B4%D1%8C%D0%B1%D0%B0_%D0%A2%D1%83%D1%82%D0%BE%D0%BB%D0%BC%D0%B8%D0%BD%D0%B0,68
Евангелическо-реформатская церковь в Москве,Церковь в Москве,исторический храм / монастырь,"Церковь, расположенная по адресу Малый Трёхсвятительский переулок, д. До ближайшего монумента — «Доходный дом Перлова», около 1.19 км.",37.64604895,1187,Доходный дом Перлова,https://ru.wikipedia.org/wiki/%D0%95%D0%B2%D0%B0%D0%BD%D0%B3%D0%B5%D0%BB%D0%B8%D1%87%D0%B5%D1%81%D0%BA%D0%BE-%D1%80%D0%B5%D1%84%D0%BE%D1%80%D0%BC%D0%B0%D1%82%D1%81%D0%BA%D0%B0%D1%8F_%D1%86%D0%B5%D1%80%D0%BA%D0%BE%D0%B2%D1%8C_(%D0%9C%D0%BE%D1%81%D0%BA%D0%B2%D0%B0),68
Фабрика-кухня № 1 (Москва),Фабрика-кухня 1,историческое здание,"Напоминает об индустриальном слое московской архитектуры. Есть выявленный охранный статус. До ближайшего монумента — «Купание коней», около 1.19 км.",37.576708,1187,Купание коней,https://ru.wikipedia.org/wiki/%D0%A4%D0%B0%D0%B1%D1%80%D0%B8%D0%BA%D0%B0-%D0%BA%D1%83%D1%85%D0%BD%D1%8F_%E2%84%96_1_(%D0%9C%D0%BE%D1%81%D0%BA%D0%B2%D0%B0),68
Дом-коммуна в 4-м Сыромятническом переулке,Дом-коммуна,историческое здание,"Можно рассмотреть фрагмент исторической застройки без музейной торжественности. Сохраняет признаки объекта наследия. До ближайшего монумента — «Усадьба Морозовых», около 1.19 км.",37.667555,1185,Усадьба Морозовых,https://ru.wikipedia.org/wiki/%D0%94%D0%BE%D0%BC-%D0%BA%D0%BE%D0%BC%D0%BC%D1%83%D0%BD%D0%B0_%D0%B2_4-%D0%BC_%D0%A1%D1%8B%D1%80%D0%BE%D0%BC%D1%8F%D1%82%D0%BD%D0%B8%D1%87%D0%B5%D1%81%D0%BA%D0%BE%D0%BC_%D0%BF%D0%B5%D1%80%D0%B5%D1%83%D0%BB%D0%BA%D0%B5,68
Палаты Матюшкина,Палаты Матюшкина,усадьба / дворец / особняк,"Можно увидеть редкий для Москвы слой старой каменной застройки. Есть федеральный охранный статус. До ближайшего монумента — «Усадьба Морозовых», около 1.18 км.",37.658299,1183,Усадьба Морозовых,https://ru.wikipedia.org/wiki/%D0%9F%D0%B0%D0%BB%D0%B0%D1%82%D1%8B_%D0%9C%D0%B0%D1%82%D1%8E%D1%88%D0%BA%D0%B8%D0%BD%D0%B0,68
Академия хорового искусства имени В. С. Попова,Академия хорового искусства,историческое здание,"Можно рассмотреть фрагмент исторической застройки без музейной торжественности. Есть охранный статус. До ближайшего монумента — «Речной вокзал», около 1.18 км.",37.483471,1180,Речной вокзал,https://ru.wikipedia.org/wiki/%D0%90%D0%BA%D0%B0%D0%B4%D0%B5%D0%BC%D0%B8%D1%8F_%D1%85%D0%BE%D1%80%D0%BE%D0%B2%D0%BE%D0%B3%D0%BE_%D0%B8%D1%81%D0%BA%D1%83%D1%81%D1%81%D1%82%D0%B2%D0%B0_%D0%B8%D0%BC%D0%B5%D0%BD%D0%B8_%D0%92._%D0%A1._%D0%9F%D0%BE%D0%BF%D0%BE%D0%B2%D0%B0,68
Школа № 1227,Школа 1227,историческое здание,"Заметный след старой образовательной городской среды. Есть региональный охранный статус. До ближайшего монумента — «Доходный дом Перлова», около 1.18 км.",37.646061111,1180,Доходный дом Перлова,https://ru.wikipedia.org/wiki/%D0%A8%D0%BA%D0%BE%D0%BB%D0%B0_%D0%B2_%D0%91%D0%BE%D0%BB%D1%8C%D1%88%D0%BE%D0%BC_%D0%A2%D1%80%D1%91%D1%85%D1%81%D0%B2%D1%8F%D1%82%D0%B8%D1%82%D0%B5%D0%BB%D1%8C%D1%81%D0%BA%D0%BE%D0%BC_%D0%BF%D0%B5%D1%80%D0%B5%D1%83%D0%BB%D0%BA%D0%B5,68
Храм Девяти мучеников Кизических,Храм Девяти мучеников,исторический храм / монастырь,"Тихая архитектурная точка, заметная в исторической среде района. Есть федеральный охранный статус. До ближайшего монумента — «Cheapshot HQ», около 1.18 км.",37.57942989,1175,Cheapshot HQ,https://ru.wikipedia.org/wiki/%D0%A5%D1%80%D0%B0%D0%BC_%D0%94%D0%B5%D0%B2%D1%8F%D1%82%D0%B8_%D0%BC%D1%83%D1%87%D0%B5%D0%BD%D0%B8%D0%BA%D0%BE%D0%B2_%D0%9A%D0%B8%D0%B7%D0%B8%D1%87%D0%B5%D1%81%D0%BA%D0%B8%D1%85,68
Дом декабриста Свистунова,Дом декабриста Свистунова,историческое здание,"Можно рассмотреть фрагмент исторической застройки без музейной торжественности. Есть федеральный охранный статус. До ближайшего монумента — «Пётр l», около 1.18 км.",37.59264411,1175,Пётр l,https://ru.wikipedia.org/wiki/%D0%94%D0%BE%D0%BC_%D0%B4%D0%B5%D0%BA%D0%B0%D0%B1%D1%80%D0%B8%D1%81%D1%82%D0%B0_%D0%A1%D0%B2%D0%B8%D1%81%D1%82%D1%83%D0%BD%D0%BE%D0%B2%D0%B0,68
Лефортовский парк,Лефортовский парк,знаковое городское место,"Место для прогулки и передышки от плотной городской застройки. Есть региональный охранный статус. До ближайшего монумента — «Су-27», около 1.17 км.",37.690833333,1173,Су-27,https://ru.wikipedia.org/wiki/%D0%9B%D0%B5%D1%84%D0%BE%D1%80%D1%82%D0%BE%D0%B2%D1%81%D0%BA%D0%B8%D0%B9_%D0%BF%D0%B0%D1%80%D0%BA,68
Дом Б. К. Мильгаузена,Дом Мильгаузена,историческое здание,"Можно рассмотреть фрагмент исторической застройки без музейной торжественности. Есть федеральный охранный статус. До ближайшего монумента — «Дом Мёда», около 1.17 км.",37.644444444,1173,Дом Мёда,https://ru.wikipedia.org/wiki/%D0%94%D0%BE%D0%BC_%D0%9C%D0%B8%D0%BB%D1%8C%D0%B3%D0%B0%D1%83%D0%B7%D0%B5%D0%BD%D0%B0,68
Городская усадьба Капцовой,Усадьба Капцовой,усадьба / дворец / особняк,"Подойдёт для спокойного знакомства с московской усадебной архитектурой. Есть региональный охранный статус. До ближайшего монумента — «Усадьба Морозовых», около 1.17 км.",37.653226,1170,Усадьба Морозовых,https://ru.wikipedia.org/wiki/%D0%93%D0%BE%D1%80%D0%BE%D0%B4%D1%81%D0%BA%D0%B0%D1%8F_%D1%83%D1%81%D0%B0%D0%B4%D1%8C%D0%B1%D0%B0_%D0%9A%D0%B0%D0%BF%D1%86%D0%BE%D0%B2%D0%BE%D0%B9,68
Палаты Шуйских,Палаты Шуйских,усадьба / дворец / особняк,"Можно увидеть редкий для Москвы слой старой каменной застройки. Есть федеральный охранный статус. До ближайшего монумента — «Доходный дом Перлова», около 1.17 км.",37.6425,1167,Доходный дом Перлова,https://ru.wikipedia.org/wiki/%D0%9F%D0%B0%D0%BB%D0%B0%D1%82%D1%8B_%D0%A8%D1%83%D0%B9%D1%81%D0%BA%D0%B8%D1%85,68
Церковь Рождества Пресвятой Богородицы на Кулишках,Церковь Рождества Богородицы,исторический храм / монастырь,"Тихая архитектурная точка, заметная в исторической среде района. Есть федеральный охранный статус. До ближайшего монумента — «ГУМ», около 1.16 км.",37.639866,1162,ГУМ,https://ru.wikipedia.org/wiki/%D0%A6%D0%B5%D1%80%D0%BA%D0%BE%D0%B2%D1%8C_%D0%A0%D0%BE%D0%B6%D0%B4%D0%B5%D1%81%D1%82%D0%B2%D0%B0_%D0%9F%D1%80%D0%B5%D1%81%D0%B2%D1%8F%D1%82%D0%BE%D0%B9_%D0%91%D0%BE%D0%B3%D0%BE%D1%80%D0%BE%D0%B4%D0%B8%D1%86%D1%8B_%D0%BD%D0%B0_%D0%9A%D1%83%D0%BB%D0%B8%D1%88%D0%BA%D0%B0%D1%85,68
Дом Кушашниковых,Дом Кушашниковых,историческое здание,"Можно рассмотреть фрагмент исторической застройки без музейной торжественности. Есть федеральный охранный статус. До ближайшего монумента — «Фигурный фонтан», около 1.16 км.",37.60564273,1162,Фигурный фонтан,https://ru.wikipedia.org/wiki/%D0%94%D0%BE%D0%BC_%D0%9A%D1%83%D1%88%D0%B0%D1%88%D0%BD%D0%B8%D0%BA%D0%BE%D0%B2%D1%8B%D1%85,68
Парк Авиаторов (Москва),Парк Авиаторов,знаковое городское место,"Место для прогулки и передышки от плотной городской застройки. Есть региональный охранный статус. До ближайшего монумента — «ЦСКА Арена», около 1.16 км.",37.52196,1161,ЦСКА Арена,https://ru.wikipedia.org/wiki/%D0%A7%D0%B0%D0%BF%D0%B0%D0%B5%D0%B2%D1%81%D0%BA%D0%B8%D0%B9_%D0%BF%D0%B0%D1%80%D0%BA,68
Храм Василия Исповедника у Рогожской заставы,Храм Василия Исповедника,исторический храм / монастырь,"Тихая архитектурная точка, заметная в исторической среде района. Есть выявленный охранный статус. До ближайшего монумента — «Усадьба Морозовых», около 1.16 км.",37.683330555,1157,Усадьба Морозовых,https://ru.wikipedia.org/wiki/%D0%A5%D1%80%D0%B0%D0%BC_%D0%92%D0%B0%D1%81%D0%B8%D0%BB%D0%B8%D1%8F_%D0%98%D1%81%D0%BF%D0%BE%D0%B2%D0%B5%D0%B4%D0%BD%D0%B8%D0%BA%D0%B0_%D1%83_%D0%A0%D0%BE%D0%B3%D0%BE%D0%B6%D1%81%D0%BA%D0%BE%D0%B9_%D0%B7%D0%B0%D1%81%D1%82%D0%B0%D0%B2%D1%8B,68
Храм пророка Илии на Воронцовом поле,Храм пророка Илии,исторический храм / монастырь,"Тихая архитектурная точка, заметная в исторической среде района. Есть федеральный охранный статус. До ближайшего монумента — «Усадьба Морозовых», около 1.16 км.",37.654864,1156,Усадьба Морозовых,https://ru.wikipedia.org/wiki/%D0%A5%D1%80%D0%B0%D0%BC_%D0%9F%D1%80%D0%BE%D1%80%D0%BE%D0%BA%D0%B0_%D0%98%D0%BB%D0%B8%D0%B8_%D0%BD%D0%B0_%D0%92%D0%BE%D1%80%D0%BE%D0%BD%D1%86%D0%BE%D0%B2%D0%BE%D0%BC_%D0%9F%D0%BE%D0%BB%D0%B5,68
Преображенская больница,Преображенская больница,историческое здание,"Можно рассмотреть фрагмент исторической застройки без музейной торжественности. Есть выявленный охранный статус. До ближайшего монумента — «Дворец на Яузе», около 1.16 км.",37.71540788,1156,Дворец на Яузе,https://ru.wikipedia.org/wiki/%D0%9F%D1%80%D0%B5%D0%BE%D0%B1%D1%80%D0%B0%D0%B6%D0%B5%D0%BD%D1%81%D0%BA%D0%B0%D1%8F_%D0%B1%D0%BE%D0%BB%D1%8C%D0%BD%D0%B8%D1%86%D0%B0,68
Усадьба Клаповской,Усадьба Клаповской,усадьба / дворец / особняк,"Подойдёт для спокойного знакомства с московской усадебной архитектурой. Есть федеральный охранный статус. До ближайшего монумента — «Усадьба Морозовых», около 1.16 км.",37.646388888,1156,Усадьба Морозовых,https://ru.wikipedia.org/wiki/%D0%A3%D1%81%D0%B0%D0%B4%D1%8C%D0%B1%D0%B0_%D0%9A%D0%BB%D0%B0%D0%BF%D0%BE%D0%B2%D1%81%D0%BA%D0%BE%D0%B9,68
Храм Владимирской иконы Божией Матери в Куркине,Храм Владимирской иконы,исторический храм / монастырь,"Тихая архитектурная точка, заметная в исторической среде района. Есть федеральный охранный статус. До ближайшего монумента — «Японская ярмарка», около 1.14 км.",37.380377777,1144,Японская ярмарка,https://ru.wikipedia.org/wiki/%D0%A5%D1%80%D0%B0%D0%BC_%D0%92%D0%BB%D0%B0%D0%B4%D0%B8%D0%BC%D0%B8%D1%80%D1%81%D0%BA%D0%BE%D0%B9_%D0%B8%D0%BA%D0%BE%D0%BD%D1%8B_%D0%91%D0%BE%D0%B6%D0%B8%D0%B5%D0%B9_%D0%9C%D0%B0%D1%82%D0%B5%D1%80%D0%B8_%D0%B2_%D0%9A%D1%83%D1%80%D0%BA%D0%B8%D0%BD%D0%B5,68
Всероссийская государственная библиотека иностранной литературы имени М. И. Рудомино,Всероссийская библиотека иностранной,историческое здание,"Всероссийская государственная библиотека иностранной литературы имени М. До ближайшего монумента — «Усадьба Морозовых», около 1.14 км.",37.647613,1144,Усадьба Морозовых,https://ru.wikipedia.org/wiki/%D0%92%D1%81%D0%B5%D1%80%D0%BE%D1%81%D1%81%D0%B8%D0%B9%D1%81%D0%BA%D0%B0%D1%8F_%D0%B3%D0%BE%D1%81%D1%83%D0%B4%D0%B0%D1%80%D1%81%D1%82%D0%B2%D0%B5%D0%BD%D0%BD%D0%B0%D1%8F_%D0%B1%D0%B8%D0%B1%D0%BB%D0%B8%D0%BE%D1%82%D0%B5%D0%BA%D0%B0_%D0%B8%D0%BD%D0%BE%D1%81%D1%82%D1%80%D0%B0%D0%BD%D0%BD%D0%BE%D0%B9_%D0%BB%D0%B8%D1%82%D0%B5%D1%80%D0%B0%D1%82%D1%83%D1%80%D1%8B_%D0%B8%D0%BC%D0%B5%D0%BD%D0%B8_%D0%9C._%D0%98._%D0%A0%D1%83%D0%B4%D0%BE%D0%BC%D0%B8%D0%BD%D0%BE,68
Храм Всех Святых в Красном селе,Храм Всех Святых,исторический храм / монастырь,"Тихая архитектурная точка, заметная в исторической среде района. Есть региональный охранный статус. До ближайшего монумента — «Колокольня», около 1.14 км.",37.667638888,1143,Колокольня,https://ru.wikipedia.org/wiki/%D0%A5%D1%80%D0%B0%D0%BC_%D0%92%D1%81%D0%B5%D1%85_%D0%A1%D0%B2%D1%8F%D1%82%D1%8B%D1%85_%D0%B2_%D0%9A%D1%80%D0%B0%D1%81%D0%BD%D0%BE%D0%BC_%D0%A1%D0%B5%D0%BB%D0%B5,68
Полицейская больница,Полицейская больница,историческое здание,"Можно рассмотреть фрагмент исторической застройки без музейной торжественности. Есть федеральный охранный статус. До ближайшего монумента — «Доходный дом Перлова», около 1.14 км.",37.65335226,1142,Доходный дом Перлова,https://ru.wikipedia.org/wiki/%D0%9F%D0%BE%D0%BB%D0%B8%D1%86%D0%B5%D0%B9%D1%81%D0%BA%D0%B0%D1%8F_%D0%B1%D0%BE%D0%BB%D1%8C%D0%BD%D0%B8%D1%86%D0%B0,68
Кутузово,Кутузово,вокзал / транспортный объект,"Станция МК МЖД в Москве, Россия. До ближайшего монумента — «Пионер», около 1.14 км.",37.535,1142,Пионер,https://ru.wikipedia.org/wiki/%D0%9A%D1%83%D1%82%D1%83%D0%B7%D0%BE%D0%B2%D0%BE_(%D1%81%D1%82%D0%B0%D0%BD%D1%86%D0%B8%D1%8F),68
Здание Наркомата обороны,Здание Наркомата обороны,историческое здание,"Можно рассмотреть фрагмент исторической застройки без музейной торжественности. Есть региональный охранный статус. До ближайшего монумента — «Пётр l», около 1.14 км.",37.60352271,1141,Пётр l,https://ru.wikipedia.org/wiki/%D0%97%D0%B4%D0%B0%D0%BD%D0%B8%D0%B5_%D0%9D%D0%B0%D1%80%D0%BA%D0%BE%D0%BC%D0%B0%D1%82%D0%B0_%D0%BE%D0%B1%D0%BE%D1%80%D0%BE%D0%BD%D1%8B,68
Слободской дворец,Слободской дворец,усадьба / дворец / особняк,"Подойдёт для спокойного знакомства с московской усадебной архитектурой. Есть федеральный охранный статус. До ближайшего монумента — «Колокольня», около 1.14 км.",37.684135,1138,Колокольня,https://ru.wikipedia.org/wiki/%D0%A1%D0%BB%D0%BE%D0%B1%D0%BE%D0%B4%D1%81%D0%BA%D0%BE%D0%B9_%D0%B4%D0%B2%D0%BE%D1%80%D0%B5%D1%86,68
Храм Никиты Мученика на Швивой горке,Храм Никиты Мученика,исторический храм / монастырь,"Тихая архитектурная точка, заметная в исторической среде района. Есть федеральный охранный статус. До ближайшего монумента — «Дом Мёда», около 1.14 км.",37.644611111,1137,Дом Мёда,https://ru.wikipedia.org/wiki/%D0%A5%D1%80%D0%B0%D0%BC_%D0%9D%D0%B8%D0%BA%D0%B8%D1%82%D1%8B_%D0%9C%D1%83%D1%87%D0%B5%D0%BD%D0%B8%D0%BA%D0%B0_%D0%BD%D0%B0_%D0%A8%D0%B2%D0%B8%D0%B2%D0%BE%D0%B9_%D0%B3%D0%BE%D1%80%D0%BA%D0%B5,68
Никольский фонтан,Никольский фонтан,историческое здание,"Можно рассмотреть фрагмент исторической застройки без музейной торжественности. Есть федеральный охранный статус. До ближайшего монумента — «Фигурный фонтан», около 1.14 км.",37.594476,1136,Фигурный фонтан,https://ru.wikipedia.org/wiki/%D0%9D%D0%B8%D0%BA%D0%BE%D0%BB%D1%8C%D1%81%D0%BA%D0%B8%D0%B9_%D1%84%D0%BE%D0%BD%D1%82%D0%B0%D0%BD,68
Кинотеатр Художественный,Театр Художественный,театр,"Кинотеатр на Арбатской площади Москвы. До ближайшего монумента — «Ultimate Zombie Box», около 1.14 км.",37.601944444,1136,Ultimate Zombie Box,"https://ru.wikipedia.org/wiki/%D0%A5%D1%83%D0%B4%D0%BE%D0%B6%D0%B5%D1%81%D1%82%D0%B2%D0%B5%D0%BD%D0%BD%D1%8B%D0%B9_(%D0%BA%D0%B8%D0%BD%D0%BE%D1%82%D0%B5%D0%B0%D1%82%D1%80,_%D0%9C%D0%BE%D1%81%D0%BA%D0%B2%D0%B0)",68
Прага,Прага,историческое здание,"Можно рассмотреть фрагмент исторической застройки без музейной торжественности. Есть региональный охранный статус. До ближайшего монумента — «Cheapshot HQ», около 1.14 км.",37.59971,1136,Cheapshot HQ,https://ru.wikipedia.org/wiki/%D0%9F%D1%80%D0%B0%D0%B3%D0%B0_(%D1%80%D0%B5%D1%81%D1%82%D0%BE%D1%80%D0%B0%D0%BD),68
Hilton Moscow Leningradskaya,Hilton Moscow Leningradskaya,знаковое современное здание,"Гостиница в Москве, одна из семи сталинских высоток, образец сталинского ампира. До ближайшего монумента — «Аптекарский огород», около 1.13 км.",37.65173,1127,Аптекарский огород,https://ru.wikipedia.org/wiki/%D0%9B%D0%B5%D0%BD%D0%B8%D0%BD%D0%B3%D1%80%D0%B0%D0%B4%D1%81%D0%BA%D0%B0%D1%8F_(%D0%B3%D0%BE%D1%81%D1%82%D0%B8%D0%BD%D0%B8%D1%86%D0%B0),68
Утоли моя печали,Утоли моя печали,историческое здание,"Можно рассмотреть фрагмент исторической застройки без музейной торжественности. Есть региональный охранный статус. До ближайшего монумента — «Су-27», около 1.13 км.",37.701385,1126,Су-27,https://ru.wikipedia.org/wiki/%D0%A3%D1%82%D0%BE%D0%BB%D0%B8_%D0%BC%D0%BE%D1%8F_%D0%BF%D0%B5%D1%87%D0%B0%D0%BB%D0%B8_(%D0%BE%D0%B1%D1%89%D0%B8%D0%BD%D0%B0),68
Церковь Усекновения главы Иоанна Предтечи в Дьякове,Церковь Усекновения главы,исторический храм / монастырь,"Тихая архитектурная точка, заметная в исторической среде района. Есть федеральный охранный статус. До ближайшего монумента — «Домик Петра», около 1.12 км.",37.668861111,1124,Домик Петра,https://ru.wikipedia.org/wiki/%D0%A5%D1%80%D0%B0%D0%BC_%D0%A3%D1%81%D0%B5%D0%BA%D0%BD%D0%BE%D0%B2%D0%B5%D0%BD%D0%B8%D1%8F_%D0%93%D0%BB%D0%B0%D0%B2%D1%8B_%D0%98%D0%BE%D0%B0%D0%BD%D0%BD%D0%B0_%D0%9F%D1%80%D0%B5%D0%B4%D1%82%D0%B5%D1%87%D0%B8_%D0%B2_%D0%94%D1%8C%D1%8F%D0%BA%D0%BE%D0%B2%D0%B5,68
Дом Щукина,Дом Щукина,историческое здание,"Можно рассмотреть фрагмент исторической застройки без музейной торжественности. Есть региональный охранный статус. До ближайшего монумента — «Ultimate Zombie Box», около 1.12 км.",37.604166666,1120,Ultimate Zombie Box,https://ru.wikipedia.org/wiki/%D0%94%D0%BE%D0%BC_%D0%A9%D1%83%D0%BA%D0%B8%D0%BD%D0%B0,68
Усадьба Солодовникова,Усадьба Солодовникова,усадьба / дворец / особняк,"Подойдёт для спокойного знакомства с московской усадебной архитектурой. Есть федеральный охранный статус. До ближайшего монумента — «Усадьба Морозовых», около 1.12 км.",37.6469832,1119,Усадьба Морозовых,https://ru.wikipedia.org/wiki/%D0%A3%D1%81%D0%B0%D0%B4%D1%8C%D0%B1%D0%B0_%D0%A1%D0%BE%D0%BB%D0%BE%D0%B4%D0%BE%D0%B2%D0%BD%D0%B8%D0%BA%D0%BE%D0%B2%D0%B0,68
Особняк Горбуновых,Особняк Горбуновых,усадьба / дворец / особняк,"Подойдёт для спокойного знакомства с московской усадебной архитектурой. Есть федеральный охранный статус. До ближайшего монумента — «Cheapshot HQ», около 1.11 км.",37.57717,1115,Cheapshot HQ,https://ru.wikipedia.org/wiki/%D0%9E%D1%81%D0%BE%D0%B1%D0%BD%D1%8F%D0%BA_%D0%93%D0%BE%D1%80%D0%B1%D1%83%D0%BD%D0%BE%D0%B2%D1%8B%D1%85_(%D0%9C%D0%BE%D1%81%D0%BA%D0%B2%D0%B0),68
Храм Алексия человека Божия в Красном селе,Храм Алексия человека,исторический храм / монастырь,"Сохранившийся православный храм в Москве. До ближайшего монумента — «Колокольня», около 1.11 км.",37.665,1114,Колокольня,"https://ru.wikipedia.org/wiki/%D0%A5%D1%80%D0%B0%D0%BC_%D0%90%D0%BB%D0%B5%D0%BA%D1%81%D0%B8%D1%8F,_%D0%A7%D0%B5%D0%BB%D0%BE%D0%B2%D0%B5%D0%BA%D0%B0_%D0%91%D0%BE%D0%B6%D0%B8%D1%8F_%D0%B2_%D0%9A%D1%80%D0%B0%D1%81%D0%BD%D0%BE%D0%BC_%D0%A1%D0%B5%D0%BB%D0%B5",68
Усадьба Охотниковых,Усадьба Охотниковых,усадьба / дворец / особняк,"Подойдёт для спокойного знакомства с московской усадебной архитектурой. Есть федеральный охранный статус. До ближайшего монумента — «Пётр l», около 1.11 км.",37.59092833,1112,Пётр l,https://ru.wikipedia.org/wiki/%D0%A3%D1%81%D0%B0%D0%B4%D1%8C%D0%B1%D0%B0_%D0%9E%D1%85%D0%BE%D1%82%D0%BD%D0%B8%D0%BA%D0%BE%D0%B2%D1%8B%D1%85,68
Дом Апраксиных,Дом Апраксиных,историческое здание,"Можно рассмотреть фрагмент исторической застройки без музейной торжественности. Есть федеральный охранный статус. До ближайшего монумента — «Ultimate Zombie Box», около 1.11 км.",37.603055555,1110,Ultimate Zombie Box,https://ru.wikipedia.org/wiki/%D0%94%D0%BE%D0%BC_%D0%90%D0%BF%D1%80%D0%B0%D0%BA%D1%81%D0%B8%D0%BD%D1%8B%D1%85,68
Усадьба Шибаевых,Усадьба Шибаевых,усадьба / дворец / особняк,"Подойдёт для спокойного знакомства с московской усадебной архитектурой. Есть региональный охранный статус. До ближайшего монумента — «Колокольня», около 1.11 км.",37.66261,1110,Колокольня,https://ru.wikipedia.org/wiki/%D0%A3%D1%81%D0%B0%D0%B4%D1%8C%D0%B1%D0%B0_%D0%A8%D0%B8%D0%B1%D0%B0%D0%B5%D0%B2%D1%8B%D1%85,68
Храм Троицы Живоначальной,Храм Троицы,исторический храм / монастырь,"Сохранившийся православный храм в Троице-Лыкове. До ближайшего монумента — «Парк», около 1.11 км.",37.406388888,1107,Парк,https://ru.wikipedia.org/wiki/%D0%A5%D1%80%D0%B0%D0%BC_%D0%A2%D1%80%D0%BE%D0%B8%D1%86%D1%8B_%D0%96%D0%B8%D0%B2%D0%BE%D0%BD%D0%B0%D1%87%D0%B0%D0%BB%D1%8C%D0%BD%D0%BE%D0%B9_%D0%B2_%D0%A2%D1%80%D0%BE%D0%B8%D1%86%D0%B5-%D0%9B%D1%8B%D0%BA%D0%BE%D0%B2%D0%B5,68
Дом аспиранта и стажёра МГУ,Дом аспиранта стажёра,историческое здание,"Можно рассмотреть фрагмент исторической застройки без музейной торжественности. Сохраняет признаки объекта наследия. До ближайшего монумента — «Первая Хрущёвка», около 1.11 км.",37.59516667,1107,Первая Хрущёвка,https://ru.wikipedia.org/wiki/%D0%94%D0%BE%D0%BC_%D0%B0%D1%81%D0%BF%D0%B8%D1%80%D0%B0%D0%BD%D1%82%D0%B0_%D0%B8_%D1%81%D1%82%D0%B0%D0%B6%D1%91%D1%80%D0%B0_%D0%9C%D0%93%D0%A3,68
Дом И. А. Гагарина,Дом Гагарина,историческое здание,"Можно рассмотреть фрагмент исторической застройки без музейной торжественности. Есть федеральный охранный статус. До ближайшего монумента — «Фигурный фонтан», около 1.11 км.",37.588888888,1106,Фигурный фонтан,https://ru.wikipedia.org/wiki/%D0%94%D0%BE%D0%BC_%D0%98._%D0%90._%D0%93%D0%B0%D0%B3%D0%B0%D1%80%D0%B8%D0%BD%D0%B0,68
Милютинский сад,Милютинский сад,историческое здание,"Место для прогулки и передышки от плотной городской застройки. Есть региональный охранный статус. До ближайшего монумента — «Доходный дом Перлова», около 1.11 км.",37.646666666,1106,Доходный дом Перлова,https://ru.wikipedia.org/wiki/%D0%9C%D0%B8%D0%BB%D1%8E%D1%82%D0%B8%D0%BD%D1%81%D0%BA%D0%B8%D0%B9_%D1%81%D0%B0%D0%B4,68
Рабочий клуб «Красный балтиец»,Рабочий клуб Красный,историческое здание,"Сохраняет память о районной культурной жизни и общественных пространствах. Есть выявленный охранный статус. До ближайшего монумента — «Ерунда», около 1.10 км.",37.526528,1104,Ерунда,https://ru.wikipedia.org/wiki/%D0%A0%D0%B0%D0%B1%D0%BE%D1%87%D0%B8%D0%B9_%D0%BA%D0%BB%D1%83%D0%B1_%C2%AB%D0%9A%D1%80%D0%B0%D1%81%D0%BD%D1%8B%D0%B9_%D0%B1%D0%B0%D0%BB%D1%82%D0%B8%D0%B5%D1%86%C2%BB,68
Здание Краснопресненского районного Совета,Здание Краснопресненского районного,историческое здание,"Можно рассмотреть фрагмент исторической застройки без музейной торжественности. Сохраняет признаки объекта наследия. До ближайшего монумента — «Всем влюбленным», около 1.10 км.",37.593138,1103,Всем влюбленным,https://ru.wikipedia.org/wiki/%D0%97%D0%B4%D0%B0%D0%BD%D0%B8%D0%B5_%D0%9A%D1%80%D0%B0%D1%81%D0%BD%D0%BE%D0%BF%D1%80%D0%B5%D1%81%D0%BD%D0%B5%D0%BD%D1%81%D0%BA%D0%BE%D0%B3%D0%BE_%D1%80%D0%B0%D0%B9%D0%BE%D0%BD%D0%BD%D0%BE%D0%B3%D0%BE_%D0%A1%D0%BE%D0%B2%D0%B5%D1%82%D0%B0,68
Бригадирский переулок 13 с5,Бригадирский переулок 13,историческое здание,"Можно рассмотреть фрагмент исторической застройки без музейной торжественности. Есть федеральный охранный статус. До ближайшего монумента — «Колокольня», около 1.10 км.",37.680555555,1103,Колокольня,https://ru.wikipedia.org/wiki/%D0%A4%D0%B0%D0%BD%D0%B0%D0%B3%D0%BE%D1%80%D0%B8%D0%B9%D1%81%D0%BA%D0%B8%D0%B5_%D0%BA%D0%B0%D0%B7%D0%B0%D1%80%D0%BC%D1%8B,68
Дом-мастерская художника И. И. Левитана,Дом-мастерская Левитана,историческое здание,"Можно рассмотреть фрагмент исторической застройки без музейной торжественности. Есть федеральный охранный статус. До ближайшего монумента — «Доходный дом Перлова», около 1.10 км.",37.645908333,1098,Доходный дом Перлова,https://ru.wikipedia.org/wiki/%D0%94%D0%BE%D0%BC-%D0%BC%D0%B0%D1%81%D1%82%D0%B5%D1%80%D1%81%D0%BA%D0%B0%D1%8F_%D1%85%D1%83%D0%B4%D0%BE%D0%B6%D0%BD%D0%B8%D0%BA%D0%B0_%D0%98._%D0%98._%D0%9B%D0%B5%D0%B2%D0%B8%D1%82%D0%B0%D0%BD%D0%B0,68
Воспитательный дом в Москве,Воспитательный дом,историческое здание,"Можно рассмотреть фрагмент исторической застройки без музейной торжественности. Есть федеральный охранный статус. До ближайшего монумента — «ГУМ», около 1.10 км.",37.636666666,1096,ГУМ,https://ru.wikipedia.org/wiki/%D0%9C%D0%BE%D1%81%D0%BA%D0%BE%D0%B2%D1%81%D0%BA%D0%B8%D0%B9_%D0%B8%D0%BC%D0%BF%D0%B5%D1%80%D0%B0%D1%82%D0%BE%D1%80%D1%81%D0%BA%D0%B8%D0%B9_%D0%B2%D0%BE%D1%81%D0%BF%D0%B8%D1%82%D0%B0%D1%82%D0%B5%D0%BB%D1%8C%D0%BD%D1%8B%D0%B9_%D0%B4%D0%BE%D0%BC,68
Дорогомиловский железнодорожный мост,Дорогомиловский железнодорожный мост,историческое здание,"Интересно как часть городской инфраструктуры и повседневного движения Москвы. Есть охранный статус. До ближайшего монумента — «Пионер», около 1.09 км.",37.5325,1095,Пионер,https://ru.wikipedia.org/wiki/%D0%94%D0%BE%D1%80%D0%BE%D0%B3%D0%BE%D0%BC%D0%B8%D0%BB%D0%BE%D0%B2%D1%81%D0%BA%D0%B8%D0%B9_%D0%B6%D0%B5%D0%BB%D0%B5%D0%B7%D0%BD%D0%BE%D0%B4%D0%BE%D1%80%D0%BE%D0%B6%D0%BD%D1%8B%D0%B9_%D0%BC%D0%BE%D1%81%D1%82,68
Екатерининский парк (Москва),Екатерининский парк,знаковое городское место,"Парк в Мещанском районе Москвы. До ближайшего монумента — «Аптекарский огород», около 1.09 км.",37.62022,1094,Аптекарский огород,https://ru.wikipedia.org/wiki/%D0%95%D0%BA%D0%B0%D1%82%D0%B5%D1%80%D0%B8%D0%BD%D0%B8%D0%BD%D1%81%D0%BA%D0%B8%D0%B9_%D0%BF%D0%B0%D1%80%D0%BA_(%D0%9C%D0%BE%D1%81%D0%BA%D0%B2%D0%B0),68
Преображенская свеча,Преображенская свеча,историческое здание,"Можно рассмотреть фрагмент исторической застройки без музейной торжественности. Есть федеральный охранный статус. До ближайшего монумента — «Дворец на Яузе», около 1.09 км.",37.71680925,1094,Дворец на Яузе,https://ru.wikipedia.org/wiki/%D0%9F%D1%80%D0%B5%D0%BE%D0%B1%D1%80%D0%B0%D0%B6%D0%B5%D0%BD%D1%81%D0%BA%D0%B0%D1%8F_%D1%81%D0%B2%D0%B5%D1%87%D0%B0_(%D0%BA%D0%BE%D0%BB%D0%BE%D0%BA%D0%BE%D0%BB%D1%8C%D0%BD%D1%8F),68
Храм Великомученика Георгия Победоносца в Грузинах,Храм Великомученика Георгия,исторический храм / монастырь,"Сохранившийся православный храм в Пресненском районе Москвы. До ближайшего монумента — «Cheapshot HQ», около 1.09 км.",37.576888888,1089,Cheapshot HQ,https://ru.wikipedia.org/wiki/%D0%A5%D1%80%D0%B0%D0%BC_%D0%93%D0%B5%D0%BE%D1%80%D0%B3%D0%B8%D1%8F_%D0%9F%D0%BE%D0%B1%D0%B5%D0%B4%D0%BE%D0%BD%D0%BE%D1%81%D1%86%D0%B0_%D0%B2_%D0%93%D1%80%D1%83%D0%B7%D0%B8%D0%BD%D0%B0%D1%85,68
Школа № 1249,Школа 1249,историческое здание,"Заметный след старой образовательной городской среды. Есть региональный охранный статус. До ближайшего монумента — «ЦСКА Арена», около 1.09 км.",37.518383333,1088,ЦСКА Арена,https://ru.wikipedia.org/wiki/%D0%A8%D0%BA%D0%BE%D0%BB%D0%B0_%E2%84%96_1249,68
Красный пруд,Красный пруд,вокзал / транспортный объект,"Бывший пруд в Москве на месте Ярославского вокзала. До ближайшего монумента — «Колокольня», около 1.09 км.",37.660445,1087,Колокольня,https://ru.wikipedia.org/wiki/%D0%9A%D1%80%D0%B0%D1%81%D0%BD%D1%8B%D0%B9_%D0%BF%D1%80%D1%83%D0%B4_(%D0%9A%D1%80%D0%B0%D1%81%D0%BD%D0%BE%D1%81%D0%B5%D0%BB%D1%8C%D1%81%D0%BA%D0%B8%D0%B9),68
Московский городской народный университет,Народный университет,историческое здание,"Негосударственное (муниципальное) высшее учебное заведение Российской империи, располагавшееся в Москве. До ближайшего монумента — «Всем влюбленным», около 1.09 км.",37.59546482,1087,Всем влюбленным,https://ru.wikipedia.org/wiki/%D0%9C%D0%BE%D1%81%D0%BA%D0%BE%D0%B2%D1%81%D0%BA%D0%B8%D0%B9_%D0%B3%D0%BE%D1%80%D0%BE%D0%B4%D1%81%D0%BA%D0%BE%D0%B9_%D0%BD%D0%B0%D1%80%D0%BE%D0%B4%D0%BD%D1%8B%D0%B9_%D1%83%D0%BD%D0%B8%D0%B2%D0%B5%D1%80%D1%81%D0%B8%D1%82%D0%B5%D1%82_%D0%B8%D0%BC%D0%B5%D0%BD%D0%B8_%D0%90._%D0%9B._%D0%A8%D0%B0%D0%BD%D1%8F%D0%B2%D1%81%D0%BA%D0%BE%D0%B3%D0%BE,68
Морозовская больница,Морозовская больница,историческое здание,"Место нахождения главного входа в морозовскую больницу. До ближайшего монумента — «Фигурный фонтан», около 1.08 км.",37.617777777,1085,Фигурный фонтан,https://ru.wikipedia.org/wiki/%D0%9C%D0%BE%D1%80%D0%BE%D0%B7%D0%BE%D0%B2%D1%81%D0%BA%D0%B0%D1%8F_%D0%B1%D0%BE%D0%BB%D1%8C%D0%BD%D0%B8%D1%86%D0%B0,68
Дом Оболенских на Новинском бульваре,Дом Оболенских,историческое здание,"Место для прогулки и передышки от плотной городской застройки. Есть федеральный охранный статус. До ближайшего монумента — «Cheapshot HQ», около 1.08 км.",37.58221467,1084,Cheapshot HQ,https://ru.wikipedia.org/wiki/%D0%94%D0%BE%D0%BC_%D0%9E%D0%B1%D0%BE%D0%BB%D0%B5%D0%BD%D1%81%D0%BA%D0%B8%D1%85_%D0%BD%D0%B0_%D0%9D%D0%BE%D0%B2%D0%B8%D0%BD%D1%81%D0%BA%D0%BE%D0%BC_%D0%B1%D1%83%D0%BB%D1%8C%D0%B2%D0%B0%D1%80%D0%B5,68
Сокольническая пожарная каланча,Сокольническая пожарная каланча,историческое здание,"Можно рассмотреть фрагмент исторической застройки без музейной торжественности. Есть региональный охранный статус. До ближайшего монумента — «Большой розарий», около 1.08 км.",37.681756,1084,Большой розарий,https://ru.wikipedia.org/wiki/%D0%A1%D0%BE%D0%BA%D0%BE%D0%BB%D1%8C%D0%BD%D0%B8%D1%87%D0%B5%D1%81%D0%BA%D0%B0%D1%8F_%D0%BF%D0%BE%D0%B6%D0%B0%D1%80%D0%BD%D0%B0%D1%8F_%D0%BA%D0%B0%D0%BB%D0%B0%D0%BD%D1%87%D0%B0,68
Ржевская баня,Ржевская баня,историческое здание,"Можно рассмотреть фрагмент исторической застройки без музейной торжественности. Сохраняет признаки объекта наследия. До ближайшего монумента — «Аптекарский огород», около 1.08 км.",37.631,1083,Аптекарский огород,https://ru.wikipedia.org/wiki/%D0%A0%D0%B6%D0%B5%D0%B2%D1%81%D0%BA%D0%B8%D0%B5_%D0%B1%D0%B0%D0%BD%D0%B8,68
Московское училище ордена святой Екатерины,Училище ордена святой,историческое здание,"Одно из первых женских учебных заведений в России. До ближайшего монумента — «Еврейский музей», около 1.08 км.",37.617697,1082,Еврейский музей,https://ru.wikipedia.org/wiki/%D0%9C%D0%BE%D1%81%D0%BA%D0%BE%D0%B2%D1%81%D0%BA%D0%BE%D0%B5_%D1%83%D1%87%D0%B8%D0%BB%D0%B8%D1%89%D0%B5_%D0%BE%D1%80%D0%B4%D0%B5%D0%BD%D0%B0_%D0%A1%D0%B2%D1%8F%D1%82%D0%BE%D0%B9_%D0%95%D0%BA%D0%B0%D1%82%D0%B5%D1%80%D0%B8%D0%BD%D1%8B,68
Храм Ризоположения на Донской,Храм Ризоположения,исторический храм / монастырь,"Тихая архитектурная точка, заметная в исторической среде района. Есть федеральный охранный статус. До ближайшего монумента — «Фигурный фонтан», около 1.08 км.",37.604444444,1081,Фигурный фонтан,https://ru.wikipedia.org/wiki/%D0%A5%D1%80%D0%B0%D0%BC_%D0%A0%D0%B8%D0%B7%D0%BE%D0%BF%D0%BE%D0%BB%D0%BE%D0%B6%D0%B5%D0%BD%D0%B8%D1%8F_%D0%BD%D0%B0_%D0%94%D0%BE%D0%BD%D1%81%D0%BA%D0%BE%D0%B9,68
Товарищество Даниловской мануфактуры,Товарищество Даниловской мануфактуры,историческое здание,"Напоминает об индустриальном слое московской архитектуры. Есть выявленный охранный статус. До ближайшего монумента — «Дом-корабль», около 1.08 км.",37.624543,1081,Дом-корабль,https://ru.wikipedia.org/wiki/%D0%A2%D0%BE%D0%B2%D0%B0%D1%80%D0%B8%D1%89%D0%B5%D1%81%D1%82%D0%B2%D0%BE_%D0%94%D0%B0%D0%BD%D0%B8%D0%BB%D0%BE%D0%B2%D1%81%D0%BA%D0%BE%D0%B9_%D0%BC%D0%B0%D0%BD%D1%83%D1%84%D0%B0%D0%BA%D1%82%D1%83%D1%80%D1%8B,68
Храм Рождества Христова в Измайлове,Храм Рождества Христова,исторический храм / монастырь,"Тихая архитектурная точка, заметная в исторической среде района. Есть федеральный охранный статус. До ближайшего монумента — «Передние ворота», около 1.08 км.",37.769444444,1079,Передние ворота,https://ru.wikipedia.org/wiki/%D0%A5%D1%80%D0%B0%D0%BC_%D0%A0%D0%BE%D0%B6%D0%B4%D0%B5%D1%81%D1%82%D0%B2%D0%B0_%D0%A5%D1%80%D0%B8%D1%81%D1%82%D0%BE%D0%B2%D0%B0_%D0%B2_%D0%98%D0%B7%D0%BC%D0%B0%D0%B9%D0%BB%D0%BE%D0%B2%D0%B5,68
Церковь Воскресения Христова и Покрова Богородицы в Токмаковом переулке,Церковь Воскресения Христова,исторический храм / монастырь,"Тихая архитектурная точка, заметная в исторической среде района. Есть федеральный охранный статус. До ближайшего монумента — «Колокольня», около 1.08 км.",37.670833333,1076,Колокольня,https://ru.wikipedia.org/wiki/%D0%A6%D0%B5%D1%80%D0%BA%D0%BE%D0%B2%D1%8C_%D0%92%D0%BE%D1%81%D0%BA%D1%80%D0%B5%D1%81%D0%B5%D0%BD%D0%B8%D1%8F_%D0%A5%D1%80%D0%B8%D1%81%D1%82%D0%BE%D0%B2%D0%B0_%D0%B8_%D0%9F%D0%BE%D0%BA%D1%80%D0%BE%D0%B2%D0%B0_%D0%91%D0%BE%D0%B3%D0%BE%D1%80%D0%BE%D0%B4%D0%B8%D1%86%D1%8B_%D0%B2_%D0%A2%D0%BE%D0%BA%D0%BC%D0%B0%D0%BA%D0%BE%D0%B2%D0%BE%D0%BC_%D0%BF%D0%B5%D1%80%D0%B5%D1%83%D0%BB%D0%BA%D0%B5,68
Храм Спаса Нерукотворного Образа в Гирееве,Храм Спаса,исторический храм / монастырь,"Тихая архитектурная точка, заметная в исторической среде района. Есть федеральный охранный статус. До ближайшего монумента — «Музей Вадима Сидура», около 1.07 км.",37.814333333,1073,Музей Вадима Сидура,https://ru.wikipedia.org/wiki/%D0%A5%D1%80%D0%B0%D0%BC_%D0%A1%D0%BF%D0%B0%D1%81%D0%B0_%D0%9D%D0%B5%D1%80%D1%83%D0%BA%D0%BE%D1%82%D0%B2%D0%BE%D1%80%D0%BD%D0%BE%D0%B3%D0%BE_%D0%9E%D0%B1%D1%80%D0%B0%D0%B7%D0%B0_%D0%B2_%D0%93%D0%B8%D1%80%D0%B5%D0%B5%D0%B2%D0%B5,68
Церковь Рождества Пресвятой Богородицы в Старом Симонове,Церковь Рождества Богородицы,исторический храм / монастырь,"Тихая архитектурная точка, заметная в исторической среде района. Есть федеральный охранный статус. До ближайшего монумента — «Футболисты», около 1.07 км.",37.654030555,1071,Футболисты,https://ru.wikipedia.org/wiki/%D0%A5%D1%80%D0%B0%D0%BC_%D0%A0%D0%BE%D0%B6%D0%B4%D0%B5%D1%81%D1%82%D0%B2%D0%B0_%D0%9F%D1%80%D0%B5%D1%81%D0%B2%D1%8F%D1%82%D0%BE%D0%B9_%D0%91%D0%BE%D0%B3%D0%BE%D1%80%D0%BE%D0%B4%D0%B8%D1%86%D1%8B_%D0%B2_%D0%A1%D1%82%D0%B0%D1%80%D0%BE%D0%BC_%D0%A1%D0%B8%D0%BC%D0%BE%D0%BD%D0%BE%D0%B2%D0%B5,68
Дом Радищева (Москва),Дом Радищева,историческое здание,"Можно рассмотреть фрагмент исторической застройки без музейной торжественности. Есть федеральный охранный статус. До ближайшего монумента — «Пётр l», около 1.07 км.",37.59705484,1071,Пётр l,https://ru.wikipedia.org/wiki/%D0%94%D0%BE%D0%BC_%D0%A3%D1%80%D1%83%D1%81%D0%BE%D0%B2%D1%8B%D1%85_%E2%80%94_%D0%A0%D0%B0%D0%B4%D0%B8%D1%89%D0%B5%D0%B2%D0%B0,68
Храм Святителя Николая в Котельниках,Храм Николая,исторический храм / монастырь,"Тихая архитектурная точка, заметная в исторической среде района. Есть федеральный охранный статус. До ближайшего монумента — «Дом Мёда», около 1.07 км.",37.644872,1070,Дом Мёда,https://ru.wikipedia.org/wiki/%D0%A5%D1%80%D0%B0%D0%BC_%D0%A1%D0%B2%D1%8F%D1%82%D0%B8%D1%82%D0%B5%D0%BB%D1%8F_%D0%9D%D0%B8%D0%BA%D0%BE%D0%BB%D0%B0%D1%8F_%D0%B2_%D0%9A%D0%BE%D1%82%D0%B5%D0%BB%D1%8C%D0%BD%D0%B8%D0%BA%D0%B0%D1%85,68
Дом Моссельпрома,Дом Моссельпрома,историческое здание,"Можно рассмотреть фрагмент исторической застройки без музейной торжественности. Есть региональный охранный статус. До ближайшего монумента — «Cheapshot HQ», около 1.07 км.",37.602483333,1069,Cheapshot HQ,https://ru.wikipedia.org/wiki/%D0%94%D0%BE%D0%BC_%D0%9C%D0%BE%D1%81%D1%81%D0%B5%D0%BB%D1%8C%D0%BF%D1%80%D0%BE%D0%BC%D0%B0,68
Морозовский сад,Морозовский сад,историческое здание,"Место для прогулки и передышки от плотной городской застройки. Есть региональный охранный статус. До ближайшего монумента — «Доходный дом Перлова», около 1.06 км.",37.643547222,1065,Доходный дом Перлова,https://ru.wikipedia.org/wiki/%D0%9C%D0%BE%D1%80%D0%BE%D0%B7%D0%BE%D0%B2%D1%81%D0%BA%D0%B8%D0%B9_%D1%81%D0%B0%D0%B4,68
Дом Дениса Давыдова в Большом Знаменском переулке,Дом Дениса Давыдова,историческое здание,"Можно рассмотреть фрагмент исторической застройки без музейной торжественности. Есть федеральный охранный статус. До ближайшего монумента — «Пётр l», около 1.06 км.",37.601944444,1063,Пётр l,https://ru.wikipedia.org/wiki/%D0%94%D0%BE%D0%BC_%D0%94%D0%B5%D0%BD%D0%B8%D1%81%D0%B0_%D0%94%D0%B0%D0%B2%D1%8B%D0%B4%D0%BE%D0%B2%D0%B0_%D0%B2_%D0%91%D0%BE%D0%BB%D1%8C%D1%88%D0%BE%D0%BC_%D0%97%D0%BD%D0%B0%D0%BC%D0%B5%D0%BD%D1%81%D0%BA%D0%BE%D0%BC_%D0%BF%D0%B5%D1%80%D0%B5%D1%83%D0%BB%D0%BA%D0%B5,68
Мегаспорт,Мегаспорт,спортивная арена / стадион,"Связано со спортивной жизнью города и крупными событиями района. До ближайшего монумента — «Путевой дворец», около 1.06 км.",37.540278,1060,Путевой дворец,https://ru.wikipedia.org/wiki/%D0%9C%D0%B5%D0%B3%D0%B0%D1%81%D0%BF%D0%BE%D1%80%D1%82_(%D0%B4%D0%B2%D0%BE%D1%80%D0%B5%D1%86_%D1%81%D0%BF%D0%BE%D1%80%D1%82%D0%B0),68
Храм Воздвижения Креста Господня в Никольском единоверческом монастыре,Храм Воздвижения Креста,исторический храм / монастырь,"Тихая архитектурная точка, заметная в исторической среде района. Есть федеральный охранный статус. До ближайшего монумента — «Дворец на Яузе», около 1.06 км.",37.71625,1059,Дворец на Яузе,https://ru.wikipedia.org/wiki/%D0%A5%D1%80%D0%B0%D0%BC_%D0%92%D0%BE%D0%B7%D0%B4%D0%B2%D0%B8%D0%B6%D0%B5%D0%BD%D0%B8%D1%8F_%D0%9A%D1%80%D0%B5%D1%81%D1%82%D0%B0_%D0%93%D0%BE%D1%81%D0%BF%D0%BE%D0%B4%D0%BD%D1%8F_%D0%B2_%D0%9D%D0%B8%D0%BA%D0%BE%D0%BB%D1%8C%D1%81%D0%BA%D0%BE%D0%BC_%D0%B5%D0%B4%D0%B8%D0%BD%D0%BE%D0%B2%D0%B5%D1%80%D1%87%D0%B5%D1%81%D0%BA%D0%BE%D0%BC_%D0%BC%D0%BE%D0%BD%D0%B0%D1%81%D1%82%D1%8B%D1%80%D0%B5,68
Церковь Антипия на Колымажном дворе,Церковь Антипия,исторический храм / монастырь,"Тихая архитектурная точка, заметная в исторической среде района. Есть федеральный охранный статус. До ближайшего монумента — «Пётр l», около 1.06 км.",37.60533731,1057,Пётр l,https://ru.wikipedia.org/wiki/%D0%A6%D0%B5%D1%80%D0%BA%D0%BE%D0%B2%D1%8C_%D0%90%D0%BD%D1%82%D0%B8%D0%BF%D0%B8%D1%8F_%D0%BD%D0%B0_%D0%9A%D0%BE%D0%BB%D1%8B%D0%BC%D0%B0%D0%B6%D0%BD%D0%BE%D0%BC_%D0%B4%D0%B2%D0%BE%D1%80%D0%B5,68
Особняк А. И. Дерожинской,Особняк Дерожинской,усадьба / дворец / особняк,"Подойдёт для спокойного знакомства с московской усадебной архитектурой. Есть федеральный охранный статус. До ближайшего монумента — «Пётр l», около 1.06 км.",37.591366666,1057,Пётр l,https://ru.wikipedia.org/wiki/%D0%9E%D1%81%D0%BE%D0%B1%D0%BD%D1%8F%D0%BA_%D0%90._%D0%98._%D0%94%D0%B5%D1%80%D0%BE%D0%B6%D0%B8%D0%BD%D1%81%D0%BA%D0%BE%D0%B9,68
Храм Успения Пресвятой Богородицы,Храм Успения Богородицы,исторический храм / монастырь,"Сохранившийся православный храм в Троице-Лыкове. До ближайшего монумента — «Парк», около 1.05 км.",37.40574,1054,Парк,https://ru.wikipedia.org/wiki/%D0%A5%D1%80%D0%B0%D0%BC_%D0%A3%D1%81%D0%BF%D0%B5%D0%BD%D0%B8%D1%8F_%D0%9F%D1%80%D0%B5%D1%81%D0%B2%D1%8F%D1%82%D0%BE%D0%B9_%D0%91%D0%BE%D0%B3%D0%BE%D1%80%D0%BE%D0%B4%D0%B8%D1%86%D1%8B_%D0%B2_%D0%A2%D1%80%D0%BE%D0%B8%D1%86%D0%B5-%D0%9B%D1%8B%D0%BA%D0%BE%D0%B2%D0%B5,68
Палаты Кожевенной слободы,Палаты Кожевенной слободы,усадьба / дворец / особняк,"Можно увидеть редкий для Москвы слой старой каменной застройки. Есть федеральный охранный статус. До ближайшего монумента — «Усадьба Ардалионова», около 1.04 км.",37.650555555,1045,Усадьба Ардалионова,https://ru.wikipedia.org/wiki/%D0%9F%D0%B0%D0%BB%D0%B0%D1%82%D1%8B_%D0%9A%D0%BE%D0%B6%D0%B5%D0%B2%D0%B5%D0%BD%D0%BD%D0%BE%D0%B9_%D1%81%D0%BB%D0%BE%D0%B1%D0%BE%D0%B4%D1%8B,68
Московская Межевая канцелярия (в основе палаты) (Басманный),Межевая канцелярия основе,усадьба / дворец / особняк,"Можно увидеть редкий для Москвы слой старой каменной застройки. Есть региональный охранный статус. До ближайшего монумента — «Доходный дом Перлова», около 1.04 км.",37.6455998,1042,Доходный дом Перлова,https://ru.wikipedia.org/wiki/%D0%9C%D0%BE%D1%81%D0%BA%D0%BE%D0%B2%D1%81%D0%BA%D0%B0%D1%8F_%D0%9C%D0%B5%D0%B6%D0%B5%D0%B2%D0%B0%D1%8F_%D0%BA%D0%B0%D0%BD%D1%86%D0%B5%D0%BB%D1%8F%D1%80%D0%B8%D1%8F,68
Хлебозавод имени Зотова,Хлебозавод Зотова,историческое здание,"Напоминает об индустриальном слое московской архитектуры. Есть региональный охранный статус. До ближайшего монумента — «Купание коней», около 1.04 км.",37.564752777,1037,Купание коней,https://ru.wikipedia.org/wiki/%D0%A5%D0%BB%D0%B5%D0%B1%D0%BE%D0%B7%D0%B0%D0%B2%D0%BE%D0%B4_%D0%B8%D0%BC%D0%B5%D0%BD%D0%B8_%D0%97%D0%BE%D1%82%D0%BE%D0%B2%D0%B0,68
Конечная ВДНХ-Южная,Конечная ВДНХ-Южная,необычное здание,"Можно рассмотреть фрагмент исторической застройки без музейной торжественности. До ближайшего монумента — «Каменный цветок», около 1.03 км.",37.635083198,1035,Каменный цветок,,68
Дом М. Н. Волконского,Дом Волконского,историческое здание,"Можно рассмотреть фрагмент исторической застройки без музейной торжественности. Есть федеральный охранный статус. До ближайшего монумента — «Ultimate Zombie Box», около 1.03 км.",37.60347779,1035,Ultimate Zombie Box,https://ru.wikipedia.org/wiki/%D0%94%D0%BE%D0%BC_%D0%9C._%D0%9D._%D0%92%D0%BE%D0%BB%D0%BA%D0%BE%D0%BD%D1%81%D0%BA%D0%BE%D0%B3%D0%BE,68
Центральный Дом журналиста,Дом журналиста,историческое здание,"Можно рассмотреть фрагмент исторической застройки без музейной торжественности. Есть региональный охранный статус. До ближайшего монумента — «Cheapshot HQ», около 1.03 км.",37.601447,1032,Cheapshot HQ,https://ru.wikipedia.org/wiki/%D0%A6%D0%B5%D0%BD%D1%82%D1%80%D0%B0%D0%BB%D1%8C%D0%BD%D1%8B%D0%B9_%D0%B4%D0%BE%D0%BC_%D0%B6%D1%83%D1%80%D0%BD%D0%B0%D0%BB%D0%B8%D1%81%D1%82%D0%B0,68
Красная Пресня (парк),Красная Пресня,знаковое городское место,"Место для прогулки и передышки от плотной городской застройки. Есть региональный охранный статус. До ближайшего монумента — «Пионер», около 1.03 км.",37.552777777,1030,Пионер,https://ru.wikipedia.org/wiki/%D0%9A%D1%80%D0%B0%D1%81%D0%BD%D0%B0%D1%8F_%D0%9F%D1%80%D0%B5%D1%81%D0%BD%D1%8F_(%D0%BF%D0%B0%D1%80%D0%BA),68
Кинотеатр «Октябрь»,Театр Октябрь,театр,"Киноконцертный зал в Москве. До ближайшего монумента — «Cheapshot HQ», около 1.03 км.",37.5875,1030,Cheapshot HQ,"https://ru.wikipedia.org/wiki/%D0%9E%D0%BA%D1%82%D1%8F%D0%B1%D1%80%D1%8C_(%D0%BA%D0%B8%D0%BD%D0%BE%D1%82%D0%B5%D0%B0%D1%82%D1%80,_%D0%9C%D0%BE%D1%81%D0%BA%D0%B2%D0%B0)",68
Особняк Арсения Морозова,Особняк Арсения Морозова,усадьба / дворец / особняк,"Подойдёт для спокойного знакомства с московской усадебной архитектурой. Есть федеральный охранный статус. До ближайшего монумента — «Ultimate Zombie Box», около 1.03 км.",37.6035,1028,Ultimate Zombie Box,https://ru.wikipedia.org/wiki/%D0%9E%D1%81%D0%BE%D0%B1%D0%BD%D1%8F%D0%BA_%D0%90%D1%80%D1%81%D0%B5%D0%BD%D0%B8%D1%8F_%D0%9C%D0%BE%D1%80%D0%BE%D0%B7%D0%BE%D0%B2%D0%B0,68
Палаты Украинцева,Палаты Украинцева,усадьба / дворец / особняк,"Можно увидеть редкий для Москвы слой старой каменной застройки. Есть федеральный охранный статус. До ближайшего монумента — «Доходный дом Перлова», около 1.02 км.",37.643738,1025,Доходный дом Перлова,https://ru.wikipedia.org/wiki/%D0%9F%D0%B0%D0%BB%D0%B0%D1%82%D1%8B_%D0%A3%D0%BA%D1%80%D0%B0%D0%B8%D0%BD%D1%86%D0%B5%D0%B2%D0%B0,68
Введенская церковь в Барашах,Церковь в Барашах,исторический храм / монастырь,"Православная церковь в Москве, Барашевская слобода. До ближайшего монумента — «Доходный дом Перлова», около 1.02 км.",37.649722222,1024,Доходный дом Перлова,https://ru.wikipedia.org/wiki/%D0%A5%D1%80%D0%B0%D0%BC_%D0%92%D0%B2%D0%B5%D0%B4%D0%B5%D0%BD%D0%B8%D1%8F_%D0%B2%D0%BE_%D1%85%D1%80%D0%B0%D0%BC_%D0%9F%D1%80%D0%B5%D1%81%D0%B2%D1%8F%D1%82%D0%BE%D0%B9_%D0%91%D0%BE%D0%B3%D0%BE%D1%80%D0%BE%D0%B4%D0%B8%D1%86%D1%8B_%D0%B2_%D0%91%D0%B0%D1%80%D0%B0%D1%88%D0%B0%D1%85,68
Сокольнический вагоноремонтно-строительный завод,Сокольнический вагоноремонтно-строительный завод,историческое здание,"Напоминает об индустриальном слое московской архитектуры. Есть выявленный охранный статус. До ближайшего монумента — «Дворец на Яузе», около 1.02 км.",37.69105,1023,Дворец на Яузе,https://ru.wikipedia.org/wiki/%D0%A1%D0%BE%D0%BA%D0%BE%D0%BB%D1%8C%D0%BD%D0%B8%D1%87%D0%B5%D1%81%D0%BA%D0%B8%D0%B9_%D0%B2%D0%B0%D0%B3%D0%BE%D0%BD%D0%BE%D1%80%D0%B5%D0%BC%D0%BE%D0%BD%D1%82%D0%BD%D0%BE-%D1%81%D1%82%D1%80%D0%BE%D0%B8%D1%82%D0%B5%D0%BB%D1%8C%D0%BD%D1%8B%D0%B9_%D0%B7%D0%B0%D0%B2%D0%BE%D0%B4,68
Особняк И. Е. Пономарева,Особняк Пономарева,усадьба / дворец / особняк,"Москва. До ближайшего монумента — «Ultimate Zombie Box», около 1.02 км.",37.60579545,1023,Ultimate Zombie Box,https://ru.wikipedia.org/wiki/%D0%9E%D1%81%D0%BE%D0%B1%D0%BD%D1%8F%D0%BA_%D0%98._%D0%95._%D0%9F%D0%BE%D0%BD%D0%BE%D0%BC%D0%B0%D1%80%D1%91%D0%B2%D0%B0,68
Дом Лопатиной в Гагаринском переулке,Дом Лопатиной,историческое здание,"Можно рассмотреть фрагмент исторической застройки без музейной торжественности. Есть федеральный охранный статус. До ближайшего монумента — «Пётр l», около 1.01 км.",37.595959,1015,Пётр l,https://ru.wikipedia.org/wiki/%D0%94%D0%BE%D0%BC_%D0%A8%D1%82%D0%B5%D0%B9%D0%BD%D0%B3%D0%B5%D0%B9%D0%BB%D1%8F_(%D0%9B%D0%BE%D0%BF%D0%B0%D1%82%D0%B8%D0%BD%D1%8B%D1%85)_%D0%B2_%D0%93%D0%B0%D0%B3%D0%B0%D1%80%D0%B8%D0%BD%D1%81%D0%BA%D0%BE%D0%BC_%D0%BF%D0%B5%D1%80%D0%B5%D1%83%D0%BB%D0%BA%D0%B5,68
Большой Устьинский мост,Большой Устьинский мост,историческое здание,"Интересно как часть городской инфраструктуры и повседневного движения Москвы. Считается ценной частью городской среды. До ближайшего монумента — «Дом Мёда», около 1.01 км.",37.638888888,1014,Дом Мёда,https://ru.wikipedia.org/wiki/%D0%91%D0%BE%D0%BB%D1%8C%D1%88%D0%BE%D0%B9_%D0%A3%D1%81%D1%82%D1%8C%D0%B8%D0%BD%D1%81%D0%BA%D0%B8%D0%B9_%D0%BC%D0%BE%D1%81%D1%82,68
Колос (фонтан),Колос,историческое здание,"Фонтан на ВДНХ. До ближайшего монумента — «Каменный цветок», около 1.01 км.",37.6164,1010,Каменный цветок,https://ru.wikipedia.org/wiki/%D0%97%D0%BE%D0%BB%D0%BE%D1%82%D0%BE%D0%B9_%D0%BA%D0%BE%D0%BB%D0%BE%D1%81_(%D1%84%D0%BE%D0%BD%D1%82%D0%B0%D0%BD),68
Церковь Святого Владимира в Старых Садех,Церковь Святого Владимира,исторический храм / монастырь,"Тихая архитектурная точка, заметная в исторической среде района. Есть федеральный охранный статус. До ближайшего монумента — «Доходный дом Перлова», около 1.01 км.",37.640497,1008,Доходный дом Перлова,https://ru.wikipedia.org/wiki/%D0%A6%D0%B5%D1%80%D0%BA%D0%BE%D0%B2%D1%8C_%D0%A1%D0%B2%D1%8F%D1%82%D0%BE%D0%B3%D0%BE_%D0%92%D0%BB%D0%B0%D0%B4%D0%B8%D0%BC%D0%B8%D1%80%D0%B0_%D0%B2_%D0%A1%D1%82%D0%B0%D1%80%D1%8B%D1%85_%D0%A1%D0%B0%D0%B4%D0%B5%D1%85,68
Красные казармы,Красные казармы,историческое здание,"Можно рассмотреть фрагмент исторической застройки без музейной торжественности. Есть федеральный охранный статус. До ближайшего монумента — «Су-27», около 1.01 км.",37.68811706,1008,Су-27,https://ru.wikipedia.org/wiki/%D0%9A%D1%80%D0%B0%D1%81%D0%BD%D1%8B%D0%B5_%D0%BA%D0%B0%D0%B7%D0%B0%D1%80%D0%BC%D1%8B_(%D0%9C%D0%BE%D1%81%D0%BA%D0%B2%D0%B0),68
Храм Архангела Михаила в Тропарёве,Храм Архангела Михаила,исторический храм / монастырь,"Тихая архитектурная точка, заметная в исторической среде района. Есть федеральный охранный статус. До ближайшего монумента — «Пять Дубов», около 1.00 км.",37.479231,1005,Пять Дубов,https://ru.wikipedia.org/wiki/%D0%A5%D1%80%D0%B0%D0%BC_%D0%90%D1%80%D1%85%D0%B0%D0%BD%D0%B3%D0%B5%D0%BB%D0%B0_%D0%9C%D0%B8%D1%85%D0%B0%D0%B8%D0%BB%D0%B0_%D0%B2_%D0%A2%D1%80%D0%BE%D0%BF%D0%B0%D1%80%D1%91%D0%B2%D0%B5,68
Дом купца П. Ф. Дранищева,Дом Дранищева,историческое здание,"Можно рассмотреть фрагмент исторической застройки без музейной торжественности. Есть федеральный охранный статус. До ближайшего монумента — «Усадьба Морозовых», около 1.00 км.",37.64884272,1003,Усадьба Морозовых,https://ru.wikipedia.org/wiki/%D0%94%D0%BE%D0%BC_%D0%BA%D1%83%D0%BF%D1%86%D0%B0_%D0%9F._%D0%A4._%D0%94%D1%80%D0%B0%D0%BD%D0%B8%D1%89%D0%B5%D0%B2%D0%B0,68
Сущёвская полицейская часть,Сущёвская полицейская часть,историческое здание,"Можно рассмотреть фрагмент исторической застройки без музейной торжественности. Есть региональный охранный статус. До ближайшего монумента — «Еврейский музей», около 1.00 км.",37.604444444,1001,Еврейский музей,https://ru.wikipedia.org/wiki/%D0%A1%D1%83%D1%89%D1%91%D0%B2%D1%81%D0%BA%D0%B0%D1%8F_%D0%BF%D0%BE%D0%BB%D0%B8%D1%86%D0%B5%D0%B9%D1%81%D0%BA%D0%B0%D1%8F_%D1%87%D0%B0%D1%81%D1%82%D1%8C,68
Храм Покрова Пресвятой Богородицы на Десне,Храм Покрова Богородицы,исторический храм / монастырь,"Тихая архитектурная точка, заметная в исторической среде района. До ближайшего монумента — «МНС», около 5.71 км.",37.334777,5715,МНС,,67
Q16399849,Q16399849,исторический храм / монастырь,"Тихая архитектурная точка, заметная в исторической среде района. До ближайшего монумента — «МНС», около 4.71 км.",37.3716,4713,МНС,,67
Q65134719,Q65134719,исторический храм / монастырь,"Тихая архитектурная точка, заметная в исторической среде района. До ближайшего монумента — «Чайхана», около 4.55 км.",37.19694,4553,Чайхана,,67
храм иконы Божией Матери «Скоропослушница»,Храм иконы Скоропослушница,исторический храм / монастырь,"Сохранившийся православный храм в посёлке Марьино в Филимонковском поселении. До ближайшего монумента — «Беседка ""Прибрежная""», около 3.16 км.",37.321019,3159,"Беседка ""Прибрежная""",,67
"храм Святых Мучениц Веры, Надежды, Любови и Матери их Софии во Внуково",Храм Мучениц Веры,исторический храм / монастырь,"Сохранившийся православный храм в Москве. До ближайшего монумента — «Корней Чуковский», около 2.51 км.",37.306432,2514,Корней Чуковский,,67
Старая Басманная улица 19 с16,Усадьба,усадьба / дворец / особняк,"Флигель. Историческое здание в Москве, памятник архитектуры. До ближайшего монумента — «Колокольня», около 1.40 км.",37.66220066,1399,Колокольня,,66
улица Зои и Александра Космодемьянских 25,Усадьба,усадьба или дворец,"Дом в Москве, где жили Зоя и Александр Космодемьянские. До ближайшего монумента — «Ерунда», около 1.33 км.",37.524504,1331,Ерунда,,66
Городская усадьба Н.И. Казакова,Усадьба Казакова,усадьба / дворец / особняк,"Подойдёт для спокойного знакомства с московской усадебной архитектурой. Есть региональный охранный статус. До ближайшего монумента — «Пётр l», около 1.22 км.",37.5949977,1215,Пётр l,,66
Bolshaya Ordynka Street 72 c1,Усадьба,усадьба или дворец,"Подойдёт для спокойного знакомства с московской усадебной архитектурой. Есть выявленный охранный статус. До ближайшего монумента — «Дом Мёда», около 1.03 км.",37.623783,1033,Дом Мёда,,66
Городская усадьба В. В. Думнова – Н. Л. Маркова,Усадьба Думнова,усадьба / дворец / особняк,"Подойдёт для спокойного знакомства с московской усадебной архитектурой. Есть региональный охранный статус. До ближайшего монумента — «Cheapshot HQ», около 1.02 км.",37.60222015,1021,Cheapshot HQ,,66
Конечная 16-я Парковая,Конечная 16-я Парковая,знаковое городское место,"Место для прогулки и передышки от плотной городской застройки. До ближайшего монумента — «Спутник-1», около 1.78 км.",37.8218,1785,Спутник-1,,64
Большой Концертный Зал «Академический»,Театр Академический,театр,"Камерная культурная точка для тех, кто ищет районную сцену. До ближайшего монумента — «Арена Лужники», около 1.78 км.",37.57931,1779,Арена Лужники,,64
Здание Газпрома в Коммунарке,Здание Газпрома,необычное здание,"Офисное здание в Москва. До ближайшего монумента — «Красный Бык», около 1.77 км.",37.47011,1775,Красный Бык,,64
Ривер Парк Кутузовский,Ривер Парк Кутузовский,знаковое современное здание,"Строящийся высотный ЖК в Москве. До ближайшего монумента — «Пионер», около 1.77 км.",37.521634,1773,Пионер,,64
Вокзал железнодорожной станции «Петровско-Разумовское»,Вокзал железнодорожной станции,вокзал / транспортный объект,"Старое станционное здание 1896 года. До ближайшего монумента — «НАМИ», около 1.76 км.",37.56717,1757,НАМИ,,64
Перекопская улица 7 c3,Перекопская улица 7,необычное здание,"Дом причта. Историческое здание в Москве, памятник архитектуры. До ближайшего монумента — «龙庙», около 1.74 км.",37.58040007,1743,龙庙,,64
Музей хоккейной славы,Музей хоккейной славы,спортивная арена / стадион,"Контора первого в России автомобильного завода АМО (основан в 1916 г.). До ближайшего монумента — «Дом-корабль», около 1.74 км.",37.64641726,1742,Дом-корабль,,64
Гранд,Гранд,необычное здание,"Жилой квартал в ""Зиларте"", Москва. До ближайшего монумента — «Дом-корабль», около 1.73 км.",37.63677,1725,Дом-корабль,,64
Headliner,Headliner,знаковое современное здание,"Высотный жилой комплекс в Москве. До ближайшего монумента — «Пионер», около 1.71 км.",37.526985,1709,Пионер,,64
Вестибюль метро 1905 года,Вестибюль метро 1905,вокзал / транспортный объект,"Интересно как часть городской инфраструктуры и повседневного движения Москвы. До ближайшего монумента — «Купание коней», около 1.69 км.",37.56226,1686,Купание коней,,64
Пассажирское здание станции Кожухово,Пассажирское здание станции,необычное здание,"Историческое здание в Москве. До ближайшего монумента — «Остров мечты», около 1.68 км.",37.651211,1683,Остров мечты,,64
Автобусное кольцо Метро Петровско-Разумовская,Автобусное кольцо Метро,необычное здание,"Интересно как часть городской инфраструктуры и повседневного движения Москвы. До ближайшего монумента — «Tram station», около 1.68 км.",37.5754544,1682,Tram station,,64
Зиларт Тауэр,Зиларт Тауэр,знаковое современное здание,"Жилой небоскрёб в Москве. До ближайшего монумента — «Дом-корабль», около 1.68 км.",37.640731,1681,Дом-корабль,,64
Нижний Сусальный переулок 5 с26,Нижний Сусальный переулок,необычное здание,"Можно рассмотреть фрагмент исторической застройки без музейной торжественности. До ближайшего монумента — «Усадьба Морозовых», около 1.68 км.",37.66547,1677,Усадьба Морозовых,,64
City Bay,City Bay,необычное здание,"Жилой комплекс в Москве. До ближайшего монумента — «Сходненский ковш», около 1.68 км.",37.401655,1675,Сходненский ковш,,64
автобусная конечная Метро Щукинская,Автобусная конечная Метро,необычное здание,"Интересно как часть городской инфраструктуры и повседневного движения Москвы. До ближайшего монумента — «Стадион Спартак», около 1.67 км.",37.462171912,1674,Стадион Спартак,,64
Ривер Парк,Ривер Парк,знаковое городское место,"Жилой комплекс (микрорайон) в Москве. До ближайшего монумента — «Ice park», около 1.66 км.",37.698224,1659,Ice park,,64
1-й Неопалимовский переулок 4,Усадьба,усадьба / дворец / особняк,"Подойдёт для спокойного знакомства с московской усадебной архитектурой. До ближайшего монумента — «Пётр l», около 1.66 км.",37.58208,1656,Пётр l,,64
Шелепиха,Шелепиха,необычное здание,"Жилой комплекс в Москве. До ближайшего монумента — «Ракета Хруничева», около 1.65 км.",37.523193,1653,Ракета Хруничева,,64
Конечная станция Парк Победы,Конечная станция Парк,вокзал / транспортный объект,"Троллейбусная конечная в Москве. До ближайшего монумента — «Круглый дом», около 1.63 км.",37.51445,1629,Круглый дом,,64
Нижний Сусальный переулок 5 с5а,Нижний Сусальный переулок,необычное здание,"Можно рассмотреть фрагмент исторической застройки без музейной торжественности. До ближайшего монумента — «Усадьба Морозовых», около 1.62 км.",37.66415,1625,Усадьба Морозовых,,64
Вокзал Белокаменная,Вокзал Белокаменная,вокзал / транспортный объект,"Интересно как часть городской инфраструктуры и повседневного движения Москвы. До ближайшего монумента — «Красный богатырь», около 1.61 км.",37.701122,1613,Красный богатырь,,64
Филатов Луг,Филатов Луг,необычное здание,"Жилой комплекс в Москве. До ближайшего монумента — «Саларьево парк», около 1.60 км.",37.385529,1604,Саларьево парк,,64
1-й Смоленский переулок 20 c3,1-й Смоленский переулок,необычное здание,"Можно рассмотреть фрагмент исторической застройки без музейной торжественности. До ближайшего монумента — «Cheapshot HQ», около 1.60 км.",37.58011261,1601,Cheapshot HQ,,64
Пассажирское здание вокзала Ростокино,Пассажирское здание вокзала,вокзал / транспортный объект,"Интересно как часть городской инфраструктуры и повседневного движения Москвы. До ближайшего монумента — «Ростокинский акведук», около 1.58 км.",37.6562217,1583,Ростокинский акведук,,64
Нижний Сусальный переулок 5 с19,Нижний Сусальный переулок,необычное здание,"Можно рассмотреть фрагмент исторической застройки без музейной торжественности. До ближайшего монумента — «Усадьба Морозовых», около 1.58 км.",37.66611,1583,Усадьба Морозовых,,64
Нижний Сусальный переулок 5 с17,Нижний Сусальный переулок,необычное здание,"Можно рассмотреть фрагмент исторической застройки без музейной торжественности. До ближайшего монумента — «Усадьба Морозовых», около 1.58 км.",37.66464,1580,Усадьба Морозовых,,64
проспект Вернадского 12 к4,Проспект Вернадского 12,необычное здание,"Можно рассмотреть фрагмент исторической застройки без музейной торжественности. До ближайшего монумента — «Памятник на холме», около 1.58 км.",37.51161,1580,Памятник на холме,,64
Жилой комплекс «Wave»,Жилой комплекс Wave,необычное здание,"Жилой комплекс в Москве. До ближайшего монумента — «Борисовская плотина», около 1.58 км.",37.70645,1577,Борисовская плотина,,64
Поколение,Поколение,необычное здание,"Жилой комплекс в Москве. До ближайшего монумента — «Likhoborka Park», около 1.57 км.",37.577444,1575,Likhoborka Park,,64
улица Бурденко 12,Усадьба,усадьба / дворец / особняк,"Подойдёт для спокойного знакомства с московской усадебной архитектурой. До ближайшего монумента — «Фигурный фонтан», около 1.57 км.",37.58234,1570,Фигурный фонтан,,64
Автобусная конечная Метро Юго-Западная,Автобусная конечная Метро,необычное здание,"Интересно как часть городской инфраструктуры и повседневного движения Москвы. До ближайшего монумента — «Пять Дубов», около 1.57 км.",37.4809,1567,Пять Дубов,,64
Жилой комплекс Люблинский Парк,Жилой комплекс Люблинский,знаковое городское место,"Жилой комплекс в Москве. До ближайшего монумента — «Ice park», около 1.55 км.",37.731792926,1554,Ice park,,64
Смоленская площадь 6 усадьба,Усадьба,усадьба / дворец / особняк,"Городская усадьба в Москве. До ближайшего монумента — «Cheapshot HQ», около 1.55 км.",37.58357,1552,Cheapshot HQ,,64
Нижний Сусальный переулок 5 с18,Нижний Сусальный переулок,необычное здание,"Можно рассмотреть фрагмент исторической застройки без музейной торжественности. До ближайшего монумента — «Усадьба Морозовых», около 1.54 км.",37.66449,1537,Усадьба Морозовых,,64
улица Казакова 8с6,Улица Казакова 8с6,необычное здание,"Можно рассмотреть фрагмент исторической застройки без музейной торжественности. До ближайшего монумента — «Доходный дом Перлова», около 1.53 км.",37.6602,1534,Доходный дом Перлова,,64
ЖК Аэробус,ЖК Аэробус,необычное здание,"Можно рассмотреть фрагмент исторической застройки без музейной торжественности. До ближайшего монумента — «Путевой дворец», около 1.53 км.",37.544406294,1531,Путевой дворец,,64
здание НИИДАР,Здание НИИДАР,необычное здание,"Можно рассмотреть фрагмент исторической застройки без музейной торжественности. До ближайшего монумента — «Дворец на Яузе», около 1.53 км.",37.713612914,1526,Дворец на Яузе,,64
Чертановская улица 23,Чертановская улица 23,необычное здание,"Здание в Москва. До ближайшего монумента — «Символ Севастополя», около 1.53 км.",37.59443,1526,Символ Севастополя,,64
Нижняя Пресня,Нижняя Пресня,необычное здание,"Исторический жилой микрорайон в Москве. До ближайшего монумента — «Пионер», около 1.52 км.",37.553129,1525,Пионер,,64
Метрополия,Метрополия,знаковое современное здание,"Жилой комплекс в Москве. До ближайшего монумента — «Футболисты», около 1.52 км.",37.690384,1520,Футболисты,,64
Родной город. Октябрьское поле,Родной город. Октябрьское,необычное здание,"Жилой комплекс (микрорайон) на улице Берзарина в Москве. До ближайшего монумента — «Octod Tower», около 1.52 км.",37.47279,1517,Octod Tower,,64
Волгоградский проспект 2,Волгоградский проспект 2,необычное здание,"Можно рассмотреть фрагмент исторической застройки без музейной торжественности. До ближайшего монумента — «Футболисты», около 1.51 км.",37.66933,1506,Футболисты,,64
Жилые микрорайоны на Колодезной улице,Жилые микрорайоны,необычное здание,"Два исторических микрорайона конца 1920х-1930х годов в Москве. До ближайшего монумента — «Дворец на Яузе», около 1.50 км.",37.696002,1502,Дворец на Яузе,,64
Сидней Сити,Сидней Сити,необычное здание,"Жилой комплекс в Москве. До ближайшего монумента — «Ракета Хруничева», около 1.50 км.",37.504708,1502,Ракета Хруничева,,64
Энитео,Энитео,знаковое современное здание,"Жилой комплекс в Москве. До ближайшего монумента — «Первая Хрущёвка», около 1.49 км.",37.593615,1492,Первая Хрущёвка,,64
Нижний Сусальный переулок 5 с15,Нижний Сусальный переулок,необычное здание,"Можно рассмотреть фрагмент исторической застройки без музейной торжественности. До ближайшего монумента — «Усадьба Морозовых», около 1.49 км.",37.6644,1490,Усадьба Морозовых,,64
Люблинский парк,Люблинский парк,знаковое городское место,"Жилой массив на месте бывшего Люблинского механического завода. До ближайшего монумента — «Ice park», около 1.49 км.",37.731774,1488,Ice park,,64
MOD,MOD,необычное здание,"Жилой комплекс в Москве. До ближайшего монумента — «Еврейский музей», около 1.48 км.",37.624616,1483,Еврейский музей,,64
Усадьба Богородское (Воронино),Усадьба Богородское,усадьба / дворец / особняк,"Усадьба «Богородское» («Воронино») (площадью 6,9 га) в Москве. До ближайшего монумента — «Пять Дубов», около 1.48 км.",37.487036,1481,Пять Дубов,,64
Новорязанская улица 8,Новорязанская улица 8,необычное здание,"Здание в Москва. До ближайшего монумента — «Доходный дом Перлова», около 1.46 км.",37.65552,1459,Доходный дом Перлова,,64
Автобусная конечная Метро Новые Черёмушки,Автобусная конечная Метро,необычное здание,"Интересно как часть городской инфраструктуры и повседневного движения Москвы. До ближайшего монумента — «Усадьба Воронцово», около 1.45 км.",37.55338,1448,Усадьба Воронцово,,64
Левел Причальный,Левел Причальный,знаковое современное здание,"Высотный жилой комплекс в Москве. До ближайшего монумента — «Ракета Хруничева», около 1.44 км.",37.516634,1437,Ракета Хруничева,,64
Здание конторы Снабгрэсс в Юрьевском переулке (стр.3),Здание конторы Снабгрэсс,необычное здание,"Конторское здание в Москве, памятник архитектуры. До ближайшего монумента — «Су-27», около 1.44 км.",37.71907,1435,Су-27,,64
Конечная станция Уссурийская улица,Конечная станция Уссурийская,вокзал / транспортный объект,"Интересно как часть городской инфраструктуры и повседневного движения Москвы. До ближайшего монумента — «Babaevka», около 1.43 км.",37.8238,1425,Babaevka,,64
Сердце Столицы,Сердце Столицы,необычное здание,"Жилой комплекс в Москве. До ближайшего монумента — «Ракета Хруничева», около 1.42 км.",37.512244,1422,Ракета Хруничева,,64
улица Вавилова 24,Улица Вавилова 24,необычное здание,"Здание в Москва. До ближайшего монумента — «Первая Хрущёвка», около 1.42 км.",37.57734,1420,Первая Хрущёвка,,64
Театр Антона Чехова,Театр Антона Чехова,театр,"Камерная культурная точка для тех, кто ищет районную сцену. До ближайшего монумента — «Cheapshot HQ», около 1.39 км.",37.592,1394,Cheapshot HQ,https://ru.wikipedia.org/wiki/%D0%A2%D0%B5%D0%B0%D1%82%D1%80_%D0%90%D0%BD%D1%82%D0%BE%D0%BD%D0%B0_%D0%A7%D0%B5%D1%85%D0%BE%D0%B2%D0%B0,64
Московский международный медицинский кластер,Международный медицинский кластер,необычное здание,"Медицинский квартал в составе Сколкова. До ближайшего монумента — «Hypercube», около 1.38 км.",37.350054,1376,Hypercube,https://ru.wikipedia.org/wiki/%D0%9C%D0%B5%D0%B6%D0%B4%D1%83%D0%BD%D0%B0%D1%80%D0%BE%D0%B4%D0%BD%D1%8B%D0%B9_%D0%BC%D0%B5%D0%B4%D0%B8%D1%86%D0%B8%D0%BD%D1%81%D0%BA%D0%B8%D0%B9_%D0%BA%D0%BB%D0%B0%D1%81%D1%82%D0%B5%D1%80,64
Казанский вокзал,Казанский вокзал,вокзал / транспортный объект,"Вокзал станции Москва-Казанская в Москве. До ближайшего монумента — «Аптекарский огород», около 1.37 км.",37.65566991,1374,Аптекарский огород,https://ru.wikipedia.org/wiki/%D0%9A%D0%B0%D0%B7%D0%B0%D0%BD%D1%81%D0%BA%D0%B8%D0%B9_%D0%B2%D0%BE%D0%BA%D0%B7%D0%B0%D0%BB,64
Театр МДМ,Театр МДМ,театр,"Театр в районе Хамовники города Москвы, Россия. До ближайшего монумента — «Фигурный фонтан», около 1.35 км.",37.5801861,1348,Фигурный фонтан,https://ru.wikipedia.org/wiki/%D0%A2%D0%B5%D0%B0%D1%82%D1%80_%D0%9C%D0%94%D0%9C,64
Здание СЭВ,Здание СЭВ,необычное здание,"Можно рассмотреть фрагмент исторической застройки без музейной торжественности. До ближайшего монумента — «Cheapshot HQ», около 1.35 км.",37.576944444,1348,Cheapshot HQ,https://ru.wikipedia.org/wiki/%D0%97%D0%B4%D0%B0%D0%BD%D0%B8%D0%B5_%D0%A1%D0%AD%D0%92,64
Московский государственный драматический театр «Сопричастность»,Театр Сопричастность,театр,"Камерная культурная точка для тех, кто ищет районную сцену. До ближайшего монумента — «Колокольня», около 1.34 км.",37.67222222,1342,Колокольня,https://ru.wikipedia.org/wiki/%D0%A1%D0%BE%D0%BF%D1%80%D0%B8%D1%87%D0%B0%D1%81%D1%82%D0%BD%D0%BE%D1%81%D1%82%D1%8C_(%D1%82%D0%B5%D0%B0%D1%82%D1%80),64
Городская усадьба Спиридова — Рюхардт,Усадьба Спиридова,усадьба / дворец / особняк,"Подойдёт для спокойного знакомства с московской усадебной архитектурой. До ближайшего монумента — «Усадьба Морозовых», около 1.33 км.",37.646919,1334,Усадьба Морозовых,https://ru.wikipedia.org/wiki/%D0%93%D0%BE%D1%80%D0%BE%D0%B4%D1%81%D0%BA%D0%B0%D1%8F_%D1%83%D1%81%D0%B0%D0%B4%D1%8C%D0%B1%D0%B0_%D0%A1%D0%BF%D0%B8%D1%80%D0%B8%D0%B4%D0%BE%D0%B2%D0%B0_%E2%80%94_%D0%A0%D1%8E%D1%85%D0%B0%D1%80%D0%B4%D1%82,64
Донской монастырь,Донской монастырь,исторический храм / монастырь,"Мужской православный монастырь в Москве. До ближайшего монумента — «Дом-корабль», около 1.31 км.",37.602083333,1309,Дом-корабль,https://ru.wikipedia.org/wiki/%D0%94%D0%BE%D0%BD%D1%81%D0%BA%D0%BE%D0%B9_%D0%BC%D0%BE%D0%BD%D0%B0%D1%81%D1%82%D1%8B%D1%80%D1%8C,64
Дангауэровка,Дангауэровка,необычное здание,"Можно рассмотреть фрагмент исторической застройки без музейной торжественности. До ближайшего монумента — «Су-27», около 1.29 км.",37.71777,1292,Су-27,https://ru.wikipedia.org/wiki/%D0%94%D0%B0%D0%BD%D0%B3%D0%B0%D1%83%D1%8D%D1%80%D0%BE%D0%B2%D0%BA%D0%B0,64
Ленинградский вокзал,Ленинградский вокзал,вокзал / транспортный объект,"Пассажирский терминал железнодорожной станции Москва-Пассажирская Октябрьской железной дороги в Москве, Россия. До ближайшего монумента — «Аптекарский огород», около 1.29 км.",37.655327777,1290,Аптекарский огород,https://ru.wikipedia.org/wiki/%D0%9B%D0%B5%D0%BD%D0%B8%D0%BD%D0%B3%D1%80%D0%B0%D0%B4%D1%81%D0%BA%D0%B8%D0%B9_%D0%B2%D0%BE%D0%BA%D0%B7%D0%B0%D0%BB,64
Новинский монастырь,Новинский монастырь,исторический храм / монастырь,"Тихая архитектурная точка, заметная в исторической среде района. До ближайшего монумента — «Cheapshot HQ», около 1.28 км.",37.579327777,1281,Cheapshot HQ,https://ru.wikipedia.org/wiki/%D0%9D%D0%BE%D0%B2%D0%B8%D0%BD%D1%81%D0%BA%D0%B8%D0%B9_%D0%BC%D0%BE%D0%BD%D0%B0%D1%81%D1%82%D1%8B%D1%80%D1%8C,64
Ярославский вокзал,Ярославский вокзал,вокзал / транспортный объект,"Интересно как часть городской инфраструктуры и повседневного движения Москвы. До ближайшего монумента — «Колокольня», около 1.27 км.",37.657222222,1267,Колокольня,https://ru.wikipedia.org/wiki/%D0%AF%D1%80%D0%BE%D1%81%D0%BB%D0%B0%D0%B2%D1%81%D0%BA%D0%B8%D0%B9_%D0%B2%D0%BE%D0%BA%D0%B7%D0%B0%D0%BB,64
Усадьба Латышевых — Бахрушиных — Бардыгиных,Усадьба Латышевых,усадьба / дворец / особняк,"Подойдёт для спокойного знакомства с московской усадебной архитектурой. До ближайшего монумента — «Усадьба Морозовых», около 1.27 км.",37.650056,1266,Усадьба Морозовых,https://ru.wikipedia.org/wiki/%D0%A3%D1%81%D0%B0%D0%B4%D1%8C%D0%B1%D0%B0_%D0%9B%D0%B0%D1%82%D1%8B%D1%88%D0%B5%D0%B2%D1%8B%D1%85_%E2%80%94_%D0%91%D0%B0%D1%85%D1%80%D1%83%D1%88%D0%B8%D0%BD%D1%8B%D1%85_%E2%80%94_%D0%91%D0%B0%D1%80%D0%B4%D1%8B%D0%B3%D0%B8%D0%BD%D1%8B%D1%85,64
Бусиново,Бусиново,необычное здание,"Микрорайон в Москве, Россия; бывший район. До ближайшего монумента — «Love Forever», около 1.25 км.",37.4917,1254,Love Forever,https://ru.wikipedia.org/wiki/%D0%91%D1%83%D1%81%D0%B8%D0%BD%D0%BE%D0%B2%D0%BE,64
Московский международный Дом музыки,Театр международный Дом,театр,"Камерная культурная точка для тех, кто ищет районную сцену. До ближайшего монумента — «Усадьба Ардалионова», около 1.25 км.",37.646666666,1251,Усадьба Ардалионова,https://ru.wikipedia.org/wiki/%D0%94%D0%BE%D0%BC_%D0%BC%D1%83%D0%B7%D1%8B%D0%BA%D0%B8_(%D0%9C%D0%BE%D1%81%D0%BA%D0%B2%D0%B0),64
Центр исполнительских искусств на Добрынинской,Театр Центр исполнительских,театр,"Государственное бюджетное учреждение культуры города Москвы. До ближайшего монумента — «Фигурный фонтан», около 1.25 км.",37.62111,1247,Фигурный фонтан,https://ru.wikipedia.org/wiki/%D0%A6%D0%B5%D0%BD%D1%82%D1%80_%D0%B8%D1%81%D0%BF%D0%BE%D0%BB%D0%BD%D0%B8%D1%82%D0%B5%D0%BB%D1%8C%D1%81%D0%BA%D0%B8%D1%85_%D0%B8%D1%81%D0%BA%D1%83%D1%81%D1%81%D1%82%D0%B2_%D0%BD%D0%B0_%D0%94%D0%BE%D0%B1%D1%80%D1%8B%D0%BD%D0%B8%D0%BD%D1%81%D0%BA%D0%BE%D0%B9,64
Усадьба Лопухиных — Волконских — Кирьяковых,Усадьба Лопухиных,усадьба / дворец / особняк,"Подойдёт для спокойного знакомства с московской усадебной архитектурой. До ближайшего монумента — «Доходный дом Перлова», около 1.24 км.",37.64350672,1242,Доходный дом Перлова,https://ru.wikipedia.org/wiki/%D0%A3%D1%81%D0%B0%D0%B4%D1%8C%D0%B1%D0%B0_%D0%9B%D0%BE%D0%BF%D1%83%D1%85%D0%B8%D0%BD%D1%8B%D1%85_%E2%80%94_%D0%92%D0%BE%D0%BB%D0%BA%D0%BE%D0%BD%D1%81%D0%BA%D0%B8%D1%85_%E2%80%94_%D0%9A%D0%B8%D1%80%D1%8C%D1%8F%D0%BA%D0%BE%D0%B2%D1%8B%D1%85,64
Московское подворье Валаамского монастыря,Подворье Валаамского монастыря,исторический храм / монастырь,"Тихая архитектурная точка, заметная в исторической среде района. До ближайшего монумента — «Всем влюбленным», около 1.23 км.",37.589972,1230,Всем влюбленным,https://ru.wikipedia.org/wiki/%D0%9C%D0%BE%D1%81%D0%BA%D0%BE%D0%B2%D1%81%D0%BA%D0%BE%D0%B5_%D0%BF%D0%BE%D0%B4%D0%B2%D0%BE%D1%80%D1%8C%D0%B5_%D0%92%D0%B0%D0%BB%D0%B0%D0%B0%D0%BC%D1%81%D0%BA%D0%BE%D0%B3%D0%BE_%D0%BC%D0%BE%D0%BD%D0%B0%D1%81%D1%82%D1%8B%D1%80%D1%8F,64
Сцена «Мельников»,Театр Мельников,театр,"Сценическая площадка Театра на Бронной. До ближайшего монумента — «Большой розарий», около 1.23 км.",37.6873,1225,Большой розарий,https://ru.wikipedia.org/wiki/%D0%A1%D1%86%D0%B5%D0%BD%D0%B0_%C2%AB%D0%9C%D0%B5%D0%BB%D1%8C%D0%BD%D0%B8%D0%BA%D0%BE%D0%B2%C2%BB,64
Преображенская старообрядческая община (Москва),Преображенская старообрядческая община,исторический храм / монастырь,"Тихая архитектурная точка, заметная в исторической среде района. До ближайшего монумента — «Дворец на Яузе», около 1.21 км.",37.71624,1212,Дворец на Яузе,https://ru.wikipedia.org/wiki/%D0%9F%D1%80%D0%B5%D0%BE%D0%B1%D1%80%D0%B0%D0%B6%D0%B5%D0%BD%D1%81%D0%BA%D0%B0%D1%8F_%D1%81%D1%82%D0%B0%D1%80%D0%BE%D0%BE%D0%B1%D1%80%D1%8F%D0%B4%D1%87%D0%B5%D1%81%D0%BA%D0%B0%D1%8F_%D0%BE%D0%B1%D1%89%D0%B8%D0%BD%D0%B0_(%D0%9C%D0%BE%D1%81%D0%BA%D0%B2%D0%B0),64
Каланчёвская улица 15а,Каланчёвская улица 15а,необычное здание,"Офисное здание в Москве. До ближайшего монумента — «Аптекарский огород», около 1.21 км.",37.6517,1212,Аптекарский огород,https://ru.wikipedia.org/wiki/%D0%94%D0%BE%D0%BC_%D0%B0%D0%BA%D1%86%D0%B8%D0%BE%D0%BD%D0%B5%D1%80%D0%BD%D0%BE%D0%B3%D0%BE_%D0%BE%D0%B1%D1%89%D0%B5%D1%81%D1%82%D0%B2%D0%B0_%C2%AB%D0%9E%D1%80%D0%B3%D0%B0%D0%BC%D0%B5%D1%82%D0%B0%D0%BB%D0%BB%C2%BB,64
Театр на Покровке,Театр Покровке,театр,"Камерная культурная точка для тех, кто ищет районную сцену. До ближайшего монумента — «Доходный дом Перлова», около 1.21 км.",37.65514,1210,Доходный дом Перлова,https://ru.wikipedia.org/wiki/%D0%A2%D0%B5%D0%B0%D1%82%D1%80_%D0%BD%D0%B0_%D0%9F%D0%BE%D0%BA%D1%80%D0%BE%D0%B2%D0%BA%D0%B5,64
Neva Towers,Neva Towers,знаковое современное здание,"Комплекс небоскребов в ММДЦ в Москве. До ближайшего монумента — «Пионер», около 1.20 км.",37.53444444,1201,Пионер,https://ru.wikipedia.org/wiki/Neva_Towers,64
Опекунский совет (Москва),Опекунский совет,необычное здание,"Можно рассмотреть фрагмент исторической застройки без музейной торжественности. До ближайшего монумента — «ГУМ», около 1.20 км.",37.64005,1195,ГУМ,https://ru.wikipedia.org/wiki/%D0%9E%D0%BF%D0%B5%D0%BA%D1%83%D0%BD%D1%81%D0%BA%D0%B8%D0%B9_%D1%81%D0%BE%D0%B2%D0%B5%D1%82_(%D0%9C%D0%BE%D1%81%D0%BA%D0%B2%D0%B0),64
Театр «Без вывески»,Театр Без вывески,театр,"Камерная культурная точка для тех, кто ищет районную сцену. До ближайшего монумента — «Ерунда», около 1.16 км.",37.5232,1158,Ерунда,https://ru.wikipedia.org/wiki/%D0%91%D0%B5%D0%B7_%D0%B2%D1%8B%D0%B2%D0%B5%D1%81%D0%BA%D0%B8_(%D1%82%D0%B5%D0%B0%D1%82%D1%80),64
Киноклуб-музей Эльдар,Музей Эльдар,музей,"Киноклуб-музей имени Эльдара Александровича Рязанова. До ближайшего монумента — «Усадьба Воронцово», около 1.14 км.",37.513379,1137,Усадьба Воронцово,https://ru.wikipedia.org/wiki/%D0%AD%D0%BB%D1%8C%D0%B4%D0%B0%D1%80_(%D0%BA%D0%B8%D0%BD%D0%BE%D0%BA%D0%BE%D0%BD%D1%86%D0%B5%D1%80%D1%82%D0%BD%D1%8B%D0%B9_%D0%B7%D0%B0%D0%BB),64
Покровские казармы,Покровские казармы,необычное здание,"Можно рассмотреть фрагмент исторической застройки без музейной торжественности. До ближайшего монумента — «Доходный дом Перлова», около 1.13 км.",37.6485283,1127,Доходный дом Перлова,https://ru.wikipedia.org/wiki/%D0%9F%D0%BE%D0%BA%D1%80%D0%BE%D0%B2%D1%81%D0%BA%D0%B8%D0%B5_%D0%BA%D0%B0%D0%B7%D0%B0%D1%80%D0%BC%D1%8B,64
Ново-Алексеевский монастырь,Ново-Алексеевский монастырь,исторический храм / монастырь,"Тихая архитектурная точка, заметная в исторической среде района. До ближайшего монумента — «Колокольня», около 1.12 км.",37.665,1125,Колокольня,https://ru.wikipedia.org/wiki/%D0%9D%D0%BE%D0%B2%D0%BE-%D0%90%D0%BB%D0%B5%D0%BA%D1%81%D0%B5%D0%B5%D0%B2%D1%81%D0%BA%D0%B8%D0%B9_%D0%BC%D0%BE%D0%BD%D0%B0%D1%81%D1%82%D1%8B%D1%80%D1%8C,64
Екатерининская богадельня,Екатерининская богадельня,необычное здание,"Можно рассмотреть фрагмент исторической застройки без музейной торжественности. До ближайшего монумента — «Дворец на Яузе», около 1.11 км.",37.70012,1112,Дворец на Яузе,https://ru.wikipedia.org/wiki/%D0%95%D0%BA%D0%B0%D1%82%D0%B5%D1%80%D0%B8%D0%BD%D0%B8%D0%BD%D1%81%D0%BA%D0%B0%D1%8F_%D0%B1%D0%BE%D0%B3%D0%B0%D0%B4%D0%B5%D0%BB%D1%8C%D0%BD%D1%8F,64
Театр на Юго-Западе,Театр Юго-Западе,театр,"Камерная культурная точка для тех, кто ищет районную сцену. До ближайшего монумента — «Пять Дубов», около 1.10 км.",37.481125,1105,Пять Дубов,https://ru.wikipedia.org/wiki/%D0%A2%D0%B5%D0%B0%D1%82%D1%80_%D0%BD%D0%B0_%D0%AE%D0%B3%D0%BE-%D0%97%D0%B0%D0%BF%D0%B0%D0%B4%D0%B5,64
Геликон-опера,Театр Геликон-опера,театр,"Оперный театр в Москве. До ближайшего монумента — «Cheapshot HQ», около 1.10 км.",37.596592,1101,Cheapshot HQ,https://ru.wikipedia.org/wiki/%D0%93%D0%B5%D0%BB%D0%B8%D0%BA%D0%BE%D0%BD-%D0%BE%D0%BF%D0%B5%D1%80%D0%B0,64
театр «Сатирикон» имени Аркадия Райкина,Театр Сатирикон,театр,"Камерная культурная точка для тех, кто ищет районную сцену. До ближайшего монумента — «Еврейский музей», около 1.10 км.",37.61824167,1100,Еврейский музей,https://ru.wikipedia.org/wiki/%D0%A1%D0%B0%D1%82%D0%B8%D1%80%D0%B8%D0%BA%D0%BE%D0%BD_(%D1%82%D0%B5%D0%B0%D1%82%D1%80),64
Крутицкие казармы,Крутицкие казармы,необычное здание,"Можно рассмотреть фрагмент исторической застройки без музейной торжественности. До ближайшего монумента — «Футболисты», около 1.10 км.",37.661166,1100,Футболисты,https://ru.wikipedia.org/wiki/%D0%9A%D1%80%D1%83%D1%82%D0%B8%D1%86%D0%BA%D0%B8%D0%B5_%D0%BA%D0%B0%D0%B7%D0%B0%D1%80%D0%BC%D1%8B,64
ОКО,ОКО,знаковое современное здание,"Комплекс зданий, расположенных на участке 16 Московского международного делового центра. До ближайшего монумента — «Пионер», около 1.10 км.",37.53435833,1099,Пионер,https://ru.wikipedia.org/wiki/%D0%9E%D0%BA%D0%BE_(%D0%BA%D0%BE%D0%BC%D0%BF%D0%BB%D0%B5%D0%BA%D1%81_%D0%BD%D0%B5%D0%B1%D0%BE%D1%81%D0%BA%D1%80%D1%91%D0%B1%D0%BE%D0%B2),64
Бирюлёво (усадьба),Усадьба Бирюлёво,усадьба / дворец / особняк,"Подойдёт для спокойного знакомства с московской усадебной архитектурой. До ближайшего монумента — «Символ Севастополя», около 1.09 км.",37.586666666,1089,Символ Севастополя,https://ru.wikipedia.org/wiki/%D0%91%D0%B8%D1%80%D1%8E%D0%BB%D1%91%D0%B2%D0%BE_(%D1%83%D1%81%D0%B0%D0%B4%D1%8C%D0%B1%D0%B0),64
Зелёный театр,Театр Зелёный театр,театр,"Театр, расположенный в парке Горького в Москве. До ближайшего монумента — «Фигурный фонтан», около 1.09 км.",37.59167,1087,Фигурный фонтан,"https://ru.wikipedia.org/wiki/%D0%97%D0%B5%D0%BB%D1%91%D0%BD%D1%8B%D0%B9_%D1%82%D0%B5%D0%B0%D1%82%D1%80_(%D0%9C%D0%BE%D1%81%D0%BA%D0%B2%D0%B0,_%D0%BF%D0%B0%D1%80%D0%BA_%D0%93%D0%BE%D1%80%D1%8C%D0%BA%D0%BE%D0%B3%D0%BE)",64
Иоанно-Предтеченский монастырь,Иоанно-Предтеченский монастырь,исторический храм / монастырь,"Тихая архитектурная точка, заметная в исторической среде района. До ближайшего монумента — «Доходный дом Перлова», около 1.08 км.",37.640067,1083,Доходный дом Перлова,https://ru.wikipedia.org/wiki/%D0%98%D0%BE%D0%B0%D0%BD%D0%BD%D0%BE-%D0%9F%D1%80%D0%B5%D0%B4%D1%82%D0%B5%D1%87%D0%B5%D0%BD%D1%81%D0%BA%D0%B8%D0%B9_%D0%BC%D0%BE%D0%BD%D0%B0%D1%81%D1%82%D1%8B%D1%80%D1%8C_(%D0%9C%D0%BE%D1%81%D0%BA%D0%B2%D0%B0),64
Московский театр музыки и драмы Стаса Намина,Театр музыки драмы,театр,"Камерная культурная точка для тех, кто ищет районную сцену. До ближайшего монумента — «Фигурный фонтан», около 1.08 км.",37.5915,1082,Фигурный фонтан,https://ru.wikipedia.org/wiki/%D0%A2%D0%B5%D0%B0%D1%82%D1%80_%D0%A1%D1%82%D0%B0%D1%81%D0%B0_%D0%9D%D0%B0%D0%BC%D0%B8%D0%BD%D0%B0,64
Усадьба Горбунова,Усадьба Горбунова,усадьба / дворец / особняк,"Подойдёт для спокойного знакомства с московской усадебной архитектурой. До ближайшего монумента — «Дворец на Яузе», около 1.08 км.",37.713066,1081,Дворец на Яузе,https://ru.wikipedia.org/wiki/%D0%A3%D1%81%D0%B0%D0%B4%D1%8C%D0%B1%D0%B0_%D0%93%D0%BE%D1%80%D0%B1%D1%83%D0%BD%D0%BE%D0%B2%D0%B0,64
Сцена на Перовской Московского театра иллюзий,Театр Сцена Перовской,театр,"Камерная культурная точка для тех, кто ищет районную сцену. До ближайшего монумента — «Усадьба Кусково», около 1.07 км.",37.81262,1075,Усадьба Кусково,https://ru.wikipedia.org/wiki/%D0%A1%D1%86%D0%B5%D0%BD%D0%B0_%D0%BD%D0%B0_%D0%9F%D0%B5%D1%80%D0%BE%D0%B2%D1%81%D0%BA%D0%BE%D0%B9_%D0%9C%D0%BE%D1%81%D0%BA%D0%BE%D0%B2%D1%81%D0%BA%D0%BE%D0%B3%D0%BE_%D1%82%D0%B5%D0%B0%D1%82%D1%80%D0%B0_%D0%B8%D0%BB%D0%BB%D1%8E%D0%B7%D0%B8%D0%B9,64
Никольский единоверческий монастырь,Никольский единоверческий монастырь,исторический храм / монастырь,"Тихая архитектурная точка, заметная в исторической среде района. До ближайшего монумента — «Дворец на Яузе», около 1.07 км.",37.716277777,1067,Дворец на Яузе,https://ru.wikipedia.org/wiki/%D0%9D%D0%B8%D0%BA%D0%BE%D0%BB%D1%8C%D1%81%D0%BA%D0%B8%D0%B9_%D0%B5%D0%B4%D0%B8%D0%BD%D0%BE%D0%B2%D0%B5%D1%80%D1%87%D0%B5%D1%81%D0%BA%D0%B8%D0%B9_%D0%BC%D0%BE%D0%BD%D0%B0%D1%81%D1%82%D1%8B%D1%80%D1%8C,64
Высотное административное здание «НИИ Дельта»,Высотное административное здание,знаковое современное здание,"Здание в Москве (сносится в ноябре-декабре 2024). До ближайшего монумента — «Локомотив арена», около 1.06 км.",37.758055555,1062,Локомотив арена,https://ru.wikipedia.org/wiki/%D0%92%D1%8B%D1%81%D0%BE%D1%82%D0%BD%D0%BE%D0%B5_%D0%B0%D0%B4%D0%BC%D0%B8%D0%BD%D0%B8%D1%81%D1%82%D1%80%D0%B0%D1%82%D0%B8%D0%B2%D0%BD%D0%BE%D0%B5_%D0%B7%D0%B4%D0%B0%D0%BD%D0%B8%D0%B5_%C2%AB%D0%9D%D0%98%D0%98_%D0%94%D0%B5%D0%BB%D1%8C%D1%82%D0%B0%C2%BB,64
"Кожухово (Москва, Косино-Ухтомский)",Кожухово,необычное здание,"Можно рассмотреть фрагмент исторической застройки без музейной торжественности. До ближайшего монумента — «Косинский парк», около 1.05 км.",37.88833333,1053,Косинский парк,https://ru.wikipedia.org/wiki/%D0%9A%D0%BE%D0%B6%D1%83%D1%85%D0%BE%D0%B2%D0%BE_(%D0%92%D0%BE%D1%81%D1%82%D0%BE%D1%87%D0%BD%D1%8B%D0%B9_%D0%B0%D0%B4%D0%BC%D0%B8%D0%BD%D0%B8%D1%81%D1%82%D1%80%D0%B0%D1%82%D0%B8%D0%B2%D0%BD%D1%8B%D0%B9_%D0%BE%D0%BA%D1%80%D1%83%D0%B3),64
Басманная больница,Басманная больница,необычное здание,"Можно рассмотреть фрагмент исторической застройки без музейной торжественности. До ближайшего монумента — «Колокольня», около 1.05 км.",37.66531,1053,Колокольня,https://ru.wikipedia.org/wiki/%D0%91%D0%B0%D1%81%D0%BC%D0%B0%D0%BD%D0%BD%D0%B0%D1%8F_%D0%B1%D0%BE%D0%BB%D1%8C%D0%BD%D0%B8%D1%86%D0%B0,64
Особняк Гутхейля,Особняк Гутхейля,усадьба / дворец / особняк,"Подойдёт для спокойного знакомства с московской усадебной архитектурой. До ближайшего монумента — «Пётр l», около 1.05 км.",37.5942,1051,Пётр l,https://ru.wikipedia.org/wiki/%D0%9E%D1%81%D0%BE%D0%B1%D0%BD%D1%8F%D0%BA_%D0%93%D1%83%D1%82%D1%85%D0%B5%D0%B9%D0%BB%D1%8F,64
Клинический городок на Девичьем поле,Клинический городок,необычное здание,"Можно рассмотреть фрагмент исторической застройки без музейной торжественности. До ближайшего монумента — «Way to ducks!», около 1.05 км.",37.57038,1051,Way to ducks!,https://ru.wikipedia.org/wiki/%D0%9A%D0%BB%D0%B8%D0%BD%D0%B8%D1%87%D0%B5%D1%81%D0%BA%D0%B8%D0%B9_%D0%B3%D0%BE%D1%80%D0%BE%D0%B4%D0%BE%D0%BA_%D0%BD%D0%B0_%D0%94%D0%B5%D0%B2%D0%B8%D1%87%D1%8C%D0%B5%D0%BC_%D0%BF%D0%BE%D0%BB%D0%B5,64
Высотное здание на площади Красных Ворот,Высотное здание площади,знаковое современное здание,"Выделяется силуэтом или масштабом в окружающей застройке. До ближайшего монумента — «Доходный дом Перлова», около 1.05 км.",37.64953442,1048,Доходный дом Перлова,https://ru.wikipedia.org/wiki/%D0%92%D1%8B%D1%81%D0%BE%D1%82%D0%BD%D0%BE%D0%B5_%D0%B7%D0%B4%D0%B0%D0%BD%D0%B8%D0%B5_%D1%83_%D0%9A%D1%80%D0%B0%D1%81%D0%BD%D1%8B%D1%85_%D0%92%D0%BE%D1%80%D0%BE%D1%82,64
Императорский железнодорожный павильон,Императорский железнодорожный павильон,необычное здание,"Здание Царского павильона Николаевской железной дороги в Москве. До ближайшего монумента — «Аптекарский огород», около 1.04 км.",37.651277777,1044,Аптекарский огород,https://ru.wikipedia.org/wiki/%D0%98%D0%BC%D0%BF%D0%B5%D1%80%D0%B0%D1%82%D0%BE%D1%80%D1%81%D0%BA%D0%B8%D0%B9_%D0%B6%D0%B5%D0%BB%D0%B5%D0%B7%D0%BD%D0%BE%D0%B4%D0%BE%D1%80%D0%BE%D0%B6%D0%BD%D1%8B%D0%B9_%D0%BF%D0%B0%D0%B2%D0%B8%D0%BB%D1%8C%D0%BE%D0%BD_(%D0%9C%D0%BE%D1%81%D0%BA%D0%B2%D0%B0),64
Усадьба Цурикова — Нарышкиных,Усадьба Цурикова,усадьба / дворец / особняк,"Подойдёт для спокойного знакомства с московской усадебной архитектурой. До ближайшего монумента — «Пётр l», около 1.04 км.",37.600472,1038,Пётр l,https://ru.wikipedia.org/wiki/%D0%A3%D1%81%D0%B0%D0%B4%D1%8C%D0%B1%D0%B0_%D0%A6%D1%83%D1%80%D0%B8%D0%BA%D0%BE%D0%B2%D0%B0_%E2%80%94_%D0%9D%D0%B0%D1%80%D1%8B%D1%88%D0%BA%D0%B8%D0%BD%D1%8B%D1%85,64
Национальный исследовательский университет «МИЭТ»,Национальный исследовательский университет,необычное здание,"Университет в Москве, Россия. До ближайшего монумента — «КЦ Зеленоград», около 1.03 км.",37.20833306,1032,КЦ Зеленоград,https://ru.wikipedia.org/wiki/%D0%9C%D0%BE%D1%81%D0%BA%D0%BE%D0%B2%D1%81%D0%BA%D0%B8%D0%B9_%D0%B8%D0%BD%D1%81%D1%82%D0%B8%D1%82%D1%83%D1%82_%D1%8D%D0%BB%D0%B5%D0%BA%D1%82%D1%80%D0%BE%D0%BD%D0%BD%D0%BE%D0%B9_%D1%82%D0%B5%D1%85%D0%BD%D0%B8%D0%BA%D0%B8,64
Усадьба Вяземских-Долгоруковых,Усадьба Вяземских-Долгоруковых,усадьба / дворец / особняк,"Подойдёт для спокойного знакомства с московской усадебной архитектурой. До ближайшего монумента — «Пётр l», около 1.03 км.",37.60292084,1026,Пётр l,https://ru.wikipedia.org/wiki/%D0%A3%D1%81%D0%B0%D0%B4%D1%8C%D0%B1%D0%B0_%D0%92%D1%8F%D0%B7%D0%B5%D0%BC%D1%81%D0%BA%D0%B8%D1%85_%E2%80%94_%D0%94%D0%BE%D0%BB%D0%B3%D0%BE%D1%80%D1%83%D0%BA%D0%BE%D0%B2%D1%8B%D1%85,64
Мемориально-парковый комплекс героев Первой мировой войны,Мемориально-парковый комплекс героев,знаковое городское место,"Место для прогулки и передышки от плотной городской застройки. До ближайшего монумента — «ЦСКА Арена», около 1.02 км.",37.511784,1025,ЦСКА Арена,https://ru.wikipedia.org/wiki/%D0%9C%D0%B5%D0%BC%D0%BE%D1%80%D0%B8%D0%B0%D0%BB%D1%8C%D0%BD%D0%BE-%D0%BF%D0%B0%D1%80%D0%BA%D0%BE%D0%B2%D1%8B%D0%B9_%D0%BA%D0%BE%D0%BC%D0%BF%D0%BB%D0%B5%D0%BA%D1%81_%D0%B3%D0%B5%D1%80%D0%BE%D0%B5%D0%B2_%D0%9F%D0%B5%D1%80%D0%B2%D0%BE%D0%B9_%D0%BC%D0%B8%D1%80%D0%BE%D0%B2%D0%BE%D0%B9_%D0%B2%D0%BE%D0%B9%D0%BD%D1%8B,64
Городок художников,Городок художников,необычное здание,"Архитектурный комплекс, объект культурного наследия на северо-западе Москвы. До ближайшего монумента — «Путевой дворец», около 1.01 км.",37.5679,1014,Путевой дворец,https://ru.wikipedia.org/wiki/%D0%93%D0%BE%D1%80%D0%BE%D0%B4%D0%BE%D0%BA_%D1%85%D1%83%D0%B4%D0%BE%D0%B6%D0%BD%D0%B8%D0%BA%D0%BE%D0%B2,64
Хамовнические казармы,Хамовнические казармы,необычное здание,"Исторические казармы в Москве. До ближайшего монумента — «Фигурный фонтан», около 1.01 км.",37.58507,1013,Фигурный фонтан,https://ru.wikipedia.org/wiki/%D0%A5%D0%B0%D0%BC%D0%BE%D0%B2%D0%BD%D0%B8%D1%87%D0%B5%D1%81%D0%BA%D0%B8%D0%B5_%D0%BA%D0%B0%D0%B7%D0%B0%D1%80%D0%BC%D1%8B,64
Дом Московского купеческого общества,Дом Московского купеческого,необычное здание,"Можно рассмотреть фрагмент исторической застройки без музейной торжественности. До ближайшего монумента — «ГУМ», около 1.01 км.",37.6377,1011,ГУМ,https://ru.wikipedia.org/wiki/%D0%90%D0%BD%D1%81%D0%B0%D0%BC%D0%B1%D0%BB%D1%8C_%D0%B4%D0%BE%D1%85%D0%BE%D0%B4%D0%BD%D1%8B%D1%85_%D0%B4%D0%BE%D0%BC%D0%BE%D0%B2_%D0%9C%D0%BE%D1%81%D0%BA%D0%BE%D0%B2%D1%81%D0%BA%D0%BE%D0%B3%D0%BE_%D0%BA%D1%83%D0%BF%D0%B5%D1%87%D0%B5%D1%81%D0%BA%D0%BE%D0%B3%D0%BE_%D0%BE%D0%B1%D1%89%D0%B5%D1%81%D1%82%D0%B2%D0%B0,64
Евразия (здание ММДЦ),Евразия,знаковое современное здание,"Можно рассмотреть фрагмент исторической застройки без музейной торжественности. До ближайшего монумента — «Пионер», около 1.01 км.",37.535304,1009,Пионер,https://ru.wikipedia.org/wiki/%D0%95%D0%B2%D1%80%D0%B0%D0%B7%D0%B8%D1%8F_(%D0%9C%D0%BE%D1%81%D0%BA%D0%B2%D0%B0-%D0%A1%D0%B8%D1%82%D0%B8),64
Воробьёвы горы,Воробьёвы горы,необычное здание,"Жилой комплекс в Москве. До ближайшего монумента — «Круглый дом», около 1.00 км.",37.50583333,1004,Круглый дом,https://ru.wikipedia.org/wiki/%D0%92%D0%BE%D1%80%D0%BE%D0%B1%D1%8C%D1%91%D0%B2%D1%8B_%D0%B3%D0%BE%D1%80%D1%8B_(%D0%B6%D0%B8%D0%BB%D0%BE%D0%B9_%D0%BA%D0%BE%D0%BC%D0%BF%D0%BB%D0%B5%D0%BA%D1%81),64
Дом Н. И. Миндовского,Дом Миндовского,необычное здание,"Можно рассмотреть фрагмент исторической застройки без музейной торжественности. До ближайшего монумента — «Пётр l», около 1.00 км.",37.5949,1002,Пётр l,https://ru.wikipedia.org/wiki/%D0%94%D0%BE%D0%BC_%D0%9D._%D0%98._%D0%9C%D0%B8%D0%BD%D0%B4%D0%BE%D0%B2%D1%81%D0%BA%D0%BE%D0%B3%D0%BE,64
IQ-квартал,IQ-квартал,знаковое современное здание,"Комплекс небоскрёбов, расположенных на участке 16 ММДЦ «Москва-Сити». До ближайшего монумента — «Пионер», около 1.00 км.",37.534569,1000,Пионер,https://ru.wikipedia.org/wiki/IQ-%D0%BA%D0%B2%D0%B0%D1%80%D1%82%D0%B0%D0%BB,64
Храм Святого праведного Иоанна Кронштадтского,Храм праведного Иоанна,исторический храм / монастырь,"Сохранившийся православный храм в Москве. До ближайшего монумента — «Миг-29», около 2.32 км.",37.851498,2322,Миг-29,,60
Храм Сретения Господня,Храм Сретения Господня,исторический храм / монастырь,"Сохранившийся православный храм в Москве. До ближайшего монумента — «Наташинские пруды», около 2.28 км.",37.852593,2278,Наташинские пруды,,60
Храм Иоанна Кронштадтского в Головине,Храм Иоанна Кронштадтского,исторический храм / монастырь,"Тихая архитектурная точка, заметная в исторической среде района. До ближайшего монумента — «НАМИ», около 2.13 км.",37.507667,2132,НАМИ,,60
"Храм святителя Тихона, Патриарха Московского и всея Руси",Храм святителя Тихона,исторический храм / монастырь,"Церковь у станции метро Планерная в Москве. До ближайшего монумента — «Музей ВМФ», около 1.97 км.",37.434,1972,Музей ВМФ,,60
Зеленоградская Баптистская Церковь,Церковь,исторический храм / монастырь,"Тихая архитектурная точка, заметная в исторической среде района. До ближайшего монумента — «Живые камни», около 1.92 км.",37.182450771,1917,Живые камни,,60
Храм Святой Ольги (Москва),Храм Святой Ольги,исторический храм / монастырь,"Католический храм в Москве. До ближайшего монумента — «Ice park», около 1.67 км.",37.743619,1670,Ice park,https://ru.wikipedia.org/wiki/%D0%A5%D1%80%D0%B0%D0%BC_%D0%A1%D0%B2%D1%8F%D1%82%D0%BE%D0%B9_%D0%9E%D0%BB%D1%8C%D0%B3%D0%B8_(%D0%9C%D0%BE%D1%81%D0%BA%D0%B2%D0%B0),60
Инам,Инам,исторический храм или монастырь,"Шиитская мечеть в Москве. До ближайшего монумента — «Ботанический сад», около 1.65 км.",37.592277777,1647,Ботанический сад,https://ru.wikipedia.org/wiki/%D0%98%D0%BD%D0%B0%D0%BC_(%D0%BC%D0%B5%D1%87%D0%B5%D1%82%D1%8C),60
Ярдям,Ярдям,исторический храм или монастырь,"Мечеть в Москве. До ближайшего монумента — «Ботанический сад», около 1.65 км.",37.592277777,1647,Ботанический сад,https://ru.wikipedia.org/wiki/%D0%AF%D1%80%D0%B4%D1%8F%D0%BC,60
Благовещенская церковь (Москва),Церковь,исторический храм / монастырь,"Тихая архитектурная точка, заметная в исторической среде района. До ближайшего монумента — «Пионер», около 1.55 км.",37.574444444,1553,Пионер,"https://ru.wikipedia.org/wiki/%D0%A6%D0%B5%D1%80%D0%BA%D0%BE%D0%B2%D1%8C_%D0%91%D0%BB%D0%B0%D0%B3%D0%BE%D0%B2%D0%B5%D1%89%D0%B5%D0%BD%D0%B8%D1%8F_%D0%9F%D1%80%D0%B5%D1%81%D0%B2%D1%8F%D1%82%D0%BE%D0%B9_%D0%91%D0%BE%D0%B3%D0%BE%D1%80%D0%BE%D0%B4%D0%B8%D1%86%D1%8B,_%D1%87%D1%82%D0%BE_%D0%BD%D0%B0_%D0%91%D0%B5%D1%80%D0%B5%D0%B6%D0%BA%D0%B0%D1%85",60
Храм Усекновения главы Иоанна Предтечи в Братееве,Храм Усекновения главы,исторический храм / монастырь,"Тихая архитектурная точка, заметная в исторической среде района. До ближайшего монумента — «Буран», около 1.50 км.",37.76495,1505,Буран,https://ru.wikipedia.org/wiki/%D0%A5%D1%80%D0%B0%D0%BC_%D0%A3%D1%81%D0%B5%D0%BA%D0%BD%D0%BE%D0%B2%D0%B5%D0%BD%D0%B8%D1%8F_%D0%93%D0%BB%D0%B0%D0%B2%D1%8B_%D0%98%D0%BE%D0%B0%D0%BD%D0%BD%D0%B0_%D0%9F%D1%80%D0%B5%D0%B4%D1%82%D0%B5%D1%87%D0%B8_%D0%B2_%D0%91%D1%80%D0%B0%D1%82%D0%B5%D0%B5%D0%B2%D0%B5,60
Храм Казанской иконы Божией Матери,Храм Казанской иконы,исторический храм / монастырь,"Тихая архитектурная точка, заметная в исторической среде района. До ближайшего монумента — «Спутник-1», около 1.49 км.",37.801839,1494,Спутник-1,https://ru.wikipedia.org/wiki/%D0%A5%D1%80%D0%B0%D0%BC_%D0%9A%D0%B0%D0%B7%D0%B0%D0%BD%D1%81%D0%BA%D0%BE%D0%B9_(%D0%9F%D0%B5%D1%81%D1%87%D0%B0%D0%BD%D1%81%D0%BA%D0%BE%D0%B9)_%D0%B8%D0%BA%D0%BE%D0%BD%D1%8B_%D0%91%D0%BE%D0%B6%D0%B8%D0%B5%D0%B9_%D0%9C%D0%B0%D1%82%D0%B5%D1%80%D0%B8_%D0%B2_%D0%98%D0%B7%D0%BC%D0%B0%D0%B9%D0%BB%D0%BE%D0%B2%D0%B5,60
Музей КБ Яковлева,Музей КБ Яковлева,музей,"Бывший музей авиации в Москве. До ближайшего монумента — «ЦСКА Арена», около 1.48 км.",37.523808,1479,ЦСКА Арена,,60
Церковь Успения Богородицы на Пресне,Церковь Успения Богородицы,исторический храм / монастырь,"Тихая архитектурная точка, заметная в исторической среде района. До ближайшего монумента — «Купание коней», около 1.45 км.",37.554644444,1448,Купание коней,https://ru.wikipedia.org/wiki/%D0%A6%D0%B5%D1%80%D0%BA%D0%BE%D0%B2%D1%8C_%D0%A3%D1%81%D0%BF%D0%B5%D0%BD%D0%B8%D1%8F_%D0%91%D0%BE%D0%B3%D0%BE%D1%80%D0%BE%D0%B4%D0%B8%D1%86%D1%8B_%D0%BD%D0%B0_%D0%9F%D1%80%D0%B5%D1%81%D0%BD%D0%B5,60
Ограда с воротами (Пресненский),Ограда воротами,историческое здание,"Можно рассмотреть фрагмент исторической застройки без музейной торжественности. Считается ценной частью городской среды. До ближайшего монумента — «Купание коней», около 1.40 км.",37.576124,1399,Купание коней,,60
Тихвинская церковь над северными воротами (Донской),Церковь северными воротами,исторический храм / монастырь,"Тихая архитектурная точка, заметная в исторической среде района. Есть федеральный охранный статус. До ближайшего монумента — «Дом-корабль», около 1.40 км.",37.60160031,1398,Дом-корабль,,60
Яузская улица 1/15 c5,Яузская улица 1,историческое здание,"Южный флигель. Историческое здание в Москве, памятник архитектуры. До ближайшего монумента — «Усадьба Морозовых», около 1.40 км.",37.64426131,1398,Усадьба Морозовых,,60
Переулок Хользунова 14 с1,Переулок Хользунова 14,историческое здание,"Здание Московской классической гимназии в Москве, памятник архитектуры. До ближайшего монумента — «Фигурный фонтан», около 1.40 км.",37.57917836,1398,Фигурный фонтан,,60
Пристройка к северным воротам (кельи у северных ворот) (Донской),Пристройка к северным,историческое здание,"Можно рассмотреть фрагмент исторической застройки без музейной торжественности. Есть федеральный охранный статус. До ближайшего монумента — «Дом-корабль», около 1.40 км.",37.60160031,1398,Дом-корабль,,60
улица Радио 10А c1,Улица Радио 10А,историческое здание,"Главный дом. Историческое здание в Москве, памятник архитектуры. До ближайшего монумента — «Колокольня», около 1.40 км.",37.67550471,1397,Колокольня,,60
Ограда госпиталя Бурденко вдоль Госпитального Вала,Ограда госпиталя Бурденко,историческое здание,"Ограда с воротами в Москве. До ближайшего монумента — «Су-27», около 1.40 км.",37.70094,1397,Су-27,,60
Корпус казарм для рабочих (Донской),Корпус казарм рабочих,историческое здание,"Выделяется силуэтом или масштабом в окружающей застройке. Есть выявленный охранный статус. До ближайшего монумента — «Дом-корабль», около 1.40 км.",37.60745733,1397,Дом-корабль,,60
Новая Басманная улица 9 с8,Новая Басманная улица,историческое здание,"Можно рассмотреть фрагмент исторической застройки без музейной торжественности. Считается ценной частью городской среды. До ближайшего монумента — «Доходный дом Перлова», около 1.40 км.",37.655143,1397,Доходный дом Перлова,,60
Переулок Хользунова 7,Переулок Хользунова 7,историческое здание,"Можно рассмотреть фрагмент исторической застройки без музейной торжественности. Есть выявленный охранный статус. До ближайшего монумента — «Way to ducks!», около 1.40 км.",37.57711,1396,Way to ducks!,,60
"Новая Басманная улица 14, Дом доходный (восточный)",Новая Басманная улица,историческое здание,"Можно рассмотреть фрагмент исторической застройки без музейной торжественности. Есть охранный статус. До ближайшего монумента — «Колокольня», около 1.39 км.",37.65867,1394,Колокольня,,60
Электрическая станция фабрики «Трехгорная мануфактура» (Пресненский),Электрическая станция фабрики,вокзал / транспортный объект,"Интересно как часть городской инфраструктуры и повседневного движения Москвы. Есть охранный статус. До ближайшего монумента — «Пионер», около 1.39 км.",37.56398785,1394,Пионер,,60
Главный корпус электростанции Трёхгорной мануфактуры,Главный корпус электростанции,историческое здание,"Выделяется силуэтом или масштабом в окружающей застройке. Есть региональный охранный статус. До ближайшего монумента — «Пионер», около 1.39 км.",37.56398785,1394,Пионер,,60
Хозяйственный корпус (конюшни и сараи) (Донской),Хозяйственный корпус конюшни,историческое здание,"Выделяется силуэтом или масштабом в окружающей застройке. Есть выявленный охранный статус. До ближайшего монумента — «Дом-корабль», около 1.39 км.",37.60702614,1393,Дом-корабль,,60
Самокатная улица 4 c1,Самокатная улица 4,историческое здание,"Главный корпус. Историческое здание в Москве, памятник архитектуры. До ближайшего монумента — «Усадьба Морозовых», около 1.39 км.",37.67701388,1392,Усадьба Морозовых,,60
Флигель (северный) (Басманный),Флигель северный,историческое здание,"Можно рассмотреть фрагмент исторической застройки без музейной торжественности. Есть охранный статус. До ближайшего монумента — «Усадьба Морозовых», около 1.39 км.",37.653355,1392,Усадьба Морозовых,,60
Ограда с воротами (Хамовники),Ограда воротами,историческое здание,"Можно рассмотреть фрагмент исторической застройки без музейной торжественности. Есть региональный охранный статус. До ближайшего монумента — «Пётр l», около 1.39 км.",37.587757,1391,Пётр l,,60
Веерное депо Подмосковная с поворотным кругом,Веерное депо Подмосковная,историческое здание,"Здание веерного депо Подмосковная в Москве. До ближайшего монумента — «Ерунда», около 1.39 км.",37.530106,1390,Ерунда,,60
Здание духовной семинарии у западных ворот (Донской),Здание духовной семинарии,историческое здание,"Можно рассмотреть фрагмент исторической застройки без музейной торжественности. Есть федеральный охранный статус. До ближайшего монумента — «Дом-корабль», около 1.39 км.",37.60094454,1390,Дом-корабль,,60
Монастырская канцелярия (палаты) у западных ворот (Донской),Монастырская канцелярия палаты,исторический храм / монастырь,"Можно увидеть редкий для Москвы слой старой каменной застройки. Есть федеральный охранный статус. До ближайшего монумента — «Дом-корабль», около 1.39 км.",37.60094454,1390,Дом-корабль,,60
Флигель (Пресненский),Флигель,историческое здание,"Можно рассмотреть фрагмент исторической застройки без музейной торжественности. Есть выявленный охранный статус. До ближайшего монумента — «Cheapshot HQ», около 1.39 км.",37.5715337,1390,Cheapshot HQ,,60
Административный корпус (Таганский),Административный корпус,историческое здание,"Выделяется силуэтом или масштабом в окружающей застройке. Есть выявленный охранный статус. До ближайшего монумента — «Футболисты», около 1.39 км.",37.65762824,1390,Футболисты,,60
Ансамбль жилых домов (Южнопортовый),Ансамбль жилых домов,историческое здание,"Можно рассмотреть фрагмент исторической застройки без музейной торжественности. Считается ценной частью городской среды. До ближайшего монумента — «Остров мечты», около 1.39 км.",37.684244,1389,Остров мечты,,60
Городской родильный дом имени А.А. Абрикосовой (Тверской),Роддом Абрикосовой,историческое здание,"Можно рассмотреть фрагмент исторической застройки без музейной торжественности. Считается ценной частью городской среды. До ближайшего монумента — «Всем влюбленным», около 1.39 км.",37.589463,1389,Всем влюбленным,,60
Ограда и сторожка (Таганский),Ограда сторожка,историческое здание,"Можно рассмотреть фрагмент исторической застройки без музейной торжественности. Есть выявленный охранный статус. До ближайшего монумента — «Усадьба Ардалионова», около 1.39 км.",37.656835,1388,Усадьба Ардалионова,,60
улица Косыгина 17 корпус 1 главный корпус,Музей улица Косыгина,музей,"Хороший вариант для короткого визита, если интересны экспозиции и локальные коллекции. Есть региональный охранный статус. До ближайшего монумента — «Арена Лужники», около 1.39 км.",37.55445673,1386,Арена Лужники,,60
Летний дом (дача) (Строгино),Летний дом дача,историческое здание,"Можно рассмотреть фрагмент исторической застройки без музейной торжественности. Есть выявленный охранный статус. До ближайшего монумента — «Парк», около 1.39 км.",37.40242585,1386,Парк,,60
Усадьба Карзинкиных (Строгино),Усадьба Карзинкиных,усадьба / дворец / особняк,"Подойдёт для спокойного знакомства с московской усадебной архитектурой. Есть выявленный охранный статус. До ближайшего монумента — «Парк», около 1.39 км.",37.40242585,1386,Парк,,60
Ограда и пилоны ворот со скульптурными группами «Изобилие» (Якиманка),Ограда пилоны ворот,историческое здание,"Можно рассмотреть фрагмент исторической застройки без музейной торжественности. Есть федеральный охранный статус. До ближайшего монумента — «Фигурный фонтан», около 1.39 км.",37.591438,1386,Фигурный фонтан,,60
Старая Басманная улица 19 с13,Старая Басманная улица,историческое здание,"Службы. Историческое здание в Москве, памятник архитектуры. До ближайшего монумента — «Колокольня», около 1.39 км.",37.66211981,1385,Колокольня,,60
Эрмитаж (Черёмушки),Эрмитаж,историческое здание,"Можно рассмотреть фрагмент исторической застройки без музейной торжественности. Есть федеральный охранный статус. До ближайшего монумента — «Первая Хрущёвка», около 1.39 км.",37.58650862,1385,Первая Хрущёвка,,60
Жилой флигель (Хамовники),Жилой флигель,историческое здание,"Можно рассмотреть фрагмент исторической застройки без музейной торжественности. Есть выявленный охранный статус. До ближайшего монумента — «Пётр l», около 1.39 км.",37.5873171,1385,Пётр l,,60
Учебно-лабораторный корпус Военно-промышленной академии (Басманный),Учебно-лабораторный корпус Военно-промышленной,историческое здание,"Выделяется силуэтом или масштабом в окружающей застройке. Считается ценной частью городской среды. До ближайшего монумента — «Усадьба Морозовых», около 1.39 км.",37.648093,1385,Усадьба Морозовых,,60
Музей Международного нумизматического клуба,Музей Международного нумизматического,музей,"Сохраняет память о районной культурной жизни и общественных пространствах. До ближайшего монумента — «Пётр l», около 1.38 км.",37.5972,1384,Пётр l,https://ru.wikipedia.org/wiki/%D0%9C%D1%83%D0%B7%D0%B5%D0%B9_%D0%9C%D0%B5%D0%B6%D0%B4%D1%83%D0%BD%D0%B0%D1%80%D0%BE%D0%B4%D0%BD%D0%BE%D0%B3%D0%BE_%D0%BD%D1%83%D0%BC%D0%B8%D0%B7%D0%BC%D0%B0%D1%82%D0%B8%D1%87%D0%B5%D1%81%D0%BA%D0%BE%D0%B3%D0%BE_%D0%BA%D0%BB%D1%83%D0%B1%D0%B0,60
Самокатная улица 4 c2,Самокатная улица 4,историческое здание,"Можно рассмотреть фрагмент исторической застройки без музейной торжественности. Есть выявленный охранный статус. До ближайшего монумента — «Усадьба Морозовых», около 1.38 км.",37.67562149,1384,Усадьба Морозовых,,60
Корпус лектория с «Залом 100 фонарей» и «Пионерским кафе» с открытой террасой в подпорной стене из «рваного камня» (Гагаринский),Корпус лектория Залом,историческое здание,"Выделяется силуэтом или масштабом в окружающей застройке. Есть выявленный охранный статус. До ближайшего монумента — «Арена Лужники», около 1.38 км.",37.555912,1384,Арена Лужники,,60
Детский театр с панно «Любимые литературные герои» в фойе (Гагаринский),Театр панно Любимые,театр,"Камерная культурная точка для тех, кто ищет районную сцену. Есть выявленный охранный статус. До ближайшего монумента — «МГУ», около 1.38 км.",37.55285773,1384,МГУ,,60
Тимирязевская улица 58,Тимирязевская улица 58,историческое здание,"Здание общежития, кухни и столовой Сельскохозяйственной академии имени К.А. До ближайшего монумента — «Tram station», около 1.38 км.",37.5502396,1384,Tram station,,60
улица Радио 10 c1,Улица Радио 10,историческое здание,"Флигель восточный. Историческое здание в Москве, памятник архитектуры. До ближайшего монумента — «Колокольня», около 1.38 км.",37.67753491,1383,Колокольня,,60
Самокатная улица 3/8 строения 2 16 17,Самокатная улица 3,историческое здание,"Можно рассмотреть фрагмент исторической застройки без музейной торжественности. Есть федеральный охранный статус. До ближайшего монумента — «Су-27», около 1.38 км.",37.68033,1383,Су-27,,60
Хозяйственная постройка усадьбы С.С. Румянцева (Таганский),Усадьба Румянцева,усадьба / дворец / особняк,"Подойдёт для спокойного знакомства с московской усадебной архитектурой. Считается ценной частью городской среды. До ближайшего монумента — «Доходный дом Перлова», около 1.38 км.",37.643369,1383,Доходный дом Перлова,,60
"улица Радио 23/9 c1, Здание НИИ черной металлургии",Улица Радио 23,историческое здание,"Здание НИИ черной металлургии. До ближайшего монумента — «Су-27», около 1.38 км.",37.68334701,1382,Су-27,,60
Усадьба Дурасовых (Басманный),Усадьба Дурасовых,усадьба / дворец / особняк,"Подойдёт для спокойного знакомства с московской усадебной архитектурой. Есть охранный статус. До ближайшего монумента — «Доходный дом Перлова», около 1.38 км.",37.648758,1382,Доходный дом Перлова,,60
Улица Россолимо 11 с1,Улица Россолимо 11,историческое здание,"Можно рассмотреть фрагмент исторической застройки без музейной торжественности. Считается ценной частью городской среды. До ближайшего монумента — «Фигурный фонтан», около 1.38 км.",37.581362,1382,Фигурный фонтан,,60
Здание уборной на станции Угрешская,Здание уборной станции,историческое здание,"Можно рассмотреть фрагмент исторической застройки без музейной торжественности. Есть региональный охранный статус. До ближайшего монумента — «Футболисты», около 1.38 км.",37.6882,1381,Футболисты,,60
Зимний дом (Котловка),Зимний дом,историческое здание,"Можно рассмотреть фрагмент исторической застройки без музейной торжественности. Есть федеральный охранный статус. До ближайшего монумента — «Первая Хрущёвка», около 1.38 км.",37.585337,1381,Первая Хрущёвка,,60
Колокольня (Таганский),Колокольня,историческое здание,"Можно рассмотреть фрагмент исторической застройки без музейной торжественности. Есть федеральный охранный статус. До ближайшего монумента — «Усадьба Морозовых», около 1.38 км.",37.64451284,1380,Усадьба Морозовых,,60
Церковь Смоленской Богоматери,Церковь Смоленской Богоматери,исторический храм / монастырь,"Церковь в районе Сокольники, Москва. До ближайшего монумента — «Большой розарий», около 1.38 км.",37.69187202,1379,Большой розарий,,60
Городской училищный дом имени В.А. Бахрушина,Дом Бахрушина,историческое здание,"Заметный след старой образовательной городской среды. Сохраняет признаки объекта наследия. До ближайшего монумента — «Пётр l», около 1.38 км.",37.586311,1379,Пётр l,,60
Верхняя Красносельская улица 11а c6,Усадьба,усадьба / дворец / особняк,"Флигель городской усадьбы (южный). До ближайшего монумента — «Колокольня», около 1.38 км.",37.66176049,1377,Колокольня,,60
Верхняя Красносельская улица 11а,Верхняя Красносельская улица,историческое здание,"Можно рассмотреть фрагмент исторической застройки без музейной торжественности. Считается ценной частью городской среды. До ближайшего монумента — «Колокольня», около 1.38 км.",37.662048,1377,Колокольня,,60
Башни № 1 и 12 — квадратные на западной стене (Донской),Башни 1 12,знаковое современное здание,"Можно рассмотреть фрагмент исторической застройки без музейной торжественности. Есть федеральный охранный статус. До ближайшего монумента — «Дом-корабль», около 1.38 км.",37.600253,1377,Дом-корабль,,60
Особняк винозаводчика П.А. Смирнова (Лефортово),Особняк Смирнова,усадьба / дворец / особняк,"Подойдёт для спокойного знакомства с московской усадебной архитектурой. Считается ценной частью городской среды. До ближайшего монумента — «Усадьба Морозовых», около 1.38 км.",37.673043,1377,Усадьба Морозовых,,60
Ограда (Отрадное),Ограда,историческое здание,"Можно рассмотреть фрагмент исторической застройки без музейной торжественности. Есть федеральный охранный статус. До ближайшего монумента — «Ботанический сад», около 1.38 км.",37.5837752,1376,Ботанический сад,,60
Главный дом с палатами и фундаментом оранжереи (Басманный),Главный дом палатами,усадьба / дворец / особняк,"Можно увидеть редкий для Москвы слой старой каменной застройки. Есть федеральный охранный статус. До ближайшего монумента — «Усадьба Морозовых», около 1.38 км.",37.65434939,1376,Усадьба Морозовых,,60
Южный вестибюль станции метро Автозаводская,Южный вестибюль станции,историческое здание,"Наземный вестибюль станции метро Автозаводская. До ближайшего монумента — «Футболисты», около 1.38 км.",37.65752044,1375,Футболисты,,60
Поминальный дом (Пресненский),Поминальный дом,историческое здание,"Можно рассмотреть фрагмент исторической застройки без музейной торжественности. Есть выявленный охранный статус. До ближайшего монумента — «Купание коней», около 1.37 км.",37.55504,1374,Купание коней,,60
"Новая Басманная улица 14 c1, Фонтан Богиня Ночи у дома Стахеева",Новая Басманная улица,историческое здание,"Фонтан у дома Стахеева, памятник архитектуры. До ближайшего монумента — «Колокольня», около 1.37 км.",37.65839,1373,Колокольня,,60
"Верхняя Красносельская улица 7 c1, Городская усадьба",Усадьба,усадьба / дворец / особняк,"Подойдёт для спокойного знакомства с московской усадебной архитектурой. Есть выявленный охранный статус. До ближайшего монумента — «Большой розарий», около 1.37 км.",37.66083,1372,Большой розарий,,60
"Ограда по Ленинскому проспекту, ул. Ляпунова и ул. Губкина (Гагаринский)",Ограда Ленинскому проспекту,историческое здание,"Ограда по Ленинскому проспекту, ул. Ляпунова и ул. До ближайшего монумента — «Первая Хрущёвка», около 1.37 км.",37.56533,1372,Первая Хрущёвка,,60
улица Радио 10 c2А,Улица Радио 10,историческое здание,"Кухонный и людской флигели. До ближайшего монумента — «Колокольня», около 1.37 км.",37.67648388,1371,Колокольня,,60
Ограда (Басманный),Ограда,историческое здание,"Можно рассмотреть фрагмент исторической застройки без музейной торжественности. Есть выявленный охранный статус. До ближайшего монумента — «Доходный дом Перлова», около 1.37 км.",37.64693,1371,Доходный дом Перлова,,60
Люблинская улица 72 с24,Люблинская улица 72,историческое здание,"Можно рассмотреть фрагмент исторической застройки без музейной торжественности. Сохраняет признаки объекта наследия. До ближайшего монумента — «Ice park», около 1.37 км.",37.737256,1370,Ice park,,60
Манеж (Тимирязевский),Манеж,историческое здание,"Можно рассмотреть фрагмент исторической застройки без музейной торжественности. Есть федеральный охранный статус. До ближайшего монумента — «НАМИ», около 1.37 км.",37.54877938,1369,НАМИ,,60
Ансамбль студенческого общежития им. С.В. Лепёшкина Императорского Московского Университета (Арбат),Ансамбль студенческого общежития,историческое здание,"Ансамбль студенческого общежития им. С.В. До ближайшего монумента — «Пётр l», около 1.37 км.",37.59826756,1369,Пётр l,,60
Столовая (Арбат),Столовая,историческое здание,"Можно рассмотреть фрагмент исторической застройки без музейной торжественности. Есть выявленный охранный статус. До ближайшего монумента — «Пётр l», около 1.37 км.",37.59826756,1369,Пётр l,,60
Городская усадьба Г.В. Четверикова – Е.Н. Малютина – А.Я. Елагиной (Басманный),Усадьба Четверикова,усадьба / дворец / особняк,"Городская усадьба Г.В. Четверикова – Е.Н. До ближайшего монумента — «Усадьба Морозовых», около 1.37 км.",37.653209,1369,Усадьба Морозовых,,60
Дом причта,Дом причта,историческое здание,"Можно рассмотреть фрагмент исторической застройки без музейной торжественности. Сохраняет признаки объекта наследия. До ближайшего монумента — «Усадьба Морозовых», около 1.37 км.",37.647825,1369,Усадьба Морозовых,,60
Музей леса имени А.Р. Варгаса де Бедемара,Музей Варгаса,музей,"Хороший вариант для короткого визита, если интересны экспозиции и локальные коллекции. До ближайшего монумента — «НАМИ», около 1.37 км.",37.54889,1368,НАМИ,https://ru.wikipedia.org/wiki/%D0%9C%D1%83%D0%B7%D0%B5%D0%B9_%D0%BB%D0%B5%D1%81%D0%B0_%D0%B8%D0%BC%D0%B5%D0%BD%D0%B8_%D0%90._%D0%A0._%D0%92%D0%B0%D1%80%D0%B3%D0%B0%D1%81%D0%B0_%D0%B4%D0%B5_%D0%91%D0%B5%D0%B4%D0%B5%D0%BC%D0%B0%D1%80%D0%B0,60
Корпус Кунцевского игольного завода с встроенным корпусом текстильной фабрики Беляева (Можайский),Корпус Кунцевского игольного,историческое здание,"Выделяется силуэтом или масштабом в окружающей застройке. Сохраняет признаки объекта наследия. До ближайшего монумента — «Дача Д. Филиппова», около 1.37 км.",37.419935,1368,Дача Д. Филиппова,,60
Жилые дома М.О. Лопыревского (Арбат),Дома Лопыревского,историческое здание,"Можно рассмотреть фрагмент исторической застройки без музейной торжественности. Есть региональный охранный статус. До ближайшего монумента — «Cheapshot HQ», около 1.37 км.",37.59240157,1368,Cheapshot HQ,,60
Школа № 3 Московской окружной железной дороги,Школа 3 Московской,историческое здание,"Заметный след старой образовательной городской среды. Сохраняет признаки объекта наследия. До ближайшего монумента — «НАМИ», около 1.37 км.",37.519899,1368,НАМИ,,60
Государственный архив Российской Федерации,Архив Российской Федерации,историческое здание,"Можно рассмотреть фрагмент исторической застройки без музейной торжественности. Есть федеральный охранный статус. До ближайшего монумента — «Way to ducks!», около 1.37 км.",37.575631,1368,Way to ducks!,,60
Музей пограничных войск,Музей пограничных войск,музей,"Хороший вариант для короткого визита, если интересны экспозиции и локальные коллекции. До ближайшего монумента — «Усадьба Морозовых», около 1.37 км.",37.64535833,1367,Усадьба Морозовых,https://ru.wikipedia.org/wiki/%D0%9C%D1%83%D0%B7%D0%B5%D0%B9_%D0%BF%D0%BE%D0%B3%D1%80%D0%B0%D0%BD%D0%B8%D1%87%D0%BD%D1%8B%D1%85_%D0%B2%D0%BE%D0%B9%D1%81%D0%BA,60
Усадьба «Ивановское» (Ивановское),Усадьба Ивановское,усадьба / дворец / особняк,"Подойдёт для спокойного знакомства с московской усадебной архитектурой. Есть федеральный охранный статус. До ближайшего монумента — «Колокол Реут», около 1.37 км.",37.83856,1367,Колокол Реут,,60
Баня (кухня настоятельская) (Донской),Баня кухня настоятельская,историческое здание,"Можно рассмотреть фрагмент исторической застройки без музейной торжественности. Есть федеральный охранный статус. До ближайшего монумента — «Дом-корабль», около 1.37 км.",37.6021932,1366,Дом-корабль,,60
Музейный склад (хранилище) (Пресненский),Музей Музейный склад,музей,"Хороший вариант для короткого визита, если интересны экспозиции и локальные коллекции. Есть федеральный охранный статус. До ближайшего монумента — «Cheapshot HQ», около 1.37 км.",37.57131811,1366,Cheapshot HQ,,60
Административно-жилой корпус (Тверской),Административно-жилой корпус,историческое здание,"Выделяется силуэтом или масштабом в окружающей застройке. Есть региональный охранный статус. До ближайшего монумента — «Еврейский музей», около 1.37 км.",37.59206021,1366,Еврейский музей,,60
Усадьба Ф.А. Толстого – Карзинкиных (Басманный),Усадьба Толстого,усадьба / дворец / особняк,"Подойдёт для спокойного знакомства с московской усадебной архитектурой. Есть выявленный охранный статус. До ближайшего монумента — «Доходный дом Перлова», около 1.37 км.",37.646384,1366,Доходный дом Перлова,,60
Госпитальная площадь 1-3 c10,Госпитальная площадь 1-3,историческое здание,"Можно рассмотреть фрагмент исторической застройки без музейной торжественности. Есть выявленный охранный статус. До ближайшего монумента — «Колокольня», около 1.36 км.",37.69629173,1365,Колокольня,,60
Госпитальная площадь 2 корпус 37,Госпитальная площадь 2,историческое здание,"Выделяется силуэтом или масштабом в окружающей застройке. Есть федеральный охранный статус. До ближайшего монумента — «Су-27», около 1.36 км.",37.70193315,1365,Су-27,,60
Главный дом (Басманный),Главный дом,историческое здание,"Можно рассмотреть фрагмент исторической застройки без музейной торжественности. Есть региональный охранный статус. До ближайшего монумента — «Усадьба Морозовых», около 1.36 км.",37.65337921,1365,Усадьба Морозовых,,60
Железнодорожный путепровод на Батайской улице (Люблино),Железнодорожный путепровод,историческое здание,"Можно рассмотреть фрагмент исторической застройки без музейной торжественности. Сохраняет признаки объекта наследия. До ближайшего монумента — «Ice park», около 1.36 км.",37.733078,1363,Ice park,,60
Церковь (Таганский),Церковь,исторический храм / монастырь,"Тихая архитектурная точка, заметная в исторической среде района. Есть федеральный охранный статус. До ближайшего монумента — «Усадьба Морозовых», около 1.36 км.",37.64492606,1362,Усадьба Морозовых,,60
Белокаменные пилоны ворот (Басманный),Белокаменные пилоны ворот,историческое здание,"Можно рассмотреть фрагмент исторической застройки без музейной торжественности. Есть федеральный охранный статус. До ближайшего монумента — «Усадьба Морозовых», около 1.36 км.",37.653748,1362,Усадьба Морозовых,,60
Административное здание (Красносельский),Административное здание,историческое здание,"Можно рассмотреть фрагмент исторической застройки без музейной торжественности. Считается ценной частью городской среды. До ближайшего монумента — «Колокольня», около 1.36 км.",37.65682,1362,Колокольня,,60
Корпус с моленной Успения Пресвятой Богородицы (Преображенское),Корпус моленной Успения,историческое здание,"Выделяется силуэтом или масштабом в окружающей застройке. Есть федеральный охранный статус. До ближайшего монумента — «Дворец на Яузе», около 1.36 км.",37.719881,1361,Дворец на Яузе,,60
Пилоны ворот (Хамовники),Пилоны ворот,историческое здание,"Можно рассмотреть фрагмент исторической застройки без музейной торжественности. Есть региональный охранный статус. До ближайшего монумента — «Пётр l», около 1.36 км.",37.587306,1361,Пётр l,,60
Церковь святителя Иоанна Златоуста и великомученицы Екатерины (усыпальница Первушиных) (Донской),Церковь святителя Иоанна,исторический храм / монастырь,"Тихая архитектурная точка, заметная в исторической среде района. Есть федеральный охранный статус. До ближайшего монумента — «Дом-корабль», около 1.36 км.",37.602167,1360,Дом-корабль,,60
"улица Преображенский Вал 17Б c7, Кельи",Улица Преображенский Вал,историческое здание,"Можно рассмотреть фрагмент исторической застройки без музейной торжественности. Есть региональный охранный статус. До ближайшего монумента — «Дворец на Яузе», около 1.36 км.",37.7173662,1360,Дворец на Яузе,,60
Госпитальная площадь 1-3 c5,Госпитальная площадь 1-3,историческое здание,"Можно рассмотреть фрагмент исторической застройки без музейной торжественности. Есть федеральный охранный статус. До ближайшего монумента — «Су-27», около 1.36 км.",37.7001994,1360,Су-27,,60
Государственный биологический музей им. К. А. Тимирязева,Музей Тимирязева,музей,"Государственный биологический музей им. К. До ближайшего монумента — «Cheapshot HQ», около 1.36 км.",37.5715337,1359,Cheapshot HQ,https://ru.wikipedia.org/wiki/%D0%91%D0%B8%D0%BE%D0%BB%D0%BE%D0%B3%D0%B8%D1%87%D0%B5%D1%81%D0%BA%D0%B8%D0%B9_%D0%BC%D1%83%D0%B7%D0%B5%D0%B9_%D0%B8%D0%BC%D0%B5%D0%BD%D0%B8_%D0%9A._%D0%90._%D0%A2%D0%B8%D0%BC%D0%B8%D1%80%D1%8F%D0%B7%D0%B5%D0%B2%D0%B0,60
"улица Преображенский Вал 17 c6, Четыре башни и два прясла стены",Улица Преображенский Вал,знаковое современное здание,"Четыре башни и два прясла стены. До ближайшего монумента — «Дворец на Яузе», около 1.36 км.",37.71996234,1359,Дворец на Яузе,,60
улица Прянишникова 21,Улица Прянишникова 21,исторический храм / монастырь,"Дом священника храма апостолов Петра и Павла в Петровско-Разумовском. До ближайшего монумента — «НАМИ», около 1.36 км.",37.55041431,1359,НАМИ,,60
Главный дом (Можайский),Главный дом,историческое здание,"Можно рассмотреть фрагмент исторической застройки без музейной торжественности. Есть региональный охранный статус. До ближайшего монумента — «Hypercube», около 1.36 км.",37.341483,1359,Hypercube,,60
Новый музей (Пресненский),Музей Пресненский,музей,"Хороший вариант для короткого визита, если интересны экспозиции и локальные коллекции. Есть федеральный охранный статус. До ближайшего монумента — «Cheapshot HQ», около 1.36 км.",37.5715337,1359,Cheapshot HQ,,60
Мемориальная синагога на Поклонной горе,Музей Мемориальная синагога,музей,"Хороший вариант для короткого визита, если интересны экспозиции и локальные коллекции. До ближайшего монумента — «Круглый дом», около 1.36 км.",37.496277777,1358,Круглый дом,https://ru.wikipedia.org/wiki/%D0%9C%D0%B5%D0%BC%D0%BE%D1%80%D0%B8%D0%B0%D0%BB%D1%8C%D0%BD%D0%B0%D1%8F_%D1%81%D0%B8%D0%BD%D0%B0%D0%B3%D0%BE%D0%B3%D0%B0_%D0%BD%D0%B0_%D0%9F%D0%BE%D0%BA%D0%BB%D0%BE%D0%BD%D0%BD%D0%BE%D0%B9_%D0%B3%D0%BE%D1%80%D0%B5,60
"Верхняя Красносельская улица 7 c1, Главный дом",Верхняя Красносельская улица,историческое здание,"Можно рассмотреть фрагмент исторической застройки без музейной торжественности. Есть выявленный охранный статус. До ближайшего монумента — «Большой розарий», около 1.36 км.",37.66101489,1358,Большой розарий,,60
Лечебный корпус (Донской),Лечебный корпус,историческое здание,"Выделяется силуэтом или масштабом в окружающей застройке. Есть региональный охранный статус. До ближайшего монумента — «Дом-корабль», около 1.36 км.",37.60435814,1358,Дом-корабль,,60
Братский корпус (квасоварня) (Донской),Братский корпус квасоварня,историческое здание,"Выделяется силуэтом или масштабом в окружающей застройке. Есть федеральный охранный статус. До ближайшего монумента — «Дом-корабль», около 1.36 км.",37.60071098,1358,Дом-корабль,,60
Ансамбль зданий Высших женских курсов (Хамовники),Ансамбль зданий Высших,историческое здание,"Можно рассмотреть фрагмент исторической застройки без музейной торжественности. Есть региональный охранный статус. До ближайшего монумента — «Way to ducks!», около 1.36 км.",37.576303,1358,Way to ducks!,,60
Ограда (Ивановское),Ограда,историческое здание,"Можно рассмотреть фрагмент исторической застройки без музейной торжественности. Есть федеральный охранный статус. До ближайшего монумента — «Колокол Реут», около 1.36 км.",37.83836,1357,Колокол Реут,,60
Главный дом (Хамовники),Главный дом,историческое здание,"Можно рассмотреть фрагмент исторической застройки без музейной торжественности. Есть региональный охранный статус. До ближайшего монумента — «Пётр l», около 1.36 км.",37.58729913,1357,Пётр l,,60
2-й инструментальный цех (Даниловский),2-й инструментальный цех,историческое здание,"Можно рассмотреть фрагмент исторической застройки без музейной торжественности. Считается ценной частью городской среды. До ближайшего монумента — «Дом-корабль», около 1.36 км.",37.640228,1357,Дом-корабль,,60
Ограда с воротами дома Стахеева,Ограда воротами дома,историческое здание,"Ограда дома Стахеева, памятник архитектуры. До ближайшего монумента — «Колокольня», около 1.36 км.",37.65858,1356,Колокольня,,60
Водоёмное здание (Печатники),Водоёмное здание,историческое здание,"Можно рассмотреть фрагмент исторической застройки без музейной торжественности. Есть региональный охранный статус. До ближайшего монумента — «Футболисты», около 1.36 км.",37.68683,1356,Футболисты,,60
Музей Ар Деко,Музей Ар Деко,музей,"Хороший вариант для короткого визита, если интересны экспозиции и локальные коллекции. До ближайшего монумента — «Арена Лужники», около 1.35 км.",37.573888888,1355,Арена Лужники,https://ru.wikipedia.org/wiki/%D0%9C%D1%83%D0%B7%D0%B5%D0%B9_%D0%B0%D1%80-%D0%B4%D0%B5%D0%BA%D0%BE,60
Покровский бульвар 16-18 с2,Покровский бульвар 16-18,историческое здание,"Место для прогулки и передышки от плотной городской застройки. Есть выявленный охранный статус. До ближайшего монумента — «Доходный дом Перлова», около 1.35 км.",37.646941,1355,Доходный дом Перлова,,60
"Дом (мастерская), в котором жил скульптор Николай Андреевич Андреев в 1900-1932 гг. (Арбат)",Дом мастерская котором,историческое здание,"Дом (мастерская), в котором жил скульптор Николай Андреевич Андреев в 1900-1932 гг. До ближайшего монумента — «Пётр l», около 1.35 км.",37.59624636,1352,Пётр l,,60
"улица Радио 17 корпус 6, Мастерские",Улица Радио 17,историческое здание,"Выделяется силуэтом или масштабом в окружающей застройке. Есть региональный охранный статус. До ближайшего монумента — «Колокольня», около 1.35 км.",37.679663,1351,Колокольня,,60
Фирсановский дом для вдов и сирот (Пресненский),Фирсановский дом вдов,историческое здание,"Можно рассмотреть фрагмент исторической застройки без музейной торжественности. Считается ценной частью городской среды. До ближайшего монумента — «Купание коней», около 1.35 км.",37.575992,1351,Купание коней,,60
Яузский бульвар 9/6 c8,Яузский бульвар 9,историческое здание,"Место для прогулки и передышки от плотной городской застройки. Есть региональный охранный статус. До ближайшего монумента — «Усадьба Морозовых», около 1.35 км.",37.64653404,1350,Усадьба Морозовых,,60
Футбольное поле с трибунами (Гагаринский),Футбольное поле трибунами,спортивная арена / стадион,"Связано со спортивной жизнью города и крупными событиями района. Есть выявленный охранный статус. До ближайшего монумента — «Арена Лужники», около 1.35 км.",37.558768,1350,Арена Лужники,,60
Ограда с пилонами ворот (Басманный),Ограда пилонами ворот,историческое здание,"Можно рассмотреть фрагмент исторической застройки без музейной торжественности. Есть региональный охранный статус. До ближайшего монумента — «Усадьба Морозовых», около 1.35 км.",37.653608,1348,Усадьба Морозовых,,60
Пассажирское здание,Пассажирское здание,историческое здание,"Можно рассмотреть фрагмент исторической застройки без музейной торжественности. Есть региональный охранный статус. До ближайшего монумента — «Футболисты», около 1.35 км.",37.68764,1347,Футболисты,,60
Главный дом (Черёмушки),Главный дом,историческое здание,"Можно рассмотреть фрагмент исторической застройки без музейной торжественности. Есть федеральный охранный статус. До ближайшего монумента — «Первая Хрущёвка», около 1.35 км.",37.58689489,1347,Первая Хрущёвка,,60
Башня № 11 – круглая угловая юго-западная (Донской),Башня 11 круглая,знаковое современное здание,"Выделяется силуэтом или масштабом в окружающей застройке. Есть федеральный охранный статус. До ближайшего монумента — «Дом-корабль», около 1.35 км.",37.600396,1347,Дом-корабль,,60
Дом «Окружное строение» (Таганский),Дом Окружное строение,историческое здание,"Можно рассмотреть фрагмент исторической застройки без музейной торжественности. Есть федеральный охранный статус. До ближайшего монумента — «Дом Мёда», около 1.35 км.",37.64133,1347,Дом Мёда,,60
Комплекс церкви Рождества Богородицы во Владыкине (Отрадное),Комплекс церкви Рождества,историческое здание,"Можно рассмотреть фрагмент исторической застройки без музейной торжественности. Есть федеральный охранный статус. До ближайшего монумента — «Ботанический сад», около 1.34 км.",37.5840327,1345,Ботанический сад,,60
Городская усадьба Е.Н. Богданова – Е.В. Белоусовой – В.И. Сучковой (Хамовники),Усадьба Богданова,усадьба / дворец / особняк,"Городская усадьба Е.Н. Богданова – Е.В. Белоусовой – В.И. До ближайшего монумента — «Пётр l», около 1.34 км.",37.58756863,1345,Пётр l,,60
Новинский бульвар 5 c1,Усадьба,усадьба / дворец / особняк,"Главный дом городской усадьбы. До ближайшего монумента — «Cheapshot HQ», около 1.34 км.",37.58252908,1344,Cheapshot HQ,,60
Ансамбль домов причта храма Николая в Воробине,Ансамбль домов причта,исторический храм / монастырь,"Тихая архитектурная точка, заметная в исторической среде района. Сохраняет признаки объекта наследия. До ближайшего монумента — «Усадьба Морозовых», около 1.34 км.",37.648128,1344,Усадьба Морозовых,,60
Улица Короленко 3 с2,Улица Короленко 3,историческое здание,"Можно рассмотреть фрагмент исторической застройки без музейной торжественности. Есть региональный охранный статус. До ближайшего монумента — «Большой розарий», около 1.34 км.",37.69135099,1343,Большой розарий,,60
"Городская усадьба Шервудов, «Московские обозные мастерские» И.Ф. Терещенко – Главного Интендантского Управления (Донской)",Усадьба Шервудов,усадьба / дворец / особняк,"Городская усадьба Шервудов, «Московские обозные мастерские» И.Ф. До ближайшего монумента — «Фигурный фонтан», около 1.34 км.",37.5982496,1343,Фигурный фонтан,,60
Ограда с парадными воротами (Пресненский),Ограда парадными воротами,историческое здание,"Можно рассмотреть фрагмент исторической застройки без музейной торжественности. Есть федеральный охранный статус. До ближайшего монумента — «Cheapshot HQ», около 1.34 км.",37.57177,1342,Cheapshot HQ,,60
Большой вагонный сарай (Тверской),Большой вагонный сарай,историческое здание,"Можно рассмотреть фрагмент исторической застройки без музейной торжественности. Есть региональный охранный статус. До ближайшего монумента — «Еврейский музей», около 1.34 км.",37.5930753,1342,Еврейский музей,,60
Манеж с росписью (конюшни) (Якиманка),Манеж росписью конюшни,историческое здание,"Можно рассмотреть фрагмент исторической застройки без музейной торжественности. Есть федеральный охранный статус. До ближайшего монумента — «Фигурный фонтан», около 1.34 км.",37.593716,1342,Фигурный фонтан,,60
Механический цех (Таганский),Механический цех,историческое здание,"Можно рассмотреть фрагмент исторической застройки без музейной торжественности. Есть выявленный охранный статус. До ближайшего монумента — «Футболисты», около 1.34 км.",37.657154,1340,Футболисты,,60
Здание Московского высшего художественно-промышленного училища,Здание Московского высшего,историческое здание,"Заметный след старой образовательной городской среды. Есть региональный охранный статус. До ближайшего монумента — «Ерунда», около 1.34 км.",37.49826711,1340,Ерунда,,60
Ленинский проспект 53 c20 северная проходная,Ленинский проспект 53,историческое здание,"Можно рассмотреть фрагмент исторической застройки без музейной торжественности. Есть региональный охранный статус. До ближайшего монумента — «Первая Хрущёвка», около 1.34 км.",37.5649221,1339,Первая Хрущёвка,,60
Ограда с воротами (Алексеевский),Ограда воротами,историческое здание,"Можно рассмотреть фрагмент исторической застройки без музейной торжественности. Есть федеральный охранный статус. До ближайшего монумента — «Ростокинский акведук», около 1.34 км.",37.64338,1339,Ростокинский акведук,,60
Настоятельские покои (Донской),Настоятельские покои,историческое здание,"Можно рассмотреть фрагмент исторической застройки без музейной торжественности. Есть федеральный охранный статус. До ближайшего монумента — «Дом-корабль», около 1.34 км.",37.60217524,1339,Дом-корабль,,60
Городская усадьба Лодыженских-Загряжских-Рукавишниковых (Хамовники),Усадьба Лодыженских,усадьба / дворец / особняк,"Подойдёт для спокойного знакомства с московской усадебной архитектурой. Есть выявленный охранный статус. До ближайшего монумента — «Пётр l», около 1.34 км.",37.5880627,1339,Пётр l,,60
Флигель (Басманный),Флигель,историческое здание,"Можно рассмотреть фрагмент исторической застройки без музейной торжественности. Есть региональный охранный статус. До ближайшего монумента — «Усадьба Морозовых», около 1.34 км.",37.649126,1339,Усадьба Морозовых,,60
Северо-восточный корпус (прачечная) (Басманный),Северо-восточный корпус прачечная,историческое здание,"Выделяется силуэтом или масштабом в окружающей застройке. Есть охранный статус. До ближайшего монумента — «Колокольня», около 1.34 км.",37.696579,1339,Колокольня,,60
Дом причта,Дом причта,историческое здание,"Можно рассмотреть фрагмент исторической застройки без музейной торжественности. Сохраняет признаки объекта наследия. До ближайшего монумента — «Усадьба Морозовых», около 1.34 км.",37.648415,1339,Усадьба Морозовых,,60
Олсуфьевский переулок 6 c4,Олсуфьевский переулок 6,историческое здание,"Службы. Историческое здание в Москве, памятник архитектуры. До ближайшего монумента — «Фигурный фонтан», около 1.34 км.",37.58080432,1338,Фигурный фонтан,,60
Флигель (южный) (Басманный),Флигель южный,историческое здание,"Можно рассмотреть фрагмент исторической застройки без музейной торжественности. Есть охранный статус. До ближайшего монумента — «Усадьба Морозовых», около 1.34 км.",37.653602,1338,Усадьба Морозовых,,60
"Мрузовский переулок 12, Гараж Наркомпочтеля",Мрузовский переулок 12,историческое здание,"Напоминает об индустриальном слое московской архитектуры. Сохраняет признаки объекта наследия. До ближайшего монумента — «Усадьба Морозовых», около 1.34 км.",37.667662,1337,Усадьба Морозовых,,60
Люблинская улица 56/2 c1,Люблинская улица 56,историческое здание,"Техникум. Историческое здание в Москве, памятник архитектуры. До ближайшего монумента — «Ice park», около 1.34 км.",37.738234,1337,Ice park,,60
Особняк М.В. Булыгиной,Особняк Булыгиной,усадьба / дворец / особняк,"Подойдёт для спокойного знакомства с московской усадебной архитектурой. Сохраняет признаки объекта наследия. До ближайшего монумента — «Колокольня», около 1.34 км.",37.667449,1337,Колокольня,,60
"Хомутовский тупик 10 c1, Ограда",Хомутовский тупик 10,историческое здание,"Ограда исторического здания в Москве. До ближайшего монумента — «Доходный дом Перлова», около 1.34 км.",37.65655026,1336,Доходный дом Перлова,,60
Самокатная улица 4 c32,Самокатная улица 4,историческое здание,"Спиртоприемник. Историческое здание в Москве, памятник архитектуры. До ближайшего монумента — «Усадьба Морозовых», около 1.34 км.",37.67561251,1336,Усадьба Морозовых,,60
Колокольня (Ивановское),Колокольня,историческое здание,"Можно рассмотреть фрагмент исторической застройки без музейной торжественности. Есть федеральный охранный статус. До ближайшего монумента — «Колокол Реут», около 1.34 км.",37.838867,1336,Колокол Реут,,60
Ленинский проспект 53 c19 южная проходная,Ленинский проспект 53,историческое здание,"Можно рассмотреть фрагмент исторической застройки без музейной торжественности. Есть региональный охранный статус. До ближайшего монумента — «Первая Хрущёвка», около 1.33 км.",37.56457176,1335,Первая Хрущёвка,,60
Главный корпус госпиталя Бурденко,Главный корпус госпиталя,историческое здание,"Выделяется силуэтом или масштабом в окружающей застройке. Есть федеральный охранный статус. До ближайшего монумента — «Су-27», около 1.33 км.",37.695396,1335,Су-27,,60
Аудиторный корпус (Хамовники),Аудиторный корпус,историческое здание,"Выделяется силуэтом или масштабом в окружающей застройке. Есть выявленный охранный статус. До ближайшего монумента — «Way to ducks!», около 1.33 км.",37.57623,1335,Way to ducks!,,60
"улица Преображенский Вал 17Б c6, Успенский корпус (мужские палаты)",улица Преображенский Вал,усадьба / дворец / особняк,"Успенский корпус (мужские палаты). До ближайшего монумента — «Дворец на Яузе», около 1.33 км.",37.71816571,1334,Дворец на Яузе,,60
Производственный корпус обозных мастерских (Донской),Производственный корпус обозных,историческое здание,"Выделяется силуэтом или масштабом в окружающей застройке. Есть региональный охранный статус. До ближайшего монумента — «Фигурный фонтан», около 1.33 км.",37.60123201,1334,Фигурный фонтан,,60
Жилой коттедж (Котловка),Жилой коттедж,историческое здание,"Можно рассмотреть фрагмент исторической застройки без музейной торжественности. Считается ценной частью городской среды. До ближайшего монумента — «Первая Хрущёвка», около 1.33 км.",37.581477,1334,Первая Хрущёвка,,60
Саринский проезд 13 с4 Машинное здание (Таганский),Саринский проезд 13,историческое здание,"Можно рассмотреть фрагмент исторической застройки без музейной торжественности. Есть выявленный охранный статус. До ближайшего монумента — «Усадьба Ардалионова», около 1.33 км.",37.65628077,1333,Усадьба Ардалионова,,60
Жилые дома Братолюбивого общества снабжения неимущих квартирами для вдов и семейств убитых воинов (Пресненский),Жилые дома Братолюбивого,историческое здание,"Можно рассмотреть фрагмент исторической застройки без музейной торжественности. Сохраняет признаки объекта наследия. До ближайшего монумента — «Купание коней», около 1.33 км.",37.575315,1332,Купание коней,,60
Госпитальная площадь 1-3 c6,Госпитальная площадь 1-3,историческое здание,"Можно рассмотреть фрагмент исторической застройки без музейной торжественности. Есть федеральный охранный статус. До ближайшего монумента — «Су-27», около 1.33 км.",37.69975024,1331,Су-27,,60
Ограда с пилонами ворот (Басманный),Ограда пилонами ворот,историческое здание,"Можно рассмотреть фрагмент исторической застройки без музейной торжественности. Есть охранный статус. До ближайшего монумента — «Доходный дом Перлова», около 1.33 км.",37.648313,1331,Доходный дом Перлова,,60
Ансамбль строений Братолюбивого общества снабжения неимущих квартирами (Пресненский),Ансамбль строений Братолюбивого,историческое здание,"Можно рассмотреть фрагмент исторической застройки без музейной торжественности. Считается ценной частью городской среды. До ближайшего монумента — «Купание коней», около 1.33 км.",37.575541,1331,Купание коней,,60
Службы северо-западные (конюшенный флигель со светлицей) (Басманный),Службы северо-западные конюшенный,историческое здание,"Можно рассмотреть фрагмент исторической застройки без музейной торжественности. Есть выявленный охранный статус. До ближайшего монумента — «Доходный дом Перлова», около 1.33 км.",37.64643523,1330,Доходный дом Перлова,,60
наземный вестибюль станции метро Комсомольская-Кольцевая,Наземный вестибюль станции,историческое здание,"Историческое здание в Москве, памятник архитектуры. До ближайшего монумента — «Колокольня», около 1.33 км.",37.65621,1329,Колокольня,,60
Конюшни (конюшня и каретный сарай) (Донской),Конюшни конюшня каретный,историческое здание,"Можно рассмотреть фрагмент исторической застройки без музейной торжественности. Есть федеральный охранный статус. До ближайшего монумента — «Дом-корабль», около 1.33 км.",37.60092658,1329,Дом-корабль,,60
Службы (каретник) (Хамовники),Службы каретник,историческое здание,"Можно рассмотреть фрагмент исторической застройки без музейной торжественности. Есть региональный охранный статус. До ближайшего монумента — «Пётр l», около 1.33 км.",37.58776626,1329,Пётр l,,60
Госпитальная площадь 2 корпус 39,Госпитальная площадь 2,историческое здание,"Выделяется силуэтом или масштабом в окружающей застройке. Есть федеральный охранный статус. До ближайшего монумента — «Су-27», около 1.33 км.",37.70216671,1328,Су-27,,60
1-й Угрешский проезд 3в с5,1-й Угрешский проезд,историческое здание,"Можно рассмотреть фрагмент исторической застройки без музейной торжественности. Есть региональный охранный статус. До ближайшего монумента — «Футболисты», около 1.33 км.",37.68575,1328,Футболисты,,60
Доходные дома Н.М. Борщова (Арбат),Владение Борщова,историческое здание,"Можно рассмотреть фрагмент исторической застройки без музейной торжественности. Есть региональный охранный статус. До ближайшего монумента — «Пётр l», около 1.33 км.",37.59751298,1328,Пётр l,,60
Убежище для престарелых артистов Московских Императорских театров (Измайлово),Театр Убежище престарелых,театр,"Камерная культурная точка для тех, кто ищет районную сцену. Сохраняет признаки объекта наследия. До ближайшего монумента — «Передние ворота», около 1.33 км.",37.765687,1328,Передние ворота,,60
Электростанция Трёхгорной мануфактуры,Электростанция Трёхгорной мануфактуры,вокзал / транспортный объект,"Интересно как часть городской инфраструктуры и повседневного движения Москвы. Есть охранный статус. До ближайшего монумента — «Пионер», около 1.33 км.",37.562294,1327,Пионер,,60
Дом А.П. Кропоткина,Дом Кропоткина,историческое здание,"Можно рассмотреть фрагмент исторической застройки без музейной торжественности. Есть федеральный охранный статус. До ближайшего монумента — «Пётр l», около 1.33 км.",37.587668,1327,Пётр l,,60
Минералогический музей имени А. Е. Ферсмана РАН,Музей Ферсмана,музей,"Естественно-научный музей в Москве. До ближайшего монумента — «Фигурный фонтан», около 1.33 км.",37.59277778,1326,Фигурный фонтан,https://ru.wikipedia.org/wiki/%D0%9C%D0%B8%D0%BD%D0%B5%D1%80%D0%B0%D0%BB%D0%BE%D0%B3%D0%B8%D1%87%D0%B5%D1%81%D0%BA%D0%B8%D0%B9_%D0%BC%D1%83%D0%B7%D0%B5%D0%B9_%D0%B8%D0%BC%D0%B5%D0%BD%D0%B8_%D0%90._%D0%95._%D0%A4%D0%B5%D1%80%D1%81%D0%BC%D0%B0%D0%BD%D0%B0,60
Здание Московского государственного академического художественного училища памяти 1905 года (Марьина роща),Здание Московского государственного,историческое здание,"Заметный след старой образовательной городской среды. Есть охранный статус. До ближайшего монумента — «Еврейский музей», около 1.33 км.",37.62698,1326,Еврейский музей,,60
Городская усадьба П.П. Хрущёва – А.А. Котлярёва (Арбат),Усадьба Хрущёва,усадьба / дворец / особняк,"Подойдёт для спокойного знакомства с московской усадебной архитектурой. Есть региональный охранный статус. До ближайшего монумента — «Cheapshot HQ», около 1.33 км.",37.59930961,1326,Cheapshot HQ,,60
Главный дом (Арбат),Главный дом,историческое здание,"Можно рассмотреть фрагмент исторической застройки без музейной торжественности. Есть региональный охранный статус. До ближайшего монумента — «Cheapshot HQ», около 1.33 км.",37.58832321,1326,Cheapshot HQ,,60
Городская усадьба А.Г. Щепочкиной – Н.А. Львова (Арбат),Усадьба Щепочкиной,усадьба / дворец / особняк,"Подойдёт для спокойного знакомства с московской усадебной архитектурой. Есть региональный охранный статус. До ближайшего монумента — «Cheapshot HQ», около 1.33 км.",37.58832321,1326,Cheapshot HQ,,60
Тихвинская церковь (Алексеевский),Церковь,исторический храм / монастырь,"Тихая архитектурная точка, заметная в исторической среде района. Есть федеральный охранный статус. До ближайшего монумента — «Ростокинский акведук», около 1.32 км.",37.644251,1325,Ростокинский акведук,,60
Старая Басманная улица 21/4 c1,Старая Басманная улица,историческое здание,"Главный дом с двумя флигелями и полуциркульным корпусом парадного двора. До ближайшего монумента — «Колокольня», около 1.32 км.",37.66328762,1325,Колокольня,,60
Особняк С.К. Тронше с оградой,Особняк Тронше,усадьба / дворец / особняк,"Подойдёт для спокойного знакомства с московской усадебной архитектурой. Есть региональный охранный статус. До ближайшего монумента — «Доходный дом Перлова», около 1.32 км.",37.65644,1325,Доходный дом Перлова,,60
Братский корпус (кельи) (Донской),Братский корпус кельи,историческое здание,"Выделяется силуэтом или масштабом в окружающей застройке. Есть федеральный охранный статус. До ближайшего монумента — «Дом-корабль», около 1.32 км.",37.60115116,1325,Дом-корабль,,60
Ансамбль Комсомольской площади (Красносельский),Ансамбль Комсомольской площади,историческое здание,"Можно рассмотреть фрагмент исторической застройки без музейной торжественности. Есть федеральный охранный статус. До ближайшего монумента — «Колокольня», около 1.32 км.",37.65625,1325,Колокольня,,60
улица Косыгина 17 корпус 7 корпус концертного зала,Улица Косыгина 17,знаковое городское место,"Выделяется силуэтом или масштабом в окружающей застройке. Есть региональный охранный статус. До ближайшего монумента — «МГУ», около 1.32 км.",37.55197,1324,МГУ,,60
Улица Стромынка 7 к6,Улица Стромынка 7,историческое здание,"Можно рассмотреть фрагмент исторической застройки без музейной торжественности. Есть выявленный охранный статус. До ближайшего монумента — «Большой розарий», около 1.32 км.",37.69036285,1323,Большой розарий,,60
Комплекс жилых домов «На Сивцевом Вражке» (Хамовники),Комплекс жилых домов,историческое здание,"Можно рассмотреть фрагмент исторической застройки без музейной торжественности. Есть выявленный охранный статус. До ближайшего монумента — «Пётр l», около 1.32 км.",37.59311123,1323,Пётр l,,60
"Новая Басманная улица 4-6 c10, Восточный дворовый флигель",Новая Басманная улица,историческое здание,"Восточный дворовый флигель, Историческое здание в Москве. До ближайшего монумента — «Доходный дом Перлова», около 1.32 км.",37.65496923,1322,Доходный дом Перлова,,60
"Дом, в котором жил и работал художник Николай Николаевич Жуков (Дорогомилово)",Дом котором жил,историческое здание,"Можно рассмотреть фрагмент исторической застройки без музейной торжественности. Есть охранный статус. До ближайшего монумента — «Пионер», около 1.32 км.",37.57103,1322,Пионер,,60
Училищный дом (Тверской),Училищный дом,историческое здание,"Заметный след старой образовательной городской среды. Есть выявленный охранный статус. До ближайшего монумента — «Всем влюбленным», около 1.32 км.",37.59361429,1322,Всем влюбленным,,60
Музей истории телесных наказаний,Музей истории телесных,музей,"Хороший вариант для короткого визита, если интересны экспозиции и локальные коллекции. До ближайшего монумента — «Cheapshot HQ», около 1.32 км.",37.59472,1321,Cheapshot HQ,https://ru.wikipedia.org/wiki/%D0%9C%D1%83%D0%B7%D0%B5%D0%B9_%D0%B8%D1%81%D1%82%D0%BE%D1%80%D0%B8%D0%B8_%D1%82%D0%B5%D0%BB%D0%B5%D1%81%D0%BD%D1%8B%D1%85_%D0%BD%D0%B0%D0%BA%D0%B0%D0%B7%D0%B0%D0%BD%D0%B8%D0%B9,60
Олсуфьевский переулок 6 c2,Олсуфьевский переулок 6,историческое здание,"Можно рассмотреть фрагмент исторической застройки без музейной торжественности. Есть региональный охранный статус. До ближайшего монумента — «Фигурный фонтан», около 1.32 км.",37.58095,1321,Фигурный фонтан,,60
"Хомутовский тупик 10 c1, Здание особняка",Хомутовский тупик 10,усадьба / дворец / особняк,"Историческое здание в Москве, памятник архитектуры. До ближайшего монумента — «Доходный дом Перлова», около 1.32 км.",37.65632,1320,Доходный дом Перлова,,60
Открытый декоративный бассейн с мозаичным панно на откосе «Пионерский значок» (Гагаринский),Открытый декоративный бассейн,историческое здание,"Можно рассмотреть фрагмент исторической застройки без музейной торжественности. Есть региональный охранный статус. До ближайшего монумента — «Арена Лужники», около 1.32 км.",37.556631,1320,Арена Лужники,,60
Главный дом (Арбат),Главный дом,историческое здание,"Можно рассмотреть фрагмент исторической застройки без музейной торжественности. Есть региональный охранный статус. До ближайшего монумента — «Ultimate Zombie Box», около 1.32 км.",37.59959707,1320,Ultimate Zombie Box,,60
Ограда с пилонами ворот (Арбат),Ограда пилонами ворот,историческое здание,"Можно рассмотреть фрагмент исторической застройки без музейной торжественности. Есть региональный охранный статус. До ближайшего монумента — «Ultimate Zombie Box», около 1.32 км.",37.59959707,1320,Ultimate Zombie Box,,60
Яузский бульвар 9/6 c1,Яузский бульвар 9,историческое здание,"Главный дом – лечебница. До ближайшего монумента — «Усадьба Морозовых», около 1.32 км.",37.64712693,1319,Усадьба Морозовых,,60
Олсуфьевский переулок 6 строения 2 3 4,Олсуфьевский переулок 6,историческое здание,"Дом, в котором с 1889 г. До ближайшего монумента — «Фигурный фонтан», около 1.32 км.",37.58096601,1318,Фигурный фонтан,,60
улица Радио 15,Улица Радио 15,историческое здание,"Флигель северный. Историческое здание в Москве, памятник архитектуры. До ближайшего монумента — «Колокольня», около 1.32 км.",37.675239,1317,Колокольня,,60
Здание высшей пограничной школы ОГПУ,Здание высшей пограничной,историческое здание,"Заметный след старой образовательной городской среды. Сохраняет признаки объекта наследия. До ближайшего монумента — «Купание коней», около 1.32 км.",37.578791,1317,Купание коней,,60
Усадьба А.Н. Щепотьева – И.Н. Геера (Красносельский),Усадьба Щепотьева,усадьба / дворец / особняк,"Подойдёт для спокойного знакомства с московской усадебной архитектурой. Есть охранный статус. До ближайшего монумента — «Колокольня», около 1.32 км.",37.66252,1316,Колокольня,,60
Манеж с росписью (Якиманка),Манеж росписью,историческое здание,"Можно рассмотреть фрагмент исторической застройки без музейной торжественности. Есть федеральный охранный статус. До ближайшего монумента — «Фигурный фонтан», около 1.32 км.",37.592825,1316,Фигурный фонтан,,60
"Дом, в котором в 1870-х гг. жил выдающийся врач-психиатр С.С. Корсаков (Хамовники)",Дом Корсаков,историческое здание,"Дом, в котором в 1870-х гг. жил выдающийся врач-психиатр С.С. До ближайшего монумента — «Пётр l», около 1.31 км.",37.587774,1315,Пётр l,,60
Ансамбль жилых домов на Онежской улице (Головинский),Ансамбль жилых домов,историческое здание,"Можно рассмотреть фрагмент исторической застройки без музейной торжественности. Считается ценной частью городской среды. До ближайшего монумента — «НАМИ», около 1.31 км.",37.521001,1315,НАМИ,,60
Лестница на территории Дворца Пионеров,Лестница территории Дворца,историческое здание,"Можно рассмотреть фрагмент исторической застройки без музейной торжественности. Есть выявленный охранный статус. До ближайшего монумента — «Арена Лужники», около 1.31 км.",37.55608,1314,Арена Лужники,,60
Дашков переулок 7 / улица Тимура Фрунзе,Дашков переулок 7,историческое здание,"Дом с оградой статского советника А.В. До ближайшего монумента — «Фигурный фонтан», около 1.31 км.",37.58511623,1314,Фигурный фонтан,,60
улица Земляной Вал 14-16 c1 кв. 102,Улица Земляной Вал,историческое здание,"Квартира, в которой жил лётчик Валерий Павлович Чкалов в 1936-1938 гг. До ближайшего монумента — «Доходный дом Перлова», около 1.31 км.",37.65628975,1314,Доходный дом Перлова,,60
"Новая Басманная улица 4-6 c2, Дом Куракина с интерьер��ми",Новая Басманная улица,историческое здание,"Историческое здание в Москве. До ближайшего монумента — «Доходный дом Перлова», около 1.31 км.",37.65448414,1312,Доходный дом Перлова,,60
"Новая Басманная улица 16, ограда",Новая Басманная улица,историческое здание,"Можно рассмотреть фрагмент исторической застройки без музейной торжественности. Есть региональный охранный статус. До ближайшего монумента — «Колокольня», около 1.31 км.",37.659356,1312,Колокольня,,60
«Новый» (Большой Донской) собор (Донской),Собор,исторический храм / монастырь,"Тихая архитектурная точка, заметная в исторической среде района. Есть федеральный охранный статус. До ближайшего монумента — «Дом-корабль», около 1.31 км.",37.60209439,1312,Дом-корабль,,60
Жилые коттеджи рабочих Черёмушкинского кирпичного завода (Котловка),Жилые коттеджи рабочих,историческое здание,"Напоминает об индустриальном слое московской архитектуры. Считается ценной частью городской среды. До ближайшего монумента — «Первая Хрущёвка», около 1.31 км.",37.581982,1312,Первая Хрущёвка,,60
"улица Преображенский Вал 17Б c4, Палата женская первая",улица Преображенский Вал,усадьба / дворец / особняк,"Можно увидеть редкий для Москвы слой старой каменной застройки. Есть федеральный охранный статус. До ближайшего монумента — «Дворец на Яузе», около 1.31 км.",37.71679128,1311,Дворец на Яузе,,60
Площадь парадов с местом для костра и трибуной со ступенями (Гагаринский),Площадь парадов местом,историческое здание,"Можно рассмотреть фрагмент исторической застройки без музейной торжественности. Есть региональный охранный статус. До ближайшего монумента — «Арена Лужники», около 1.31 км.",37.555151,1311,Арена Лужники,,60
улица Левитана 6А,Улица Левитана 6А,историческое здание,"Можно рассмотреть фрагмент исторической застройки без музейной торжественности. Есть охранный статус. До ближайшего монумента — «ЦСКА Арена», около 1.31 км.",37.50394446,1311,ЦСКА Арена,,60
Дом коменданта при продовольственном пункте (Печатники),Дом коменданта продовольственном,историческое здание,"Можно рассмотреть фрагмент исторической застройки без музейной торжественности. Есть региональный охранный статус. До ближайшего монумента — «Футболисты», около 1.31 км.",37.68579,1311,Футболисты,,60
Главный дом городской усадьбы (Таганский),Усадьба,усадьба / дворец / особняк,"Подойдёт для спокойного знакомства с московской усадебной архитектурой. Есть выявленный охранный статус. До ближайшего монумента — «Усадьба Морозовых», около 1.31 км.",37.6610059,1311,Усадьба Морозовых,,60
Шелапутинское училище (Тверской),Шелапутинское училище,историческое здание,"Заметный след старой образовательной городской среды. Считается ценной частью городской среды. До ближайшего монумента — «Еврейский музей», около 1.31 км.",37.594351,1311,Еврейский музей,,60
Госпитальная площадь 2 корпус 38,Госпитальная площадь 2,историческое здание,"Выделяется силуэтом или масштабом в окружающей застройке. Есть федеральный охранный статус. До ближайшего монумента — «Су-27», около 1.31 км.",37.70264282,1310,Су-27,,60
Старая Басманная улица 20 c1,Старая Басманная улица,историческое здание,"Флигель. Историческое здание в Москве, памятник архитектуры. До ближайшего монумента — «Колокольня», около 1.31 км.",37.66412306,1309,Колокольня,,60
Ограда с воротами (Сокольники),Ограда воротами,историческое здание,"Можно рассмотреть фрагмент исторической застройки без музейной торжественности. Есть выявленный охранный статус. До ближайшего монумента — «Большой розарий», около 1.31 км.",37.68962,1309,Большой розарий,,60
Флигель (Арбат),Флигель,историческое здание,"Можно рассмотреть фрагмент исторической застройки без музейной торжественности. Есть региональный охранный статус. До ближайшего монумента — «Cheapshot HQ», около 1.31 км.",37.58808067,1309,Cheapshot HQ,,60
Ограда с калиткой и воротами (Хамовники),Ограда калиткой воротами,историческое здание,"Можно рассмотреть фрагмент исторической застройки без музейной торжественности. Есть выявленный охранный статус. До ближайшего монумента — «Пётр l», около 1.31 км.",37.592977,1309,Пётр l,,60
Городская усадьба П.А. Дриттенпрейса – А.Л. Любушина,Усадьба Дриттенпрейса,усадьба / дворец / особняк,"Городская усадьба П.А. Дриттенпрейса – А.Л. До ближайшего монумента — «Колокольня», около 1.31 км.",37.67358232,1308,Колокольня,,60
Дашков переулок 5,Дашков переулок 5,историческое здание,"Дом. Историческое здание в Москве, памятник архитектуры. До ближайшего монумента — «Фигурный фонтан», около 1.31 км.",37.58591573,1308,Фигурный фонтан,,60
Башня № 5 — круглая угловая северо-восточная (Донской),Башня 5,знаковое современное здание,"Выделяется силуэтом или масштабом в окружающей застройке. Есть федеральный охранный статус. До ближайшего монумента — «Дом-корабль», около 1.31 км.",37.603693,1308,Дом-корабль,,60
"Дом, в котором в 1830-х гг. жил известный литературный критик В.Г. Белинский (Хамовники)",Дом Белинский,историческое здание,"Дом, в котором в 1830-х гг. жил известный литературный критик В.Г. До ближайшего монумента — «Пётр l», около 1.31 км.",37.58890712,1308,Пётр l,,60
Turkmen Embassy building,Turkmen Embassy building,историческое здание,"Можно рассмотреть фрагмент исторической застройки без музейной торжественности. Есть выявленный охранный статус. До ближайшего монумента — «Cheapshot HQ», около 1.31 км.",37.59899,1308,Cheapshot HQ,,60
"улица Преображенский Вал 17Б c5, Палата детская",улица Преображенский Вал,усадьба / дворец / особняк,"Можно увидеть редкий для Москвы слой старой каменной застройки. Есть федеральный охранный статус. До ближайшего монумента — «Дворец на Яузе», около 1.31 км.",37.71606365,1307,Дворец на Яузе,,60
Самокатная улица 4 c4,Самокатная улица 4,историческое здание,"Можно рассмотреть фрагмент исторической застройки без музейной торжественности. Есть выявленный охранный статус. До ближайшего монумента — «Усадьба Морозовых», около 1.31 км.",37.67453453,1307,Усадьба Морозовых,,60
Городская усадьба (Басманный),Усадьба,усадьба / дворец / особняк,"Подойдёт для спокойного знакомства с московской усадебной архитектурой. Есть выявленный охранный статус. До ближайшего монумента — «Усадьба Морозовых», около 1.31 км.",37.653647,1307,Усадьба Морозовых,,60
улица Радио 11 c2,Улица Радио 11,историческое здание,"Флигель. Историческое здание в Москве, памятник архитектуры. До ближайшего монумента — «Колокольня», около 1.30 км.",37.67312418,1305,Колокольня,,60
Яузский бульвар 9/6 c3,Яузский бульвар 9,историческое здание,"Восточный жилой флигель со службами. До ближайшего монумента — «Усадьба Морозовых», около 1.30 км.",37.64764796,1305,Усадьба Морозовых,,60
Корпус № 4 (Гостиный дом) (Черёмушки),Корпус 4 Гостиный,историческое здание,"Выделяется силуэтом или масштабом в окружающей застройке. Есть федеральный охранный статус. До ближайшего монумента — «Первая Хрущёвка», около 1.30 км.",37.58596963,1304,Первая Хрущёвка,,60
2-я Хуторская улица 40,2-я Хуторская улица,исторический храм / монастырь,"Церковь Митрофания Воронежского при детских приютах принца Ольденбургского. До ближайшего монумента — «Путевой дворец», около 1.30 км.",37.56326022,1303,Путевой дворец,,60
"Госпиталь Бурденко, корпус 27",Госпиталь Бурденко корпус,историческое здание,"Выделяется силуэтом или масштабом в окружающей застройке. Есть федеральный охранный статус. До ближайшего монумента — «Су-27», около 1.30 км.",37.699277,1303,Су-27,,60
Комсомол��ский проспект 24 c1,Комсомол ский проспект,историческое здание,"Конюшни. Историческое здание в Москве, памятник архитектуры. До ближайшего монумента — «Фигурный фонтан», около 1.30 км.",37.58060669,1303,Фигурный фонтан,,60
Восточная будка центрального управления стрелками и сигналами (Сокол),Восточная будка центрального,историческое здание,"Можно рассмотреть фрагмент исторической застройки без музейной торжественности. Есть региональный охранный статус. До ближайшего монумента — «ЦСКА Арена», около 1.30 км.",37.499779,1303,ЦСКА Арена,,60
Больничный корпус (Донской),Больничный корпус,историческое здание,"Выделяется силуэтом или масштабом в окружающей застройке. Есть федеральный охранный статус. До ближайшего монумента — «Дом-корабль», около 1.30 км.",37.60137574,1303,Дом-корабль,,60
Городская усадьба (Басманный),Усадьба,усадьба / дворец / особняк,"Подойдёт для спокойного знакомства с московской усадебной архитектурой. Есть региональный охранный статус. До ближайшего монумента — «Усадьба Морозовых», около 1.30 км.",37.654161,1303,Усадьба Морозовых,,60
Улица Барболина 3 к17,Улица Барболина 3,историческое здание,"Можно рассмотреть фрагмент исторической застройки без музейной торжественности. Считается ценной частью городской среды. До ближайшего монумента — «Дворец на Яузе», около 1.30 км.",37.685356,1303,Дворец на Яузе,,60
Флагшток дворца пионеров,Флагшток дворца пионеров,историческое здание,"Можно рассмотреть фрагмент исторической застройки без музейной торжественности. Есть выявленный охранный статус. До ближайшего монумента — «Арена Лужники», около 1.30 км.",37.554262,1302,Арена Лужники,,60
Здание гимназии (Басманный),Здание гимназии,историческое здание,"Заметный след старой образовательной городской среды. Есть выявленный охранный статус. До ближайшего монумента — «Доходный дом Перлова», около 1.30 км.",37.65563398,1302,Доходный дом Перлова,,60
Дом начальника станции (Аэропорт),Дом начальника станции,историческое здание,"Можно рассмотреть фрагмент исторической застройки без музейной торжественности. Считается ценной частью городской среды. До ближайшего монумента — «Ерунда», около 1.30 км.",37.528621,1302,Ерунда,,60
Корпус (флигель) детский (Черёмушки),Корпус флигель,историческое здание,"Выделяется силуэтом или масштабом в окружающей застройке. Есть федеральный охранный статус. До ближайшего монумента — «Первая Хрущёвка», около 1.30 км.",37.5853,1301,Первая Хрущёвка,,60
Ограда с пилонами (Басманный),Ограда пилонами,историческое здание,"Можно рассмотреть фрагмент исторической застройки без музейной торжественности. Есть выявленный охранный статус. До ближайшего монумента — «Усадьба Морозовых», около 1.30 км.",37.653819,1301,Усадьба Морозовых,,60
Главный дом (Басманный),Главный дом,историческое здание,"Можно рассмотреть фрагмент исторической застройки без музейной торжественности. Есть региональный охранный статус. До ближайшего монумента — «Усадьба Морозовых», около 1.30 км.",37.64992968,1301,Усадьба Морозовых,,60
Улица Короленко 3 с1,Улица Короленко 3,историческое здание,"Можно рассмотреть фрагмент исторической застройки без музейной торжественности. Есть региональный охранный статус. До ближайшего монумента — «Большой розарий», около 1.30 км.",37.69064133,1300,Большой розарий,,60
"улица Радио 11 c1, Главный дом",Улица Радио 11,историческое здание,"Можно рассмотреть фрагмент исторической застройки без музейной торжественности. Есть региональный охранный статус. До ближайшего монумента — «Колокольня», около 1.30 км.",37.67374,1299,Колокольня,,60
Хозяйственный флигель (Басманный),Хозяйственный флигель,историческое здание,"Можно рассмотреть фрагмент исторической застройки без музейной торжественности. Есть выявленный охранный статус. До ближайшего монумента — «Усадьба Морозовых», около 1.30 км.",37.653616,1298,Усадьба Морозовых,,60
Белокаменный обелиск из усадьбы Коньково (Донской),Усадьба,усадьба / дворец / особняк,"Подойдёт для спокойного знакомства с московской усадебной архитектурой. Есть федеральный охранный статус. До ближайшего монумента — «Дом-корабль», около 1.30 км.",37.603159,1298,Дом-корабль,,60
Главный корпус с водонапорной башней (Ростокино),Главный корпус водонапорной,знаковое современное здание,"Выделяется силуэтом или масштабом в окружающей застройке. Сохраняет признаки объекта наследия. До ближайшего монумента — «Ростокинский акведук», около 1.30 км.",37.647765,1298,Ростокинский акведук,,60
Ограда (Басманный),Ограда,историческое здание,"Можно рассмотреть фрагмент исторической застройки без музейной торжественности. Есть региональный охранный статус. До ближайшего монумента — «Усадьба Морозовых», около 1.30 км.",37.64961,1297,Усадьба Морозовых,,60
Жилой флигель (Таганский),Жилой флигель,историческое здание,"Можно рассмотреть фрагмент исторической застройки без музейной торжественности. Есть региональный охранный статус. До ближайшего монумента — «ГУМ», около 1.30 км.",37.64163823,1297,ГУМ,,60
Городская усадьба (Таганский),Усадьба,усадьба / дворец / особняк,"Подойдёт для спокойного знакомства с московской усадебной архитектурой. Есть региональный охранный статус. До ближайшего монумента — «ГУМ», около 1.30 км.",37.64163823,1297,ГУМ,,60
Главный дом с флигелем (руины) (Таганский),Главный дом флигелем,историческое здание,"Можно рассмотреть фрагмент исторической застройки без музейной торжественности. Есть охранный статус. До ближайшего монумента — «ГУМ», около 1.30 км.",37.64163823,1297,ГУМ,,60
Золоторожский трамвайный парк (Лефортово),Золоторожский трамвайный парк,знаковое городское место,"Место для прогулки и передышки от плотной городской застройки. Считается ценной частью городской среды. До ближайшего монумента — «Усадьба Морозовых», около 1.30 км.",37.680157,1296,Усадьба Морозовых,,60
"Дом, в котором в 1870-1917 гг. размещалось «Общество русских врачей» (Арбат)",Дом котором,историческое здание,"Можно рассмотреть фрагмент исторической застройки без музейной торжественности. Есть выявленный охранный статус. До ближайшего монумента — «Cheapshot HQ», около 1.29 км.",37.594708,1295,Cheapshot HQ,,60
Флигель (Таганский),Флигель,историческое здание,"Можно рассмотреть фрагмент исторической застройки без музейной торжественности. Есть региональный охранный статус. До ближайшего монумента — «Усадьба Морозовых», около 1.29 км.",37.64825881,1295,Усадьба Морозовых,,60
Ограда (Басманный),Ограда,историческое здание,"Можно рассмотреть фрагмент исторической застройки без музейной торжественности. Есть выявленный охранный статус. До ближайшего монумента — «Доходный дом Перлова», около 1.29 км.",37.655407,1295,Доходный дом Перлова,,60
Ансамбль жилой застройки Крутицкого подворья (Таганский),Ансамбль жилой застройки,историческое здание,"Можно рассмотреть фрагмент исторической застройки без музейной торжественности. Считается ценной частью городской среды. До ближайшего монумента — «Футболисты», около 1.29 км.",37.659543,1295,Футболисты,,60
Главный дом (Хамовники),Главный дом,историческое здание,"Можно рассмотреть фрагмент исторической застройки без музейной торжественности. Есть выявленный охранный статус. До ближайшего монумента — «Пётр l», около 1.29 км.",37.593371,1294,Пётр l,,60
Женская лечебница И.К. Юрасовского (Хамовники),Лечебница Юрасовского,историческое здание,"Можно рассмотреть фрагмент исторической застройки без музейной торжественности. Сохраняет признаки объекта наследия. До ближайшего монумента — «Cheapshot HQ», около 1.29 км.",37.590827,1294,Cheapshot HQ,,60
"Новая Басманная улица 5 c1, Здание поликлиники (стационар)",Новая Басманная улица,историческое здание,"Историческое здание в Москве. До ближайшего монумента — «Доходный дом Перлова», около 1.29 км.",37.65344,1293,Доходный дом Перлова,,60
"Новая Басманная улица 16 c1, Главный дом усадьбы И.К. Прове",Усадьба Прове,усадьба / дворец / особняк,"Новая Басманная улица 16 c1, Главный дом усадьбы И.К. До ближайшего монумента — «Колокольня», около 1.29 км.",37.659813,1292,Колокольня,,60
Хозяйственная постройка (Южное Бутово),Хозяйственная постройка,историческое здание,"Можно рассмотреть фрагмент исторической застройки без музейной торжественности. Сохраняет признаки объекта наследия. До ближайшего монумента — «Rainbow», около 1.29 км.",37.557237,1292,Rainbow,,60
Ограда (Хамовники),Ограда,историческое здание,"Можно рассмотреть фрагмент исторической застройки без музейной торжественности. Есть выявленный охранный статус. До ближайшего монумента — «Пётр l», около 1.29 км.",37.587624,1292,Пётр l,,60
Хозяйственный флигель (бывшая кузница) (Таганский),Хозяйственный флигель бывшая,историческое здание,"Можно рассмотреть фрагмент исторической застройки без музейной торжественности. Есть охранный статус. До ближайшего монумента — «ГУМ», около 1.29 км.",37.64146755,1292,ГУМ,,60
Улица Стромынка 7 к5,Улица Стромынка 7,историческое здание,"Можно рассмотреть фрагмент исторической застройки без музейной торжественности. Есть выявленный охранный статус. До ближайшего монумента — «Большой розарий», около 1.29 км.",37.68990471,1291,Большой розарий,,60
Преображенская площадь – центр села Преображенское (Преображенской солдатской слободы) (Преображенское),Преображенская площадь центр,историческое здание,"Можно рассмотреть фрагмент исторической застройки без музейной торжественности. Есть выявленный охранный статус. До ближайшего монумента — «Дворец на Яузе», около 1.29 км.",37.71043,1291,Дворец на Яузе,,60
Ограда с воротами (Пресненский),Ограда воротами,историческое здание,"Можно рассмотреть фрагмент исторической застройки без музейной торжественности. Считается ценной частью городской среды. До ближайшего монумента — «Купание коней», около 1.29 км.",37.575381,1291,Купание коней,,60
Церковь (Басманный),Церковь,исторический храм / монастырь,"Тихая архитектурная точка, заметная в исторической среде района. Есть федеральный охранный статус. До ближайшего монумента — «Доходный дом Перлова», около 1.29 км.",37.64196162,1289,Доходный дом Перлова,,60
"Новая Басманная улица 4-6 c11, Западный дворовый флигель",Новая Басманная улица,историческое здание,"Западный дворовый флигель, Историческое здание в Москве. До ближайшего монумента — «Доходный дом Перлова», около 1.29 км.",37.65446617,1289,Доходный дом Перлова,,60
Музей-квартира Г. С. Улановой,Музей Улановой,музей,"Хороший вариант для короткого визита, если интересны экспозиции и локальные коллекции. До ближайшего монумента — «Усадьба Морозовых», около 1.29 км.",37.644872222,1288,Усадьба Морозовых,https://ru.wikipedia.org/wiki/%D0%9C%D1%83%D0%B7%D0%B5%D0%B9-%D0%BA%D0%B2%D0%B0%D1%80%D1%82%D0%B8%D1%80%D0%B0_%D0%93._%D0%A1._%D0%A3%D0%BB%D0%B0%D0%BD%D0%BE%D0%B2%D0%BE%D0%B9,60
Главный дом (Басманный),Главный дом,историческое здание,"Можно рассмотреть фрагмент исторической застройки без музейной торжественности. Есть региональный охранный статус. До ближайшего монумента — «Усадьба Морозовых», около 1.29 км.",37.65452905,1288,Усадьба Морозовых,,60
Сторожка (Таганский),Сторожка,историческое здание,"Можно рассмотреть фрагмент исторической застройки без музейной торжественности. Есть региональный охранный статус. До ближайшего монумента — «Усадьба Морозовых», около 1.29 км.",37.64822288,1288,Усадьба Морозовых,,60
Южный флигель (Басманный),Южный флигель,историческое здание,"Можно рассмотреть фрагмент исторической застройки без музейной торжественности. Есть региональный охранный статус. До ближайшего монумента — «Усадьба Морозовых», около 1.29 км.",37.65421464,1287,Усадьба Морозовых,,60
Дом помощника начальника участка пути,Дом помощника начальника,историческое здание,"Можно рассмотреть фрагмент исторической застройки без музейной торжественности. Есть региональный охранный статус. До ближайшего монумента — «Футболисты», около 1.29 км.",37.68669,1286,Футболисты,,60
Учебный корпус Военно-инженерной Академии им. В.В. Куйбышева (Басманный),Учебный корпус Военно-инженерной,историческое здание,"Учебный корпус Военно-инженерной Академии им. До ближайшего монумента — «Доходный дом Перлова», около 1.29 км.",37.644695,1286,Доходный дом Перлова,,60
Здание отхожего места на 52 очка (Печатники),Здание отхожего места,историческое здание,"Можно рассмотреть фрагмент исторической застройки без музейной торжественности. Есть региональный охранный статус. До ближайшего монумента — «Футболисты», около 1.28 км.",37.68474,1285,Футболисты,,60
Лобненская улица 5А,Лобненская улица 5А,историческое здание,"Можно рассмотреть фрагмент исторической застройки без музейной торжественности. Есть выявленный охранный статус. До ближайшего монумента — «Apple garden», около 1.28 км.",37.53917639,1285,Apple garden,,60
Службы (Строгино),Службы,историческое здание,"Можно рассмотреть фрагмент исторической застройки без музейной торжественности. Есть выявленный охранный статус. До ближайшего монумента — «Парк», около 1.28 км.",37.40345891,1285,Парк,,60
Церковь Михаила Архангела (усыпальница Голицыных) (Донской),Церковь Михаила Архангела,исторический храм / монастырь,"Тихая архитектурная точка, заметная в исторической среде района. Есть федеральный охранный статус. До ближайшего монумента — «Дом-корабль», около 1.28 км.",37.60174404,1284,Дом-корабль,,60
Часовня для отпевания умерших (Донской),Часовня отпевания умерших,исторический храм / монастырь,"Тихая архитектурная точка, заметная в исторической среде района. Есть выявленный охранный статус. До ближайшего монумента — «Дом-корабль», около 1.28 км.",37.60796937,1284,Дом-корабль,,60
Водонапорная станция с насосной станцией депо Подмосковная,Водонапорная станция насосной,знаковое современное здание,"Интересно как часть городской инфраструктуры и повседневного движения Москвы. Есть региональный охранный статус. До ближайшего монумента — «Ерунда», около 1.28 км.",37.528271,1282,Ерунда,,60
Садовая терраса в парке с двумя художественными керамическими вазами (Тимирязевский),Садовая терраса парке,знаковое городское место,"Место для прогулки и передышки от плотной городской застройки. Есть федеральный охранный статус. До ближайшего монумента — «Tram station», около 1.28 км.",37.548735,1282,Tram station,,60
Ограда по Кропоткинскому переулку (Хамовники),Ограда Кропоткинскому переулку,историческое здание,"Можно рассмотреть фрагмент исторической застройки без музейной торжественности. Есть выявленный охранный статус. До ближайшего монумента — «Пётр l», около 1.28 км.",37.58837711,1282,Пётр l,,60
Церковь преподобного Александра Свирского (усыпальница Зубовых) (Донской),Церковь Александра Свирского,исторический храм / монастырь,"Тихая архитектурная точка, заметная в исторической среде района. Есть федеральный охранный статус. До ближайшего монумента — «Дом-корабль», около 1.28 км.",37.60268728,1281,Дом-корабль,,60
улица Радио 11 c3,Улица Радио 11,историческое здание,"Флигель. Историческое здание в Москве, памятник архитектуры. До ближайшего монумента — «Колокольня», около 1.28 км.",37.67333977,1281,Колокольня,,60
Флигель (Таганский),Флигель,историческое здание,"Можно рассмотреть фрагмент исторической застройки без музейной торжественности. Есть региональный охранный статус. До ближайшего монумента — «Усадьба Морозовых», около 1.28 км.",37.64856424,1281,Усадьба Морозовых,,60
Ансамбль зданий Воспитательного дома и Опекунского совета (Таганский),Ансамбль зданий Воспитательного,историческое здание,"Можно рассмотреть фрагмент исторической застройки без музейной торжественности. Есть федеральный охранный статус. До ближайшего монумента — «ГУМ», около 1.28 км.",37.641092,1281,ГУМ,,60
Ограда госпиталя Бурденко вдоль Госпитальной улицы,Ограда госпиталя Бурденко,историческое здание,"Ограда с воротами и кордегардией в Москве. До ближайшего монумента — «Колокольня», около 1.28 км.",37.693897,1280,Колокольня,,60
Главный корпус с домовым храмом св. Николая Чудотворца (Сокольники),Главный корпус домовым,исторический храм / монастырь,"Тихая архитектурная точка, заметная в исторической среде района. Есть выявленный охранный статус. До ближайшего монумента — «Дворец на Яузе», около 1.28 км.",37.68995861,1280,Дворец на Яузе,,60
Лечебный корпус (Донской),Лечебный корпус,историческое здание,"Выделяется силуэтом или масштабом в окружающей застройке. Есть региональный охранный статус. До ближайшего монумента — «Дом-корабль», около 1.28 км.",37.60536426,1279,Дом-корабль,,60
Жилой коттедж (Котловка),Жилой коттедж,историческое здание,"Можно рассмотреть фрагмент исторической застройки без музейной торжественности. Считается ценной частью городской среды. До ближайшего монумента — «Первая Хрущёвка», около 1.28 км.",37.581333,1279,Первая Хрущёвка,,60
Церковь преподобного Иоанна Лествичника (часовня-усыпальница Терещенко) (Донской),Церковь Иоанна Лествичника,исторический храм / монастырь,"Тихая архитектурная точка, заметная в исторической среде района. Есть федеральный охранный статус. До ближайшего монумента — «Дом-корабль», около 1.28 км.",37.602864,1277,Дом-корабль,,60
Часовня (Басманный),Часовня,исторический храм / монастырь,"Тихая архитектурная точка, заметная в исторической среде района. Есть выявленный охранный статус. До ближайшего монумента — «ГУМ», около 1.28 км.",37.64173704,1277,ГУМ,,60
Здание школы,Здание школы,историческое здание,"Заметный след старой образовательной городской среды. Есть выявленный охранный статус. До ближайшего монумента — «Пионер», около 1.28 км.",37.5701503,1277,Пионер,,60
улица Радио 11 c3 c5,Улица Радио 11,историческое здание,"Здание клиники. Историческое здание в Москве, памятник архитектуры. До ближайшего монумента — «Колокольня», около 1.28 км.",37.67379791,1276,Колокольня,,60
Ограда с воротами (Тверской),Ограда воротами,историческое здание,"Можно рассмотреть фрагмент исторической застройки без музейной торжественности. Есть выявленный охранный статус. До ближайшего монумента — «Всем влюбленным», около 1.28 км.",37.593998,1276,Всем влюбленным,,60
Ансамбль городской усадьбы (Хамовники),Усадьба,усадьба / дворец / особняк,"Подойдёт для спокойного знакомства с московской усадебной архитектурой. Есть выявленный охранный статус. До ближайшего монумента — «Пётр l», около 1.28 км.",37.5938748,1276,Пётр l,,60
Главный дом (Басманный),Главный дом,историческое здание,"Можно рассмотреть фрагмент исторической застройки без музейной торжественности. Есть региональный охранный статус. До ближайшего монумента — «Усадьба Морозовых», около 1.28 км.",37.653805,1276,Усадьба Морозовых,,60
Лаборатория Императорского Московского технического училища (Басманный),Лаборатория Императорского Московского,историческое здание,"Заметный след старой образовательной городской среды. Считается ценной частью городской среды. До ближайшего монумента — «Колокольня», около 1.28 км.",37.682593,1276,Колокольня,,60
Ограда с воротами и калитками (Арбат),Ограда воротами калитками,историческое здание,"Можно рассмотреть фрагмент исторической застройки без музейной торжественности. Есть региональный охранный статус. До ближайшего монумента — «Cheapshot HQ», около 1.27 км.",37.59032,1275,Cheapshot HQ,,60
Корпус женского отделения (Пресненский),Корпус женского отделения,историческое здание,"Выделяется силуэтом или масштабом в окружающей застройке. Считается ценной частью городской среды. До ближайшего монумента — «Купание коней», около 1.27 км.",37.575052,1275,Купание коней,,60
Онежская улица 2А,Онежская улица 2А,историческое здание,"Можно рассмотреть фрагмент исторической застройки без музейной торжественности. Есть региональный охранный статус. До ближайшего монумента — «НАМИ», около 1.27 км.",37.52234196,1273,НАМИ,,60
Флигель (Басманный),Флигель,историческое здание,"Можно рассмотреть фрагмент исторической застройки без музейной торжественности. Есть федеральный охранный статус. До ближайшего монумента — «Усадьба Морозовых», около 1.27 км.",37.65427752,1273,Усадьба Морозовых,,60
Госпитальная площадь 1-3 c8,Госпитальная площадь 1-3,историческое здание,"Можно рассмотреть фрагмент исторической застройки без музейной торжественности. Есть федеральный охранный статус. До ближайшего монумента — «Су-27», около 1.27 км.",37.69875311,1272,Су-27,,60
Белокаменный октагон (водокачка) (Пресненский),Белокаменный октагон водокачка,историческое здание,"Можно рассмотреть фрагмент исторической застройки без музейной торжественности. Есть региональный охранный статус. До ближайшего монумента — «Пионер», около 1.27 км.",37.55488792,1272,Пионер,,60
"Новая Басманная улица 16 c1 2 (часть), Городская усадьба И.К. Прове",Усадьба Прове,усадьба / дворец / особняк,"Новая Басманная улица 16 c1 2 (часть), Городская усадьба И.К. До ближайшего монумента — «Колокольня», около 1.27 км.",37.660211,1271,Колокольня,,60
Вторая Сокольническая улица 3,Вторая Сокольническая улица,историческое здание,"3-е Сокольническое училище имени А.С. До ближайшего монумента — «Большой розарий», около 1.27 км.",37.68363447,1271,Большой розарий,,60
Ограда по улице с воротами (Сокольники),Ограда улице воротами,историческое здание,"Можно рассмотреть фрагмент исторической застройки без музейной торжественности. Есть выявленный охранный статус. До ближайшего монумента — «Большой розарий», около 1.27 км.",37.68915,1271,Большой розарий,,60
Пилоны ворот (Таганский),Пилоны ворот,историческое здание,"Можно рассмотреть фрагмент исторической застройки без музейной торжественности. Есть региональный охранный статус. До ближайшего монумента — «ГУМ», около 1.27 км.",37.64117,1271,ГУМ,,60
Башня северо-западная (основание) с фрагментами западной стены (Таганский),Башня северо-западная основание,знаковое современное здание,"Выделяется силуэтом или масштабом в окружающей застройке. Есть выявленный охранный статус. До ближайшего монумента — «Футболисты», около 1.27 км.",37.657725,1271,Футболисты,,60
"Новая Басманная улица 5 c1, Ограда",Новая Басманная улица,историческое здание,"Ограда поликлиники РЖД, памятник архитектуры. До ближайшего монумента — «Доходный дом Перлова», около 1.27 км.",37.65337,1270,Доходный дом Перлова,,60
Особняк (Арбат),Особняк,усадьба / дворец / особняк,"Подойдёт для спокойного знакомства с московской усадебной архитектурой. Есть региональный охранный статус. До ближайшего монумента — «Cheapshot HQ», около 1.27 км.",37.59010188,1270,Cheapshot HQ,,60
Городская усадьба Я.А. Полякова (Арбат),Усадьба Полякова,усадьба / дворец / особняк,"Подойдёт для спокойного знакомства с московской усадебной архитектурой. Есть региональный охранный статус. До ближайшего монумента — «Cheapshot HQ», около 1.27 км.",37.58991,1269,Cheapshot HQ,,60
Физический корпус (Хамовники),Физический корпус,историческое здание,"Выделяется силуэтом или масштабом в окружающей застройке. Есть выявленный охранный статус. До ближайшего монумента — «Way to ducks!», около 1.27 км.",37.57497,1268,Way to ducks!,,60
Пречистенский Полицейский дом,Пречистенский Полицейский дом,историческое здание,"Можно рассмотреть фрагмент исторической застройки без музейной торжественности. Есть выявленный охранный статус. До ближайшего монумента — «Пётр l», около 1.27 км.",37.58817948,1268,Пётр l,,60
Службы (Таганский),Службы,историческое здание,"Можно рассмотреть фрагмент исторической застройки без музейной торжественности. Есть региональный охранный статус. До ближайшего монумента — «Усадьба Морозовых», около 1.27 км.",37.64884272,1268,Усадьба Морозовых,,60
Жилой коттедж (Котловка),Жилой коттедж,историческое здание,"Можно рассмотреть фрагмент исторической застройки без музейной торжественности. Считается ценной частью городской среды. До ближайшего монумента — «Первая Хрущёвка», около 1.27 км.",37.582073,1268,Первая Хрущёвка,,60
Западный канал водного парка (Лефортово),Западный канал водного,знаковое городское место,"Место для прогулки и передышки от плотной городской застройки. Есть региональный охранный статус. До ближайшего монумента — «Су-27», около 1.27 км.",37.688799,1268,Су-27,,60
"проезд Комсомольской площади 12, Башня водонапорная",Проезд Комсомольской площади,знаковое современное здание,"Водонапорная башня железной дороги за Ленинградским вокзалом, памятник архитектуры. До ближайшего монумента — «Аптекарский огород», около 1.27 км.",37.65402599,1267,Аптекарский огород,,60
перрон станции метро Комсомольская-Кольцевая,Перрон станции метро,историческое здание,"Историческое сооружение в Москве, памятник архитектуры. До ближайшего монумента — «Аптекарский огород», около 1.27 км.",37.65461,1267,Аптекарский огород,,60
Ограда с воротами (Таганский),Ограда воротами,историческое здание,"Можно рассмотреть фрагмент исторической застройки без музейной торжественности. Есть региональный охранный статус. До ближайшего монумента — «Усадьба Морозовых», около 1.27 км.",37.650157,1267,Усадьба Морозовых,,60
Здание правления Московско-Рязанской железной дороги (Красносельский),Здание правления Московско-Рязанской,историческое здание,"Можно рассмотреть фрагмент исторической застройки без музейной торжественности. Считается ценной частью городской среды. До ближайшего монумента — «Колокольня», около 1.27 км.",37.658185,1267,Колокольня,,60
Вагонный сарай (Лефортово),Вагонный сарай,историческое здание,"Можно рассмотреть фрагмент исторической застройки без музейной торжественности. Считается ценной частью городской среды. До ближайшего монумента — «Усадьба Морозовых», около 1.27 км.",37.680475,1267,Усадьба Морозовых,,60
Фрагмент кладки колокольни храма Николы Явленного (Арбат),Фрагмент кладки колокольни,исторический храм / монастырь,"Тихая архитектурная точка, заметная в исторической среде района. Есть выявленный охранный статус. До ближайшего монумента — «Cheapshot HQ», около 1.27 км.",37.594597,1266,Cheapshot HQ,,60
Главный дом (Таганский),Главный дом,историческое здание,"Можно рассмотреть фрагмент исторической застройки без музейной торжественности. Есть региональный охранный статус. До ближайшего монумента — «Усадьба Морозовых», около 1.26 км.",37.64984883,1265,Усадьба Морозовых,,60
Рабочая казарма сахарорафинадного завода Даниловской Трёхгорной компании,Рабочая казарма сахарорафинадного,историческое здание,"Напоминает об индустриальном слое московской архитектуры. Сохраняет признаки объекта наследия. До ближайшего монумента — «Пионер», около 1.26 км.",37.54878,1265,Пионер,,60
Сквер у Китайского посольства (площадью 15 га) (Раменки),Сквер,историческое здание,"Место для прогулки и передышки от плотной городской застройки. Есть региональный охранный статус. До ближайшего монумента — «Круглый дом», около 1.26 км.",37.515575,1264,Круглый дом,,60
Южный вестибюль метро Университет,Южный вестибюль метро,историческое здание,"Интересно как часть городской инфраструктуры и повседневного движения Москвы. Есть региональный охранный статус. До ближайшего монумента — «МГУ», около 1.26 км.",37.534801,1264,МГУ,,60
"«Старый» (Малый Донской) собор с трапезной, приделами и шатровой колокольней (Донской)",Собор трапезной приделами,исторический храм / монастырь,"Тихая архитектурная точка, заметная в исторической среде района. Есть федеральный охранный статус. До ближайшего монумента — «Дом-корабль», около 1.26 км.",37.60247168,1264,Дом-корабль,,60
"Дом, в котором жил и работал советский художник Владимир Николаевич Пчелин (Басманный)",Дом котором жил,историческое здание,"Можно рассмотреть фрагмент исторической застройки без музейной торжественности. Считается ценной частью городской среды. До ближайшего монумента — «Доходный дом Перлова», около 1.26 км.",37.647664,1264,Доходный дом Перлова,,60
Флигель (Басманный),Флигель,историческое здание,"Можно рассмотреть фрагмент исторической застройки без музейной торжественности. Есть региональный охранный статус. До ближайшего монумента — «Усадьба Морозовых», около 1.26 км.",37.65296598,1264,Усадьба Морозовых,,60
Москва Лиственничная аллея 14Б,Москва Лиственничная аллея,историческое здание,"Баня. Историческое здание в Москве, памятник архитектуры. До ближайшего монумента — «Tram station», около 1.26 км.",37.566805,1263,Tram station,,60
Северная механическая будка централизации стрелок и сигналов (Лосиноостровский),Северная механическая будка,историческое здание,"Можно рассмотреть фрагмент исторической застройки без музейной торжественности. Есть региональный охранный статус. До ближайшего монумента — «Пограничный столб», около 1.26 км.",37.6919675,1263,Пограничный столб,,60
Столовая при продовольственном пункте (Печатники),Столовая продовольственном пункте,историческое здание,"Можно рассмотреть фрагмент исторической застройки без музейной торжественности. Есть региональный охранный статус. До ближайшего монумента — «Футболисты», около 1.26 км.",37.68489,1263,Футболисты,,60
Башни № 6 и 7 — квадратные на восточной стене (Донской),Башни 6 7,знаковое современное здание,"Можно рассмотреть фрагмент исторической застройки без музейной торжественности. Есть федеральный охранный статус. До ближайшего монумента — «Дом-корабль», около 1.26 км.",37.603882,1263,Дом-корабль,,60
улица Пречистенка 37 с1,Улица Пречистенка 37,историческое здание,"Можно рассмотреть фрагмент исторической застройки без музейной торжественности. Есть федеральный охранный статус. До ближайшего монумента — «Пётр l», около 1.26 км.",37.58808067,1263,Пётр l,,60
Музей финансов,Музей финансов,музей,"Хороший вариант для короткого визита, если интересны экспозиции и локальные коллекции. До ближайшего монумента — «ЦСКА Арена», около 1.26 км.",37.526663125,1262,ЦСКА Арена,https://ru.wikipedia.org/wiki/%D0%9C%D1%83%D0%B7%D0%B5%D0%B9_%D1%84%D0%B8%D0%BD%D0%B0%D0%BD%D1%81%D0%BE%D0%B2,60
Главный корпус с храмом святых преподобных Сергия и Германа Валаамских чудотворцев и храмом святого благоверного князя Александра Невского (часовня) (Тверской),Храм,исторический храм / монастырь,"Тихая архитектурная точка, заметная в исторической среде района. Есть региональный охранный статус. До ближайшего монумента — «Всем влюбленным», около 1.26 км.",37.589417,1262,Всем влюбленным,,60
Новая Басманная улица 4 ограда,Новая Басманная улица,историческое здание,"Можно рассмотреть фрагмент исторической застройки без музейной торжественности. Есть региональный охранный статус. До ближайшего монумента — «Доходный дом Перлова», около 1.26 км.",37.65359,1262,Доходный дом Перлова,,60
Домовый храм Святого Филарета Милостивого (Пресненский),Храм Филарета Милостивого,исторический храм / монастырь,"Тихая архитектурная точка, заметная в исторической среде района. Есть выявленный охранный статус. До ближайшего монумента — «Пионер», около 1.26 км.",37.54007,1262,Пионер,,60
Жилой коттедж (Котловка),Жилой коттедж,историческое здание,"Можно рассмотреть фрагмент исторической застройки без музейной торжественности. Считается ценной частью городской среды. До ближайшего монумента — «Первая Хрущёвка», около 1.26 км.",37.58284,1261,Первая Хрущёвка,,60
Госпитальная площадь 1-3 c2,Госпитальная площадь 1-3,исторический храм / монастырь,"Корпус на набережной реки Яузы с храмом Воскресения Христова. До ближайшего монумента — «Колокольня», около 1.26 км.",37.69407,1260,Колокольня,,60
Лиственничная аллея 3,Лиственничная аллея 3,историческое здание,"Можно рассмотреть фрагмент исторической застройки без музейной торжественности. Есть региональный охранный статус. До ближайшего монумента — «Tram station», около 1.26 км.",37.553153,1260,Tram station,,60
Дом дешёвых квартир для одиноких (Мещанский),Дом дешёвых квартир,историческое здание,"Можно рассмотреть фрагмент исторической застройки без музейной торжественности. Есть региональный охранный статус. До ближайшего монумента — «Аптекарский огород», около 1.26 км.",37.63286169,1260,Аптекарский огород,,60
Въездные ворота (Котловка),Въездные ворота,историческое здание,"Можно рассмотреть фрагмент исторической застройки без музейной торжественности. Есть федеральный охранный статус. До ближайшего монумента — «Первая Хрущёвка», около 1.26 км.",37.586169,1260,Первая Хрущёвка,,60
Ночлежный дом Хитрова рынка с трактиром «Каторга» (Басманный),Ночлежный дом Хитрова,историческое здание,"Можно рассмотреть фрагмент исторической застройки без музейной торжественности. Считается ценной частью городской среды. До ближайшего монумента — «Доходный дом Перлова», около 1.26 км.",37.643286,1260,Доходный дом Перлова,,60
Клиника гинекологическая и акушерская (Хамовники),Клиника гинекологическая акушерская,историческое здание,"Можно рассмотреть фрагмент исторической застройки без музейной торжественности. Есть федеральный охранный статус. До ближайшего монумента — «Way to ducks!», около 1.26 км.",37.57315067,1259,Way to ducks!,,60
Ворота (Басманный),Ворота,историческое здание,"Можно рассмотреть фрагмент исторической застройки без музейной торжественности. Есть региональный охранный статус. До ближайшего монумента — «Усадьба Морозовых», около 1.26 км.",37.654009,1259,Усадьба Морозовых,,60
Новая Басманная улица 16 c2,Усадьба,усадьба / дворец / особняк,"Подойдёт для спокойного знакомства с московской усадебной архитектурой. Есть региональный охранный статус. До ближайшего монумента — «Колокольня», около 1.26 км.",37.660449,1258,Колокольня,,60
"улица Радио 17 корпус 12, Гидроканал с модельными мастерскими",Улица Радио 17,историческое здание,"Гидроканал с модельными мастерскими. До ближайшего монумента — «Колокольня», около 1.26 км.",37.678323,1258,Колокольня,,60
Каретный сарай (хозяйственные службы) (Таганский),Каретный сарай хозяйственные,историческое здание,"Можно рассмотреть фрагмент исторической застройки без музейной торжественности. Есть региональный охранный статус. До ближайшего монумента — «Усадьба Морозовых», около 1.26 км.",37.649646,1258,Усадьба Морозовых,,60
Перронный зал станции метро Автозаводская,Перронный зал станции,историческое здание,"Перронный зал станции метро Автозаводская. До ближайшего монумента — «Футболисты», около 1.26 км.",37.65779,1257,Футболисты,,60
Особняк Второва (главный дом) (Арбат),Особняк Второва главный,усадьба / дворец / особняк,"Подойдёт для спокойного знакомства с московской усадебной архитектурой. Есть федеральный охранный статус. До ближайшего монумента — «Cheapshot HQ», около 1.26 км.",37.58847593,1257,Cheapshot HQ,,60
Ограда (Арбат),Ограда,историческое здание,"Можно рассмотреть фрагмент исторической застройки без музейной торжественности. Есть региональный охранный статус. До ближайшего монумента — «Cheapshot HQ», около 1.26 км.",37.58847593,1257,Cheapshot HQ,,60
улица Льва Толстого 23 с3,Улица Льва Толстого,историческое здание,"Можно рассмотреть фрагмент исторической застройки без музейной торжественности. Считается ценной частью городской среды. До ближайшего монумента — «Фигурный фонтан», около 1.26 км.",37.584146,1257,Фигурный фонтан,,60
Ограда (Арбат),Ограда,историческое здание,"Можно рассмотреть фрагмент исторической застройки без музейной торжественности. Есть региональный охранный статус. До ближайшего монумента — «Cheapshot HQ», около 1.26 км.",37.59232,1257,Cheapshot HQ,,60
Богадельня московского дворянства им. С.Д. Нечаева с храмом св. первомученика Стефана,Богадельня московского дворянства,исторический храм / монастырь,"Богадельня московского дворянства им. С.Д. До ближайшего монумента — «Фигурный фонтан», около 1.26 км.",37.60993668,1256,Фигурный фонтан,,60
Ансамбль жилой застройки района Щукино (Щукино),Ансамбль жилой застройки,историческое здание,"Можно рассмотреть фрагмент исторической застройки без музейной торжественности. Считается ценной частью городской среды. До ближайшего монумента — «Octod Tower», около 1.26 км.",37.486126,1256,Octod Tower,,60
Ростокинская красильно-аппретурная фабрика купца В.Ф. Фермана (Ростокино),Ростокинская красильно-аппретурная фабрика,историческое здание,"Ростокинская красильно-аппретурная фабрика купца В.Ф. До ближайшего монумента — «Ростокинский акведук», около 1.25 км.",37.646841,1255,Ростокинский акведук,,60
Флигель (Басманный),Флигель,историческое здание,"Можно рассмотреть фрагмент исторической застройки без музейной торжественности. Есть региональный охранный статус. До ближайшего монумента — «Усадьба Морозовых», около 1.25 км.",37.653941,1254,Усадьба Морозовых,,60
Колокольня (Басманный),Колокольня,историческое здание,"Можно рассмотреть фрагмент исторической застройки без музейной торжественности. Есть федеральный охранный статус. До ближайшего монумента — «Доходный дом Перлова», около 1.25 км.",37.64156636,1254,Доходный дом Перлова,,60
Флигель юго-западный (Пресненский),Флигель юго-западный,историческое здание,"Можно рассмотреть фрагмент исторической застройки без музейной торжественности. Есть федеральный охранный статус. До ближайшего монумента — «Купание коней», около 1.25 км.",37.554315,1253,Купание коней,,60
Сторожка (Таганский),Сторожка,историческое здание,"Можно рассмотреть фрагмент исторической застройки без музейной торжественности. Есть региональный охранный статус. До ближайшего монумента — «ГУМ», около 1.25 км.",37.64094652,1253,ГУМ,,60
Водонапорная башня машиностроительного завода «Густав Лист» (Марьина роща),Водонапорная башня машиностроительного,знаковое современное здание,"Выделяется силуэтом или масштабом в окружающей застройке. Сохраняет признаки объекта наследия. До ближайшего монумента — «Еврейский музей», около 1.25 км.",37.598395,1253,Еврейский музей,,60
Административное здание депо Подмосковная,Административное здание депо,историческое здание,"Интересно как часть городской инфраструктуры и повседневного движения Москвы. Есть региональный охранный статус. До ближайшего монумента — «Ерунда», около 1.25 км.",37.527811111,1252,Ерунда,,60
Главный корпус (Замоскворечье),Главный корпус,историческое здание,"Выделяется силуэтом или масштабом в окружающей застройке. Есть региональный охранный статус. До ближайшего монумента — «Фигурный фонтан», около 1.25 км.",37.61788677,1252,Фигурный фонтан,,60
Службы (Таганский),Службы,историческое здание,"Можно рассмотреть фрагмент исторической застройки без музейной торжественности. Есть региональный охранный статус. До ближайшего монумента — «Усадьба Морозовых», около 1.25 км.",37.649193,1252,Усадьба Морозовых,,60
Городская усадьба (Таганский),Усадьба,усадьба / дворец / особняк,"Подойдёт для спокойного знакомства с московской усадебной архитектурой. Есть региональный охранный статус. До ближайшего монумента — «ГУМ», около 1.25 км.",37.64095,1252,ГУМ,,60
Школа (Сокольники),Школа,историческое здание,"Заметный след старой образовательной городской среды. Считается ценной частью городской среды. До ближайшего монумента — «Красный богатырь», около 1.25 км.",37.67193,1252,Красный богатырь,,60
Флигель во дворе (службы) (Пресненский),Флигель дворе службы,историческое здание,"Можно рассмотреть фрагмент исторической застройки без музейной торжественности. Есть федеральный охранный статус. До ближайшего монумента — «Cheapshot HQ», около 1.25 км.",37.573644,1249,Cheapshot HQ,,60
Кооперативные жилые дома архитекторов и строителей (Хамовники),Театр Кооперативные жилые,театр,"Камерная культурная точка для тех, кто ищет районную сцену. Есть региональный охранный статус. До ближайшего монумента — «Пётр l», около 1.25 км.",37.58953594,1249,Пётр l,,60
Улица Барболина 3 к11,Улица Барболина 3,историческое здание,"Можно рассмотреть фрагмент исторической застройки без музейной торжественности. Считается ценной частью городской среды. До ближайшего монумента — «Дворец на Яузе», около 1.25 км.",37.68652,1249,Дворец на Яузе,,60
Фабрика-кухня,Фабрика-кухня,историческое здание,"Здание на Сосинской улице Москвы, снесено в 2022. До ближайшего монумента — «Футболисты», около 1.25 км.",37.67842,1248,Футболисты,,60
"улица Преображенский Вал 17Б c3, Палата женская вторая",улица Преображенский Вал,усадьба / дворец / особняк,"Можно увидеть редкий для Москвы слой старой каменной застройки. Есть федеральный охранный статус. До ближайшего монумента — «Дворец на Яузе», около 1.25 км.",37.71697095,1248,Дворец на Яузе,,60
Главный дом (деревянный) (Пресненский),Главный дом деревянный,историческое здание,"Можно рассмотреть фрагмент исторической застройки без музейной торжественности. Есть федеральный охранный статус. До ближайшего монумента — «Cheapshot HQ», около 1.25 км.",37.573774,1248,Cheapshot HQ,,60
Келейный корпус (Тверской),Келейный корпус,историческое здание,"Выделяется силуэтом или масштабом в окружающей застройке. Есть региональный охранный статус. До ближайшего монумента — «Всем влюбленным», около 1.25 км.",37.589922,1248,Всем влюбленным,,60
Корпус на оси главного корпуса со стороны парка (Басманный),Корпус оси главного,знаковое городское место,"Место для прогулки и передышки от плотной городской застройки. Есть федеральный охранный статус. До ближайшего монумента — «Су-27», около 1.25 км.",37.69646241,1247,Су-27,,60
Корпус фабрики «Красный пролетарий» (Донской),Корпус фабрики Красный,историческое здание,"Выделяется силуэтом или масштабом в окружающей застройке. Сохраняет признаки объекта наследия. До ближайшего монумента — «Фигурный фонтан», около 1.25 км.",37.599285,1247,Фигурный фонтан,,60
Городская усадьба (Арбат),Усадьба,усадьба / дворец / особняк,"Подойдёт для спокойного знакомства с московской усадебной архитектурой. Есть охранный статус. До ближайшего монумента — «Cheapshot HQ», около 1.25 км.",37.59008391,1247,Cheapshot HQ,,60
"Гороховский переулок 19 c4 (21), Флигель",Гороховский переулок 19,историческое здание,"Можно рассмотреть фрагмент исторической застройки без музейной торжественности. Есть федеральный охранный статус. До ближайшего монумента — «Колокольня», около 1.25 км.",37.66845294,1246,Колокольня,,60
Башня северо-восточная (фундаменты) с пряслом восточной стены (Таганский),Башня северо-восточная фундаменты,знаковое современное здание,"Выделяется силуэтом или масштабом в окружающей застройке. Есть выявленный охранный статус. До ближайшего монумента — «Футболисты», около 1.25 км.",37.6595,1246,Футболисты,,60
Главный дом (Арбат),Главный дом,историческое здание,"Можно рассмотреть фрагмент исторической застройки без музейной торжественности. Есть региональный охранный статус. До ближайшего монумента — «Cheapshot HQ», около 1.25 км.",37.59206919,1246,Cheapshot HQ,,60
проезд Черепановых 1,Проезд Черепановых 1,историческое здание,"Можно рассмотреть фрагмент исторической застройки без музейной торжественности. Есть региональный охранный статус. До ближайшего монумента — «НАМИ», около 1.25 км.",37.525287,1245,НАМИ,,60
Храм Воскресения Словущего с Никольским приделом (домовая крестовая церковь епископов Сарских и Подонских) (Таганский),Храм Воскресения Словущего,исторический храм / монастырь,"Тихая архитектурная точка, заметная в исторической среде района. Есть федеральный охранный статус. До ближайшего монумента — «Футболисты», около 1.24 км.",37.6579696,1244,Футболисты,,60
Большой мост через овраг (Якиманка),Большой мост через,историческое здание,"Интересно как часть городской инфраструктуры и повседневного движения Москвы. Есть федеральный охранный статус. До ближайшего монумента — «Фигурный фонтан», около 1.24 км.",37.592611,1244,Фигурный фонтан,,60
Сторожка (Таганский),Сторожка,историческое здание,"Можно рассмотреть фрагмент исторической застройки без музейной торжественности. Есть региональный охранный статус. До ближайшего монумента — «Усадьба Морозовых», около 1.24 км.",37.650816,1244,Усадьба Морозовых,,60
Парк (Таганский),Парк,знаковое городское место,"Место для прогулки и передышки от плотной городской застройки. Есть региональный охранный статус. До ближайшего монумента — «Усадьба Морозовых», около 1.24 км.",37.650039,1243,Усадьба Морозовых,,60
Поликлиника (Басманный),Поликлиника,историческое здание,"Можно рассмотреть фрагмент исторической застройки без музейной торжественности. Считается ценной частью городской среды. До ближайшего монумента — «Доходный дом Перлова», около 1.24 км.",37.644401,1243,Доходный дом Перлова,,60
Городская усадьба Н.П. Михайловой – В.Э. Тальгрен (Арбат),Усадьба Михайловой,усадьба / дворец / особняк,"Подойдёт для спокойного знакомства с московской усадебной архитектурой. Есть региональный охранный статус. До ближайшего монумента — «Cheapshot HQ», около 1.24 км.",37.59191,1242,Cheapshot HQ,,60
улица Стромынка 18 корпус 3,Улица Стромынка 18,историческое здание,"Выделяется силуэтом или масштабом в окружающей застройке. Сохраняет признаки объекта наследия. До ближайшего монумента — «Дворец на Яузе», около 1.24 км.",37.694512,1240,Дворец на Яузе,,60
Парк Дворца пионеров,Парк Дворца пионеров,знаковое городское место,"Парк на Воробьёвых Горах, Москва. До ближайшего монумента — «МГУ», около 1.24 км.",37.5504,1240,МГУ,,60
Приёмный покой,Приёмный покой,историческое здание,"Можно рассмотреть фрагмент исторической застройки без музейной торжественности. Есть региональный охранный статус. До ближайшего монумента — «Футболисты», около 1.24 км.",37.68588,1240,Футболисты,,60
Набережные палаты (Таганский),Набережные палаты,усадьба / дворец / особняк,"Можно увидеть редкий для Москвы слой старой каменной застройки. Есть федеральный охранный статус. До ближайшего монумента — «Футболисты», около 1.24 км.",37.6577001,1240,Футболисты,,60
Усадьба И.Н. Цветухина (Пресненский),Усадьба Цветухина,усадьба / дворец / особняк,"Подойдёт для спокойного знакомства с московской усадебной архитектурой. Есть федеральный охранный статус. До ближайшего монумента — «Cheapshot HQ», около 1.24 км.",37.57381,1240,Cheapshot HQ,,60
Новая Басманная улица 21 с1,Новая Басманная улица,историческое здание,"Историческое здание в Москве. До ближайшего монумента — «Колокольня», около 1.24 км.",37.66048,1239,Колокольня,,60
колокольня церкви Иоанна Предтечи в Казенной слободе,Колокольня церкви Иоанна,историческое здание,"Можно рассмотреть фрагмент исторической застройки без музейной торжественности. Есть федеральный охранный статус. До ближайшего монумента — «Доходный дом Перлова», около 1.24 км.",37.655625,1239,Доходный дом Перлова,,60
Городская усадьба (Басманный),Усадьба,усадьба / дворец / особняк,"Подойдёт для спокойного знакомства с московской усадебной архитектурой. Есть региональный охранный статус. До ближайшего монумента — «Усадьба Морозовых», около 1.24 км.",37.653216,1239,Усадьба Морозовых,,60
улица Преображенский Вал 19 c9,Улица Преображенский Вал,историческое здание,"Можно рассмотреть фрагмент исторической застройки без музейной торжественности. Есть выявленный охранный статус. До ближайшего монумента — «Дворец на Яузе», около 1.24 км.",37.71500364,1238,Дворец на Яузе,,60
Пакгаузное шоссе 1 c1,Пакгаузное шоссе 1,историческое здание,"Дом коменданта при продовольственном пункте. До ближайшего монумента — «НАМИ», около 1.24 км.",37.5235457,1237,НАМИ,,60
Главный дом (Басманный),Главный дом,историческое здание,"Можно рассмотреть фрагмент исторической застройки без музейной торжественности. Есть федеральный охранный статус. До ближайшего монумента — «Усадьба Морозовых», около 1.24 км.",37.65449312,1235,Усадьба Морозовых,,60
Главный дом (Таганский),Главный дом,историческое здание,"Можно рассмотреть фрагмент исторической застройки без музейной торжественности. Есть региональный охранный статус. До ближайшего монумента — «ГУМ», около 1.24 км.",37.64074,1235,ГУМ,,60
Новая Басманная улица 18 с1,Усадьба,усадьба / дворец / особняк,"Усадьба Варенцовых – Штеккер – Голицына, Историческое здание в Москве. До ближайшего монумента — «Колокольня», около 1.23 км.",37.66085,1234,Колокольня,,60
"Гороховский переулок 19 c1, Главный дом",Гороховский переулок 19,историческое здание,"Можно рассмотреть фрагмент исторической застройки без музейной торжественности. Есть федеральный охранный статус. До ближайшего монумента — «Колокольня», около 1.23 км.",37.66803073,1234,Колокольня,,60
Продовольственный склад (Печатники),Продовольственный склад,историческое здание,"Можно рассмотреть фрагмент исторической застройки без музейной торжественности. Есть региональный охранный статус. До ближайшего монумента — «Футболисты», около 1.23 км.",37.68419,1234,Футболисты,,60
Главный дом (Таганский),Главный дом,историческое здание,"Можно рассмотреть фрагмент исторической застройки без музейной торжественности. Есть региональный охранный статус. До ближайшего монумента — «Усадьба Морозовых», около 1.23 км.",37.64922001,1234,Усадьба Морозовых,,60
Городская усадьба А.И. Тессина – Н.Ф. и Э.А. Островских – С.К. Марк (Таганский),Усадьба Тессина,усадьба / дворец / особняк,"Городская усадьба А.И. Тессина – Н.Ф. и Э.А. До ближайшего монумента — «Усадьба Морозовых», около 1.23 км.",37.64922001,1234,Усадьба Морозовых,,60
"Токмаков переулок 23, Двухэтажный дом",Токмаков переулок 23,историческое здание,"Можно рассмотреть фрагмент исторической застройки без музейной торжественности. Есть федеральный охранный статус. До ближайшего монумента — «Колокольня», около 1.23 км.",37.67080652,1232,Колокольня,,60
Флигель во дворе (службы) (Пресненский),Флигель дворе службы,историческое здание,"Можно рассмотреть фрагмент исторической застройки без музейной торжественности. Есть федеральный охранный статус. До ближайшего монумента — «Cheapshot HQ», около 1.23 км.",37.573913,1232,Cheapshot HQ,,60
Больничный корпус (Западное Дегунино),Больничный корпус,историческое здание,"Выделяется силуэтом или масштабом в окружающей застройке. Сохраняет признаки объекта наследия. До ближайшего монумента — «Apple garden», около 1.23 км.",37.521304,1232,Apple garden,,60
Москва Лиственничная аллея 12 c2,Москва Лиственничная аллея,историческое здание,"Можно рассмотреть фрагмент исторической застройки без музейной торжественности. Есть выявленный охранный статус. До ближайшего монумента — «Tram station», около 1.23 км.",37.565845,1230,Tram station,,60
Главный дом (Хамовники),Главный дом,историческое здание,"Можно рассмотреть фрагмент исторической застройки без музейной торжественности. Есть региональный охранный статус. До ближайшего монумента — «Пётр l», около 1.23 км.",37.5949438,1230,Пётр l,,60
Флигель (Басманный),Флигель,историческое здание,"Можно рассмотреть фрагмент исторической застройки без музейной торжественности. Есть федеральный охранный статус. До ближайшего монумента — «Усадьба Морозовых», около 1.23 км.",37.65473566,1230,Усадьба Морозовых,,60
Ограда с воротами (Пресненский),Ограда воротами,историческое здание,"Можно рассмотреть фрагмент исторической застройки без музейной торжественности. Есть федеральный охранный статус. До ближайшего монумента — «Купание коней», около 1.23 км.",37.554578,1229,Купание коней,,60
Ограда (Таганский),Ограда,историческое здание,"Можно рассмотреть фрагмент исторической застройки без музейной торжественности. Есть региональный охранный статус. До ближайшего монумента — «Усадьба Морозовых», около 1.23 км.",37.651434,1229,Усадьба Морозовых,,60
Дача М.А. Сиротининой (Сокольники),Дача Сиротининой,историческое здание,"Можно рассмотреть фрагмент исторической застройки без музейной торжественности. Есть выявленный охранный статус. До ближайшего монумента — «Красный богатырь», около 1.23 км.",37.67702287,1228,Красный богатырь,,60
Оболенский переулок 10 с1,Оболенский переулок 10,историческое здание,"Можно рассмотреть фрагмент исторической застройки без музейной торжественности. Считается ценной частью городской среды. До ближайшего монумента — «Фигурный фонтан», около 1.23 км.",37.582258,1228,Фигурный фонтан,,60
Административное здание (Лефортово),Административное здание,историческое здание,"Можно рассмотреть фрагмент исторической застройки без музейной торжественности. Считается ценной частью городской среды. До ближайшего монумента — «Усадьба Морозовых», около 1.23 км.",37.679192,1227,Усадьба Морозовых,,60
Улица Барболина 3 к13,Улица Барболина 3,историческое здание,"Можно рассмотреть фрагмент исторической застройки без музейной торжественности. Считается ценной частью городской среды. До ближайшего монумента — «Дворец на Яузе», около 1.23 км.",37.687391,1227,Дворец на Яузе,,60
Ансамбль построек Ховринской лечебницы (Западное Дегунино),Ансамбль построек Ховринской,историческое здание,"Можно рассмотреть фрагмент исторической застройки без музейной торжественности. Сохраняет признаки объекта наследия. До ближайшего монумента — «Apple garden», около 1.23 км.",37.522458,1227,Apple garden,,60
Административное здание (Красносельский),Административное здание,историческое здание,"Можно рассмотреть фрагмент исторической застройки без музейной торжественности. Сохраняет признаки объекта наследия. До ближайшего монумента — «Аптекарский огород», около 1.23 км.",37.651356,1227,Аптекарский огород,,60
Дворец (Гагаринский),Дворец,усадьба / дворец / особняк,"Подойдёт для спокойного знакомства с московской усадебной архитектурой. Есть федеральный охранный статус. До ближайшего монумента — «Арена Лужники», около 1.23 км.",37.56773383,1226,Арена Лужники,,60
Оранжерея (Гагаринский),Оранжерея,историческое здание,"Можно рассмотреть фрагмент исторической застройки без музейной торжественности. Есть федеральный охранный статус. До ближайшего монумента — «Арена Лужники», около 1.23 км.",37.56773383,1226,Арена Лужники,,60
улица Пречистенка 36 с2,Улица Пречистенка 36,историческое здание,"Можно рассмотреть фрагмент исторической застройки без музейной торжественности. Есть региональный охранный статус. До ближайшего монумента — «Пётр l», около 1.23 км.",37.58879034,1226,Пётр l,,60
Ограда (Басманный),Ограда,историческое здание,"Можно рассмотреть фрагмент исторической застройки без музейной торжественности. Есть федеральный охранный статус. До ближайшего монумента — «Усадьба Морозовых», около 1.23 км.",37.65464,1226,Усадьба Морозовых,,60
Добрынинский универмаг,Добрынинский универмаг,историческое здание,"Можно рассмотреть фрагмент исторической застройки без музейной торжественности. Сохраняет признаки объекта наследия. До ближайшего монумента — «Усадьба Ардалионова», около 1.23 км.",37.62221,1225,Усадьба Ардалионова,,60
Стена-переход (Таганский),Стена-переход,историческое здание,"Можно рассмотреть фрагмент исторической застройки без музейной торжественности. Есть федеральный охранный статус. До ближайшего монумента — «Футболисты», около 1.22 км.",37.658714,1224,Футболисты,,60
Слободской дворец. Южный флигель,Слободской дворец. Южный,усадьба / дворец / особняк,"Подойдёт для спокойного знакомства с московской усадебной архитектурой. Есть федеральный охранный статус. До ближайшего монумента — «Колокольня», около 1.22 км.",37.683452,1224,Колокольня,,60
Главный корпус с домовой церковью (Сокольники),Главный корпус домовой,исторический храм / монастырь,"Тихая архитектурная точка, заметная в исторической среде района. Есть выявленный охранный статус. До ближайшего монумента — «Большой розарий», около 1.22 км.",37.68858418,1223,Большой розарий,,60
улица Преображенский Вал 25 корпус 3,Улица Преображенский Вал,историческое здание,"Выделяется силуэтом или масштабом в окружающей застройке. Есть федеральный охранный статус. До ближайшего монумента — «Дворец на Яузе», около 1.22 км.",37.71901012,1223,Дворец на Яузе,,60
улица Бардина 6 c2,Улица Бардина 6,историческое здание,"Северный флигель. Историческое здание в Москве, памятник архитектуры. До ближайшего монумента — «Первая Хрущёвка», около 1.22 км.",37.57404898,1223,Первая Хрущёвка,,60
Дом Ремезовых (Замоскворечье),Дом Ремезовых,историческое здание,"Можно рассмотреть фрагмент исторической застройки без музейной торжественности. Есть федеральный охранный статус. До ближайшего монумента — «Усадьба Ардалионова», около 1.22 км.",37.62138122,1223,Усадьба Ардалионова,,60
Дворец Крутицких митрополитов (Таганский),Дворец Крутицких митрополитов,усадьба / дворец / особняк,"Подойдёт для спокойного знакомства с московской усадебной архитектурой. Есть федеральный охранный статус. До ближайшего монумента — «Футболисты», около 1.22 км.",37.65821214,1223,Футболисты,,60
"Каланчёвская улица 11 c1, Здание гостиницы «Петербург»",Каланчёвская улица 11,историческое здание,"Можно рассмотреть фрагмент исторической застройки без музейной торжественности. Есть выявленный охранный статус. До ближайшего монумента — «Доходный дом Перлова», около 1.22 км.",37.65118,1222,Доходный дом Перлова,,60
Старая Басманная улица 23/9 c1,Старая Басманная улица,историческое здание,"Можно рассмотреть фрагмент исторической застройки без музейной торжественности. Есть федеральный охранный статус. До ближайшего монумента — «Колокольня», около 1.22 км.",37.66467103,1222,Колокольня,,60
Особняк В.К. Мельникова с оградой (Пресненский),Особняк Мельникова,усадьба / дворец / особняк,"Подойдёт для спокойного знакомства с московской усадебной архитектурой. Есть региональный охранный статус. До ближайшего монумента — «Cheapshot HQ», около 1.22 км.",37.573583,1222,Cheapshot HQ,,60
Сторожка (Басманный),Сторожка,историческое здание,"Можно рассмотреть фрагмент исторической застройки без музейной торжественности. Есть выявленный охранный статус. До ближайшего монумента — «Доходный дом Перлова», около 1.22 км.",37.65531957,1222,Доходный дом Перлова,,60
Главный дом (Хамовники),Главный дом,историческое здание,"Можно рассмотреть фрагмент исторической застройки без музейной торжественности. Есть федеральный охранный статус. До ближайшего монумента — «Пётр l», около 1.22 км.",37.58877237,1222,Пётр l,,60
Два обелиска при въезде в усадьбу,Усадьба,усадьба / дворец / особняк,"Подойдёт для спокойного знакомства с московской усадебной архитектурой. Есть региональный охранный статус. До ближайшего монумента — «House of Poems», около 1.22 км.",37.349757,1222,House of Poems,,60
"улица Радио 17 корпус 10, Аэродинамическая лаборатория с ветросиловой башней",Улица Радио 17,знаковое современное здание,"Аэродинамическая лаборатория с ветросиловой башней. До ближайшего монумента — «Колокольня», около 1.22 км.",37.676284,1221,Колокольня,,60
Будка центрального управления стрелками и сигналами (Головинский),Будка центрального управления,историческое здание,"Можно рассмотреть фрагмент исторической застройки без музейной торжественности. Есть региональный охранный статус. До ближайшего монумента — «НАМИ», около 1.22 км.",37.524913,1221,НАМИ,,60
Главный дом городской усадьбы (Басманный),Усадьба,усадьба / дворец / особняк,"Подойдёт для спокойного знакомства с московской усадебной архитектурой. Есть региональный охранный статус. До ближайшего монумента — «Усадьба Морозовых», около 1.22 км.",37.652693,1221,Усадьба Морозовых,,60
Главный дом (Басманный),Главный дом,историческое здание,"Можно рассмотреть фрагмент исторической застройки без музейной торжественности. Есть региональный охранный статус. До ближайшего монумента — «Усадьба Морозовых», около 1.22 км.",37.65357684,1221,Усадьба Морозовых,,60
Флигель (Таганский),Флигель,историческое здание,"Можно рассмотреть фрагмент исторической застройки без музейной торжественности. Есть региональный охранный статус. До ближайшего монумента — «Усадьба Морозовых», около 1.22 км.",37.65065731,1221,Усадьба Морозовых,,60
Городская усадьба (Басманный),Усадьба,усадьба / дворец / особняк,"Подойдёт для спокойного знакомства с московской усадебной архитектурой. Есть региональный охранный статус. До ближайшего монумента — «Усадьба Морозовых», около 1.22 км.",37.652693,1221,Усадьба Морозовых,,60
улица Косыгина 17 корпус 8 со спортзалом,Улица Косыгина 17,спортивная арена / стадион,"Корпус со спортзалом, административными помещениями. До ближайшего монумента — «Арена Лужники», около 1.22 км.",37.55609166,1220,Арена Лужники,,60
Жилое здание (Дорогомилово),Жилое здание,историческое здание,"Можно рассмотреть фрагмент исторической застройки без музейной торжественности. Есть региональный охранный статус. До ближайшего монумента — «Пионер», около 1.22 км.",37.533517,1220,Пионер,,60
"Новая Басманная улица 4-6 c16, Флигель богадельни (южный)",Новая Басманная улица,историческое здание,"Флигель богадельни (южный), Историческое здание в Москве. До ближайшего монумента — «Доходный дом Перлова», около 1.22 км.",37.652957,1219,Доходный дом Перлова,,60
Церковь (Черёмушки),Церковь,исторический храм / монастырь,"Тихая архитектурная точка, заметная в исторической среде района. Есть федеральный охранный статус. До ближайшего монумента — «Первая Хрущёвка», около 1.22 км.",37.58783812,1218,Первая Хрущёвка,,60
Главный корпус Промышленного училища (Тверской),Главный корпус Промышленного,историческое здание,"Выделяется силуэтом или масштабом в окружающей застройке. Есть выявленный охранный статус. До ближайшего монумента — «Всем влюбленным», около 1.22 км.",37.594961,1218,Всем влюбленным,,60
Здание с молитвенным залом (Басманный),Здание молитвенным залом,историческое здание,"Можно рассмотреть фрагмент исторической застройки без музейной торжественности. Есть региональный охранный статус. До ближайшего монумента — «Доходный дом Перлова», около 1.22 км.",37.64601302,1218,Доходный дом Перлова,,60
Мытный двор (Замоскворечье),Мытный двор,историческое здание,"Можно рассмотреть фрагмент исторической застройки без музейной торжественности. Есть региональный охранный статус. До ближайшего монумента — «Усадьба Ардалионова», около 1.22 км.",37.61871322,1217,Усадьба Ардалионова,,60
Восточный флигель (Замоскворечье),Восточный флигель,историческое здание,"Можно рассмотреть фрагмент исторической застройки без музейной торжественности. Есть региональный охранный статус. До ближайшего монумента — «Усадьба Ардалионова», около 1.22 км.",37.61871322,1217,Усадьба Ардалионова,,60
Кордегардия (Арбат),Кордегардия,историческое здание,"Можно рассмотреть фрагмент исторической застройки без музейной торжественности. Есть региональный охранный статус. До ближайшего монумента — «Ultimate Zombie Box», около 1.22 км.",37.601098,1217,Ultimate Zombie Box,,60
Ленинградский проспект 16 c2,Ленинградский проспект 16,историческое здание,"Здание Спиридоньевского убежища для неизлечимых. До ближайшего монумента — «Купание коней», около 1.22 км.",37.57667207,1216,Купание коней,,60
Административный корпус (Хамовники),Административный корпус,историческое здание,"Выделяется силуэтом или масштабом в окружающей застройке. Есть региональный охранный статус. До ближайшего монумента — «Пётр l», около 1.22 км.",37.5949977,1215,Пётр l,,60
Главный дом городской усадьбы Н.П. Смирнова (Хамовники),Усадьба Смирнова,усадьба / дворец / особняк,"Подойдёт для спокойного знакомства с московской усадебной архитектурой. Есть выявленный охранный статус. До ближайшего монумента — «Пётр l», около 1.22 км.",37.59424311,1215,Пётр l,,60
Дом церкви Николая Чудотворца Явленного с залом для общественных собраний и библиотекой (Арбат),Дом церкви Николая,историческое здание,"Можно рассмотреть фрагмент исторической застройки без музейной торжественности. Есть выявленный охранный статус. До ближайшего монумента — «Cheapshot HQ», около 1.22 км.",37.59369514,1215,Cheapshot HQ,,60
Старая Басманная улица 21/4 c4,Старая Басманная улица,историческое здание,"Можно рассмотреть фрагмент исторической застройки без музейной торжественности. Есть региональный охранный статус. До ближайшего монумента — «Колокольня», около 1.21 км.",37.66341339,1214,Колокольня,,60
"Токмаков переулок 21/2 c4, Хозяйственные постройки",Токмаков переулок 21,историческое здание,"Можно рассмотреть фрагмент исторической застройки без музейной торжественности. Есть региональный охранный статус. До ближайшего монумента — «Колокольня», около 1.21 км.",37.671139,1214,Колокольня,,60
4-й Сыромятнический переулок 1/8 c9,4-й Сыромятнический переулок,историческое здание,"Можно рассмотреть фрагмент исторической застройки без музейной торжественности. Есть региональный охранный статус. До ближайшего монумента — «Усадьба Морозовых», около 1.21 км.",37.66585681,1214,Усадьба Морозовых,,60
"Комсомольская площадь 1 c1, Здание Московской таможни",Комсомольская площадь 1,историческое здание,"Можно рассмотреть фрагмент исторической застройки без музейной торжественности. Есть федеральный охранный статус. До ближайшего монумента — «Аптекарский огород», около 1.21 км.",37.65396311,1213,Аптекарский огород,,60
Комплекс зданий Таможенного двора (Ансамбль Кругового депо Николаевской железной дороги) (Красносельский),Комплекс зданий Таможенного,знаковое современное здание,"Интересно как часть городской инфраструктуры и повседневного движения Москвы. Есть региональный охранный статус. До ближайшего монумента — «Аптекарский огород», около 1.21 км.",37.65396311,1213,Аптекарский огород,,60
Западный флигель (Замоскворечье),Западный флигель,историческое здание,"Можно рассмотреть фрагмент исторической застройки без музейной торжественности. Есть региональный охранный статус. До ближайшего монумента — «Фигурный фонтан», около 1.21 км.",37.6170693,1213,Фигурный фонтан,,60
Ряд лип (Басманный),Ряд лип,историческое здание,"Можно рассмотреть фрагмент исторической застройки без музейной торжественности. Есть региональный охранный статус. До ближайшего монумента — «Доходный дом Перлова», около 1.21 км.",37.647939,1213,Доходный дом Перлова,,60
Улица Барболина 3 к12,Улица Барболина 3,историческое здание,"Можно рассмотреть фрагмент исторической застройки без музейной торжественности. Считается ценной частью городской среды. До ближайшего монумента — «Дворец на Яузе», около 1.21 км.",37.686902,1213,Дворец на Яузе,,60
Электрозаводская улица 37 c3,Электрозаводская улица 37,историческое здание,"Напоминает об индустриальном слое московской архитектуры. Есть выявленный охранный статус. До ближайшего монумента — «Дворец на Яузе», около 1.21 км.",37.708348,1212,Дворец на Яузе,,60
Особняк Е.М. Алексеевой (Хамовники),Особняк Алексеевой,усадьба / дворец / особняк,"Подойдёт для спокойного знакомства с московской усадебной архитектурой. Считается ценной частью городской среды. До ближайшего монумента — «Пётр l», около 1.21 км.",37.600627,1212,Пётр l,,60
Особняк Хлудовых в Москве,Особняк Хлудовых,усадьба / дворец / особняк,"Подойдёт для спокойного знакомства с московской усадебной архитектурой. Есть выявленный охранный статус. До ближайшего монумента — «Доходный дом Перлова», около 1.21 км.",37.6544482,1211,Доходный дом Перлова,,60
"улица Преображенский Вал 17Б c2, Палата больничная",улица Преображенский Вал,усадьба / дворец / особняк,"Можно увидеть редкий для Москвы слой старой каменной застройки. Есть федеральный охранный статус. До ближайшего монумента — «Дворец на Яузе», около 1.21 км.",37.71650382,1210,Дворец на Яузе,,60
Патологоанатомический корпус (Мещанский),Патологоанатомический корпус,историческое здание,"Выделяется силуэтом или масштабом в окружающей застройке. Есть региональный охранный статус. До ближайшего монумента — «Аптекарский огород», около 1.21 км.",37.62834,1210,Аптекарский огород,,60
улица Пречистенка 35 с5,Улица Пречистенка 35,историческое здание,"Можно рассмотреть фрагмент исторической застройки без музейной торжественности. Есть федеральный охранный статус. До ближайшего монумента — «Пётр l», около 1.21 км.",37.58892509,1210,Пётр l,,60
Главный дом усадьбы Д.Н. Шереметева (Хамовники),Усадьба Шереметева,усадьба / дворец / особняк,"Подойдёт для спокойного знакомства с московской усадебной архитектурой. Есть региональный охранный статус. До ближайшего монумента — «Пётр l», около 1.21 км.",37.59116189,1210,Пётр l,,60
Главный корпус с интерьерами (Таганский),Главный корпус интерьерами,историческое здание,"Выделяется силуэтом или масштабом в окружающей застройке. Есть федеральный охранный статус. До ближайшего монумента — «ГУМ», около 1.21 км.",37.6397338,1210,ГУМ,,60
Хозяйственная постройка (Лефортово),Хозяйственная постройка,историческое здание,"Можно рассмотреть фрагмент исторической застройки без музейной торжественности. Считается ценной частью городской среды. До ближайшего монумента — «Усадьба Морозовых», около 1.21 км.",37.679571,1210,Усадьба Морозовых,,60
Оранжерея (Таганский),Оранжерея,историческое здание,"Можно рассмотреть фрагмент исторической застройки без музейной торжественности. Есть региональный охранный статус. До ближайшего монумента — «Усадьба Морозовых», около 1.21 км.",37.64973205,1209,Усадьба Морозовых,,60
Ленинградский проспект 16 c1,Ленинградский проспект 16,историческое здание,"Ограда двух типов с воротами в Москве. До ближайшего монумента — «Купание коней», около 1.21 км.",37.57666,1208,Купание коней,,60
"Дом, в котором в 1911-1912 гг. жил и работал выдающийся ученый-физик П.Н. Лебедев (Хамовники)",Дом Лебедев,историческое здание,"Дом, в котором в 1911-1912 гг. жил и работал выдающийся ученый-физик П.Н. До ближайшего монумента — «Пётр l», около 1.21 км.",37.59151223,1208,Пётр l,,60
Главный дом (лабораторный корпус) (Таганский),Главный дом лабораторный,историческое здание,"Выделяется силуэтом или масштабом в окружающей застройке. Есть региональный охранный статус. До ближайшего монумента — «Усадьба Морозовых», около 1.21 км.",37.651512,1208,Усадьба Морозовых,,60
Улица Шаболовка 37,Улица Шаболовка 37,историческое здание,"Можно рассмотреть фрагмент исторической застройки без музейной торжественности. Есть выявленный охранный статус. До ближайшего монумента — «Дом-корабль», около 1.21 км.",37.61012533,1206,Дом-корабль,,60
"Новокирочный переулок 5, Дом жилой",Новокирочный переулок 5,историческое здание,"Можно рассмотреть фрагмент исторической застройки без музейной торжественности. Есть федеральный охранный статус. До ближайшего монумента — «Колокольня», около 1.21 км.",37.67846017,1206,Колокольня,,60
4-й Сыромятнический переулок 1/8 c7,4-й Сыромятнический переулок,историческое здание,"Можно рассмотреть фрагмент исторической застройки без музейной торжественности. Есть региональный охранный статус. До ближайшего монумента — «Усадьба Морозовых», около 1.21 км.",37.66444645,1206,Усадьба Морозовых,,60
Учебный корпус (Таганский),Учебный корпус,историческое здание,"Выделяется силуэтом или масштабом в окружающей застройке. Считается ценной частью городской среды. До ближайшего монумента — «Дом Мёда», около 1.21 км.",37.638475,1206,Дом Мёда,,60
"Токмаков переулок 21/2 c5, Здание служб (во дворе)",Токмаков переулок 21,историческое здание,"Здание служб (во дворе). До ближайшего монумента — «Колокольня», около 1.21 км.",37.67095025,1205,Колокольня,,60
Корпус адми��истративный (флигель дворца) (Тимирязевский),Корпус адми истративный,историческое здание,"Выделяется силуэтом или масштабом в окружающей застройке. Есть федеральный охранный статус. До ближайшего монумента — «Tram station», около 1.20 км.",37.55029753,1204,Tram station,,60
Старая Басманная улица 23/9 c2,Усадьба,усадьба / дворец / особняк,"Подойдёт для спокойного знакомства с московской усадебной архитектурой. Есть федеральный охранный статус. До ближайшего монумента — «Колокольня», около 1.20 км.",37.66449137,1202,Колокольня,,60
"Дом, в котором жил народный артист СССР Константин Александрович Зубов (Пресненский)",Дом котором жил,историческое здание,"Можно рассмотреть фрагмент исторической застройки без музейной торжественности. Есть охранный статус. До ближайшего монумента — «Всем влюбленным», около 1.20 км.",37.589127,1202,Всем влюбленным,,60
"Сквер на Миусской площади (4,2 га) (Тверской)",Сквер,историческое здание,"Место для прогулки и передышки от плотной городской застройки. Есть региональный охранный статус. До ближайшего монумента — «Всем влюбленным», около 1.20 км.",37.59406,1202,Всем влюбленным,,60
Дом русского лётчика Б.И. Россинского (Хамовники),Дом Россинского,историческое здание,"Можно рассмотреть фрагмент исторической застройки без музейной торжественности. Есть региональный охранный статус. До ближайшего монумента — «Пётр l», около 1.20 км.",37.59332683,1202,Пётр l,,60
Хозяйственная постройка (Лефортово),Хозяйственная постройка,историческое здание,"Можно рассмотреть фрагмент исторической застройки без музейной торжественности. Считается ценной частью городской среды. До ближайшего монумента — «Усадьба Морозовых», около 1.20 км.",37.67961,1202,Усадьба Морозовых,,60
Флигель северный (Хамовники),Флигель северный,историческое здание,"Можно рассмотреть фрагмент исторической застройки без музейной торжественности. Есть федеральный охранный статус. До ближайшего монумента — «Пётр l», около 1.20 км.",37.58912272,1201,Пётр l,,60
Малые архитектурные формы (фонтан) (Таганский),Малые архитектурные формы,историческое здание,"Можно рассмотреть фрагмент исторической застройки без музейной торжественности. Есть региональный охранный статус. До ближайшего монумента — «Усадьба Морозовых», около 1.20 км.",37.650223,1201,Усадьба Морозовых,,60
Конюшни (службы юго-восточные) (Хамовники),Конюшни службы юго-восточные,историческое здание,"Можно рассмотреть фрагмент исторической застройки без музейной торжественности. Есть федеральный охранный статус. До ближайшего монумента — «Пётр l», около 1.20 км.",37.58910475,1200,Пётр l,,60
"Дом, в котором жил изобретатель Матросов Иван Константинович (Пресненский)",Дом котором жил,историческое здание,"Можно рассмотреть фрагмент исторической застройки без музейной торжественности. Есть охранный статус. До ближайшего монумента — «Купание коней», около 1.20 км.",37.567824,1199,Купание коней,,60
Садовый мостик средний (Якиманка),Садовый мостик средний,историческое здание,"Место для прогулки и передышки от плотной городской застройки. Есть федеральный охранный статус. До ближайшего монумента — «Фигурный фонтан», около 1.20 км.",37.591096,1199,Фигурный фонтан,,60
Городская усадьба Ю.Т. Крестовниковой (Басманный),Усадьба Крестовниковой,усадьба / дворец / особняк,"Подойдёт для спокойного знакомства с московской усадебной архитектурой. Есть региональный охранный статус. До ближайшего монумента — «Доходный дом Перлова», около 1.20 км.",37.647765,1199,Доходный дом Перлова,,60
Дом культуры РГАУ МСХА им К. А. Тимирязева,Дом культуры,историческое здание,"Клуб Сельскохозяйственной академии имени К.А. До ближайшего монумента — «Tram station», около 1.20 км.",37.564892,1198,Tram station,,60
Башни № 9 и 10 – квадратные на южной стене (Донской),Башни 9 10,знаковое современное здание,"Можно рассмотреть фрагмент исторической застройки без музейной торжественности. Есть федеральный охранный статус. До ближайшего монумента — «Дом-корабль», около 1.20 км.",37.603184,1198,Дом-корабль,,60
Главные въездные ворота дворца со скульптурными группами «Времена года» и фонтаном перед дворцом (Якиманка),Главные въездные ворота,историческое здание,"Можно рассмотреть фрагмент исторической застройки без музейной торжественности. Есть федеральный охранный статус. До ближайшего монумента — «Фигурный фонтан», около 1.20 км.",37.596538,1198,Фигурный фонтан,,60
Главный дом (Таганский),Главный дом,историческое здание,"Можно рассмотреть фрагмент исторической застройки без музейной торжественности. Есть региональный охранный статус. До ближайшего монумента — «Усадьба Морозовых», около 1.20 км.",37.652512,1198,Усадьба Морозовых,,60
"Ансамбль Товарищества Измайловской бумагопрядильной мануфактуры Э. Мейера, Л. Прена и Р. Гилля (Измайлово)",Ансамбль Товарищества Измайловской,историческое здание,"Ансамбль Товарищества Измайловской бумагопрядильной мануфактуры Э. До ближайшего монумента — «Спутник-1», около 1.20 км.",37.779466,1198,Спутник-1,,60
Аптечный корпус (Сокольники),Аптечный корпус,историческое здание,"Выделяется силуэтом или масштабом в окружающей застройке. Есть выявленный охранный статус. До ближайшего монумента — «Большой розарий», около 1.20 км.",37.68762299,1195,Большой розарий,,60
"Дом начальника училища, канцелярия (Арбат)",Дом начальника училища,историческое здание,"Заметный след старой образовательной городской среды. Есть региональный охранный статус. До ближайшего монумента — «Ultimate Zombie Box», около 1.20 км.",37.601522,1195,Ultimate Zombie Box,,60
Ленинградский проспект 20,Ленинградский проспект 20,историческое здание,"Можно рассмотреть фрагмент исторической застройки без музейной торжественности. Есть выявленный охранный статус. До ближайшего монумента — «Купание коней», около 1.19 км.",37.575953,1193,Купание коней,,60
Московское промышленное училище в память 25-летия царствования Александра II (Тверской),Промышленное училище память,историческое здание,"Заметный след старой образовательной городской среды. Есть выявленный охранный статус. До ближайшего монумента — «Всем влюбленным», около 1.19 км.",37.59517736,1193,Всем влюбленным,,60
Боковой корпус (Якиманка),Боковой корпус,историческое здание,"Выделяется силуэтом или масштабом в окружающей застройке. Есть федеральный охранный статус. До ближайшего монумента — «Фигурный фонтан», около 1.19 км.",37.59271598,1192,Фигурный фонтан,,60
Слободской дворец. Южный переход,Слободской дворец. Южный,усадьба / дворец / особняк,"Подойдёт для спокойного знакомства с московской усадебной архитектурой. Есть федеральный охранный статус. До ближайшего монумента — «Колокольня», около 1.19 км.",37.683944,1192,Колокольня,,60
Слободской дворец. Южное крыло,Слободской дворец. Южное,усадьба / дворец / особняк,"Подойдёт для спокойного знакомства с московской усадебной архитектурой. Есть федеральный охранный статус. До ближайшего монумента — «Колокольня», около 1.19 км.",37.684701,1192,Колокольня,,60
"Поперечный просек 17 c19, Дача А.Я. Перловой",Поперечный просек 17,историческое здание,"Можно рассмотреть фрагмент исторической застройки без музейной торжественности. Есть выявленный охранный статус. До ближайшего монумента — «Большой розарий», около 1.19 км.",37.66756361,1191,Большой розарий,,60
Машинное отделение (Пресненский),Машинное отделение,историческое здание,"Можно рассмотреть фрагмент исторической застройки без музейной торжественности. Есть выявленный охранный статус. До ближайшего монумента — «Купание коней», около 1.19 км.",37.5747979,1191,Купание коней,,60
"Дом, в котором в 1836-1839 гг. жил декабрист М.Ф. Орлов (Арбат)",Дом Орлов,историческое здание,"Дом, в котором в 1836-1839 гг. жил декабрист М.Ф. До ближайшего монумента — «Cheapshot HQ», около 1.19 км.",37.58977849,1191,Cheapshot HQ,,60
Деревянный главный дом (Пресненский),Деревянный главный дом,историческое здание,"Можно рассмотреть фрагмент исторической застройки без музейной торжественности. Считается ценной частью городской среды. До ближайшего монумента — «Cheapshot HQ», около 1.19 км.",37.573858,1191,Cheapshot HQ,,60
Смешанный корпус (Замоскворечье),Смешанный корпус,историческое здание,"Выделяется силуэтом или масштабом в окружающей застройке. Считается ценной частью городской среды. До ближайшего монумента — «Фигурный фонтан», около 1.19 км.",37.619072,1191,Фигурный фонтан,,60
Бауманская улица 70 c1,Усадьба,усадьба / дворец / особняк,"Главный дом городской усадьбы Чернышовых. До ближайшего монумента — «Колокольня», около 1.19 км.",37.67971781,1190,Колокольня,,60
Главный дом с флигелем (Хамовники),Главный дом флигелем,историческое здание,"Можно рассмотреть фрагмент исторической застройки без музейной торжественности. Есть региональный охранный статус. До ближайшего монумента — «Пётр l», около 1.19 км.",37.593237,1190,Пётр l,,60
Северный флигель (Таганский),Северный флигель,историческое здание,"Можно рассмотреть фрагмент исторической застройки без музейной торжественности. Есть выявленный охранный статус. До ближайшего монумента — «Дом Мёда», около 1.19 км.",37.64576149,1190,Дом Мёда,,60
"Токмаков переулок 21/2 c1, Главный дом",Токмаков переулок 21,историческое здание,"Можно рассмотреть фрагмент исторической застройки без музейной торжественности. Есть федеральный охранный статус. До ближайшего монумента — «Колокольня», около 1.19 км.",37.67081551,1189,Колокольня,,60
Гараж ЦИК и ВЦИК СССР (Пресненский),Гараж ЦИК ВЦИК,историческое здание,"Напоминает об индустриальном слое московской архитектуры. Сохраняет признаки объекта наследия. До ближайшего монумента — «Купание коней», около 1.19 км.",37.564212,1189,Купание коней,,60
Мастерские Московско-Александровской железной дороги (Пресненский),Мастерские Московско-Александровской железной,историческое здание,"Можно рассмотреть фрагмент исторической застройки без музейной торжественности. Есть выявленный охранный статус. До ближайшего монумента — «Купание коней», около 1.19 км.",37.5738215,1188,Купание коней,,60
Дом причта южный (Басманный),Дом причта южный,историческое здание,"Можно рассмотреть фрагмент исторической застройки без музейной торжественности. Есть федеральный охранный статус. До ближайшего монумента — «Доходный дом Перлова», около 1.19 км.",37.6406411,1188,Доходный дом Перлова,,60
Жир,Музей Жир,музей,"Хороший вариант для короткого визита, если интересны экспозиции и локальные коллекции. До ближайшего монумента — «Усадьба Морозовых», около 1.19 км.",37.664637,1187,Усадьба Морозовых,https://ru.wikipedia.org/wiki/%D0%96%D0%B8%D1%80_(%D0%B3%D0%B0%D0%BB%D0%B5%D1%80%D0%B5%D1%8F),60
Боковой флигель (южный) (Таганский),Боковой флигель южный,историческое здание,"Можно рассмотреть фрагмент исторической застройки без музейной торжественности. Есть федеральный охранный статус. До ближайшего монумента — «ГУМ», около 1.19 км.",37.639647,1186,ГУМ,,60
Хозяйственное строение (Таганский),Хозяйственное строение,историческое здание,"Можно рассмотреть фрагмент исторической застройки без музейной торжественности. Есть выявленный охранный статус. До ближайшего монумента — «ГУМ», около 1.19 км.",37.64024584,1186,ГУМ,,60
Главный дом городской усадьбы Е.И. Демидова – Рахмановых (Таганский),Усадьба Демидова,усадьба / дворец / особняк,"Подойдёт для спокойного знакомства с московской усадебной архитектурой. Есть региональный охранный статус. До ближайшего монумента — «Усадьба Морозовых», около 1.19 км.",37.64625557,1186,Усадьба Морозовых,,60
Ограда с двумя воротами (Басманный),Ограда двумя воротами,историческое здание,"Можно рассмотреть фрагмент исторической застройки без музейной торжественности. Есть федеральный охранный статус. До ближайшего монумента — «Колокольня», около 1.19 км.",37.670343,1185,Колокольня,,60
Церковно-приходская школа (Измайлово),Церковно-приходская школа,историческое здание,"Заметный след старой образовательной городской среды. Сохраняет признаки объекта наследия. До ближайшего монумента — «Передние ворота», около 1.19 км.",37.771284,1185,Передние ворота,,60
Парк Бахрушинской больницы (Сокольники),Парк Бахрушинской больницы,знаковое городское место,"Место для прогулки и передышки от плотной городской застройки. Есть региональный охранный статус. До ближайшего монумента — «Большой розарий», около 1.18 км.",37.68831,1184,Большой розарий,,60
Кельи (Красносельский),Кельи,историческое здание,"Можно рассмотреть фрагмент исторической застройки без музейной торжественности. Есть региональный охранный статус. До ближайшего монумента — «Колокольня», около 1.18 км.",37.664269,1184,Колокольня,,60
Александровское военное училище (Арбат),Александровское военное училище,историческое здание,"Заметный след старой образовательной городской среды. Есть региональный охранный статус. До ближайшего монумента — «Ultimate Zombie Box», около 1.18 км.",37.601909,1184,Ultimate Zombie Box,,60
Службы (флигель восточный) (Хамовники),Службы флигель восточный,историческое здание,"Можно рассмотреть фрагмент исторической застройки без музейной торжественности. Есть федеральный охранный статус. До ближайшего монумента — «Пётр l», около 1.18 км.",37.58940119,1182,Пётр l,,60
Садовый павильон (на основе палат XVII-XVIII вв.) (Таганский),Усадьба,усадьба / дворец / особняк,"Можно увидеть редкий для Москвы слой старой каменной застройки. Есть федеральный охранный статус. До ближайшего монумента — «Усадьба Морозовых», около 1.18 км.",37.65028002,1182,Усадьба Морозовых,,60
Рабочая казарма (Измайлово),Рабочая казарма,историческое здание,"Можно рассмотреть фрагмент исторической застройки без музейной торжественности. Сохраняет признаки объекта наследия. До ближайшего монумента — «Передние ворота», около 1.18 км.",37.780862,1182,Передние ворота,,60
Ограда с воротами (Сокольники),Ограда воротами,историческое здание,"Можно рассмотреть фрагмент исторической застройки без музейной торжественности. Считается ценной частью городской среды. До ближайшего монумента — «Дворец на Яузе», около 1.18 км.",37.689077,1182,Дворец на Яузе,,60
"2-я Бауманская улица 5, здание дворца",Усадьба,усадьба / дворец / особняк,"Подойдёт для спокойного знакомства с московской усадебной архитектурой. Есть федеральный охранный статус. До ближайшего монумента — «Колокольня», около 1.18 км.",37.684962,1181,Колокольня,,60
Ансамбль строений Хамовнического пиво-медоваренного завода (Хамовники),Ансамбль строений Хамовнического,историческое здание,"Напоминает об индустриальном слое московской архитектуры. Считается ценной частью городской среды. До ближайшего монумента — «Фигурный фонтан», около 1.18 км.",37.584704,1181,Фигурный фонтан,,60
Языковский переулок 5 к4,Языковский переулок 5,историческое здание,"Можно рассмотреть фрагмент исторической застройки без музейной торжественности. Считается ценной частью городской среды. До ближайшего монумента — «Фигурный фонтан», около 1.18 км.",37.582565,1179,Фигурный фонтан,,60
Рабочая казарма (Ростокино),Рабочая казарма,историческое здание,"Можно рассмотреть фрагмент исторической застройки без музейной торжественности. Сохраняет признаки объекта наследия. До ближайшего монумента — «Ростокинский акведук», около 1.18 км.",37.64684,1179,Ростокинский акведук,,60
Песчаная улица 7,Песчаная улица 7,историческое здание,"Можно рассмотреть фрагмент исторической застройки без музейной торжественности. Есть региональный охранный статус. До ближайшего монумента — «ЦСКА Арена», около 1.18 км.",37.51480509,1178,ЦСКА Арена,,60
Улица Барболина 3 к10,Улица Барболина 3,историческое здание,"Можно рассмотреть фрагмент исторической застройки без музейной торжественности. Считается ценной частью городской среды. До ближайшего монумента — «Дворец на Яузе», около 1.18 км.",37.688584,1178,Дворец на Яузе,,60
"Свободный проспект 4 c7, Флигель",Свободный проспект 4,историческое здание,"Можно рассмотреть фрагмент исторической застройки без музейной торжественности. Есть выявленный охранный статус. До ближайшего монумента — «Музей Вадима Сидура», около 1.18 км.",37.8156958,1176,Музей Вадима Сидура,,60
Богадельня (училище) (Красносельский),Богадельня училище,историческое здание,"Заметный след старой образовательной городской среды. Есть региональный охранный статус. До ближайшего монумента — «Колокольня», около 1.18 км.",37.66688089,1176,Колокольня,,60
Кельи (Красносельский),Кельи,историческое здание,"Можно рассмотреть фрагмент исторической застройки без музейной торжественности. Есть региональный охранный статус. До ближайшего монумента — «Колокольня», около 1.18 км.",37.66688089,1176,Колокольня,,60
Ограда (Пресненский),Ограда,историческое здание,"Можно рассмотреть фрагмент исторической застройки без музейной торжественности. Считается ценной частью городской среды. До ближайшего монумента — «Cheapshot HQ», около 1.18 км.",37.574095,1176,Cheapshot HQ,,60
Ограда с пилонами ворот (Басманный),Ограда пилонами ворот,историческое здание,"Можно рассмотреть фрагмент исторической застройки без музейной торжественности. Есть федеральный охранный статус. До ближайшего монумента — «Доходный дом Перлова», около 1.18 км.",37.653656,1176,Доходный дом Перлова,,60
"Свободный проспект 4 c6, Главный дом",Свободный проспект 4,историческое здание,"Можно рассмотреть фрагмент исторической застройки без музейной торжественности. Есть выявленный охранный статус. До ближайшего монумента — «Музей Вадима Сидура», около 1.18 км.",37.81525562,1175,Музей Вадима Сидура,,60
Цех (Пресненский),Цех,историческое здание,"Можно рассмотреть фрагмент исторической застройки без музейной торжественности. Есть выявленный охранный статус. До ближайшего монумента — «Купание коней», около 1.17 км.",37.574079,1174,Купание коней,,60
Ансамбль строений парфюмерной фабрики «Брокар и Ко» (Даниловский),Ансамбль строений парфюмерной,историческое здание,"Напоминает об индустриальном слое московской архитектуры. Сохраняет признаки объекта наследия. До ближайшего монумента — «Усадьба Ардалионова», около 1.17 км.",37.620209,1174,Усадьба Ардалионова,,60
Погодинская улица 6 c1,Погодинская улица 6,историческое здание,"Ограда с воротами в Москве. До ближайшего монумента — «Way to ducks!», около 1.17 км.",37.57098,1173,Way to ducks!,,60
Голубятня западная (Черёмушки),Голубятня западная,историческое здание,"Можно рассмотреть фрагмент исторической застройки без музейной торжественности. Есть федеральный охранный статус. До ближайшего монумента — «Первая Хрущёвка», около 1.17 км.",37.584995,1173,Первая Хрущёвка,,60
Гараж и конюшня (Басманный),Гараж конюшня,историческое здание,"Напоминает об индустриальном слое московской архитектуры. Есть федеральный охранный статус. До ближайшего монумента — «Колокольня», около 1.17 км.",37.671211,1173,Колокольня,,60
"Комсомольская площадь 1 c4, Пакгаузы Николаевской железной дороги",Комсомольская площадь 1,историческое здание,"Пакгаузы Николаевской железной дороги. До ближайшего монумента — «Аптекарский огород», около 1.17 км.",37.6535,1172,Аптекарский огород,,60
Новорязанская улица 16/11с1,Новорязанская улица 16,историческое здание,"Можно рассмотреть фрагмент исторической застройки без музейной торжественности. Считается ценной частью городской среды. До ближайшего монумента — «Колокольня», около 1.17 км.",37.659712,1172,Колокольня,,60
Погодинская улица 6 c1,Погодинская улица 6,историческое здание,"Сквер в Москве. До ближайшего монумента — «Way to ducks!», около 1.17 км.",37.57088,1171,Way to ducks!,,60
Военно-артиллерийская академия имени Ф.Э. Дзержинского (Таганский),Академия Дзержинского,историческое здание,"Военно-артиллерийская академия имени Ф.Э. До ближайшего монумента — «Дом Мёда», около 1.17 км.",37.638784,1171,Дом Мёда,,60
Лечебница для грудных детей (Замоскворечье),Лечебница грудных детей,историческое здание,"Можно рассмотреть фрагмент исторической застройки без музейной торжественности. Считается ценной частью городской среды. До ближайшего монумента — «Усадьба Ардалионова», около 1.17 км.",37.619761,1171,Усадьба Ардалионова,,60
улица Преображенский Вал 25 корпус 2,Улица Преображенский Вал,историческое здание,"Выделяется силуэтом или масштабом в окружающей застройке. Есть федеральный охранный статус. До ближайшего монумента — «Дворец на Яузе», около 1.17 км.",37.71833639,1170,Дворец на Яузе,,60
Улица Тимура Фрунзе 11 с46,Музей Улица Тимура,музей,"Картинная галерея фабрики К. До ближайшего монумента — «Фигурный фонтан», около 1.17 км.",37.5857181,1170,Фигурный фонтан,,60
Флигель (Таганский),Флигель,историческое здание,"Можно рассмотреть фрагмент исторической застройки без музейной торжественности. Есть региональный охранный статус. До ближайшего монумента — «Усадьба Морозовых», около 1.17 км.",37.65322649,1170,Усадьба Морозовых,,60
Особняк П.И. Чернышёва (Басманный),Особняк Чернышёва,усадьба / дворец / особняк,"Подойдёт для спокойного знакомства с московской усадебной архитектурой. Считается ценной частью городской среды. До ближайшего монумента — «Колокольня», около 1.17 км.",37.678577,1170,Колокольня,,60
Главный корпус (Западное Дегунино),Главный корпус,историческое здание,"Выделяется силуэтом или масштабом в окружающей застройке. Сохраняет признаки объекта наследия. До ближайшего монумента — «Apple garden», около 1.17 км.",37.522778,1170,Apple garden,,60
Ансамбль построек Русско-бельгийского общества патронных заводов (Можайский),Ансамбль построек Русско-бельгийского,историческое здание,"Напоминает об индустриальном слое московской архитектуры. Сохраняет признаки объекта наследия. До ближайшего монумента — «Дача Д. Филиппова», около 1.17 км.",37.425367,1170,Дача Д. Филиппова,,60
Москва Лиственничная аллея 12 c4,Москва Лиственничная аллея,историческое здание,"Можно рассмотреть фрагмент исторической застройки без музейной торжественности. Есть выявленный охранный статус. До ближайшего монумента — «Tram station», около 1.17 км.",37.563896,1169,Tram station,,60
Главный дом с флигелем (Басманный),Главный дом флигелем,историческое здание,"Можно рассмотреть фрагмент исторической застройки без музейной торжественности. Есть региональный охранный статус. До ближайшего монумента — «Доходный дом Перлова», около 1.17 км.",37.64722575,1169,Доходный дом Перлова,,60
Дифтерийный корпус (Замоскворечье),Дифтерийный корпус,историческое здание,"Выделяется силуэтом или масштабом в окружающей застройке. Считается ценной частью городской среды. До ближайшего монумента — «Фигурный фонтан», около 1.17 км.",37.618947,1169,Фигурный фонтан,,60
Дом призрения для неизлечимо больных (Сокольники),Дом призрения неизлечимо,историческое здание,"Можно рассмотреть фрагмент исторической застройки без музейной торжественности. Есть выявленный охранный статус. До ближайшего монумента — «Большой розарий», около 1.17 км.",37.68690433,1168,Большой розарий,,60
Солодовня (Хамовники),Солодовня,историческое здание,"Можно рассмотреть фрагмент исторической застройки без музейной торжественности. Считается ценной частью городской среды. До ближайшего монумента — «Фигурный фонтан», около 1.17 км.",37.584671,1167,Фигурный фонтан,,60
Учебно-административный корпус (Таганский),Учебно-административный корпус,историческое здание,"Выделяется силуэтом или масштабом в окружающей застройке. Считается ценной частью городской среды. До ближайшего монумента — «Дом Мёда», около 1.17 км.",37.638205,1166,Дом Мёда,,60
Садовый мостик малый (гротескный) (Якиманка),Садовый мостик малый,историческое здание,"Место для прогулки и передышки от плотной городской застройки. Есть федеральный охранный статус. До ближайшего монумента — «Фигурный фонтан», около 1.17 км.",37.590019,1165,Фигурный фонтан,,60
Южный флигель городской усадьбы Клаповской (Таганский),Усадьба,усадьба / дворец / особняк,"Подойдёт для спокойного знакомства с московской усадебной архитектурой. Есть выявленный охранный статус. До ближайшего монумента — «Усадьба Морозовых», около 1.17 км.",37.64622862,1165,Усадьба Морозовых,,60
Западный флигель с башней въезда (Академический),Западный флигель башней,знаковое современное здание,"Можно рассмотреть фрагмент исторической застройки без музейной торжественности. Есть охранный статус. До ближайшего монумента — «Первая Хрущёвка», около 1.17 км.",37.585178,1165,Первая Хрущёвка,,60
Юго-восточный флигель (Таганский),Юго-восточный флигель,историческое здание,"Можно рассмотреть фрагмент исторической застройки без музейной торжественности. Есть охранный статус. До ближайшего монумента — «Усадьба Морозовых», около 1.17 км.",37.64622,1165,Усадьба Морозовых,,60
Флигель восточный с башней въезда (Черёмушки),Флигель восточный башней,знаковое современное здание,"Можно рассмотреть фрагмент исторической застройки без музейной торжественности. Есть охранный статус. До ближайшего монумента — «Первая Хрущёвка», около 1.16 км.",37.58557437,1164,Первая Хрущёвка,,60
Голубятня восточная (Черёмушки),Голубятня восточная,историческое здание,"Можно рассмотреть фрагмент исторической застройки без музейной торжественности. Есть федеральный охранный статус. До ближайшего монумента — «Первая Хрущёвка», около 1.16 км.",37.585816,1164,Первая Хрущёвка,,60
Особняк Я.С. Филевского (Таганский),Особняк Филевского,усадьба / дворец / особняк,"Подойдёт для спокойного знакомства с московской усадебной архитектурой. Есть региональный охранный статус. До ближайшего монумента — «Усадьба Морозовых», около 1.16 км.",37.64627353,1164,Усадьба Морозовых,,60
4-й Сыромятнический переулок 1/8 c6,4-й Сыромятнический переулок,историческое здание,"Можно рассмотреть фрагмент исторической застройки без музейной торжественности. Есть региональный охранный статус. До ближайшего монумента — «Усадьба Морозовых», около 1.16 км.",37.66445543,1163,Усадьба Морозовых,,60
Улица Тимура Фрунзе 11 с49,Улица Тимура Фрунзе,историческое здание,"Можно рассмотреть фрагмент исторической застройки без музейной торжественности. Есть выявленный охранный статус. До ближайшего монумента — «Фигурный фонтан», около 1.16 км.",37.58608641,1163,Фигурный фонтан,,60
Усадьба Нарышкиных (Басманный),Усадьба Нарышкиных,усадьба / дворец / особняк,"Подойдёт для спокойного знакомства с московской усадебной архитектурой. Есть федеральный охранный статус. До ближайшего монумента — «Доходный дом Перлова», около 1.16 км.",37.653618,1163,Доходный дом Перлова,,60
Погодинская улица 6 c1,Усадьба,усадьба / дворец / особняк,"Здание Московской контрольной палаты. До ближайшего монумента — «Way to ducks!», около 1.16 км.",37.57064437,1162,Way to ducks!,,60
Погодинская улица 6 c1,Усадьба,усадьба / дворец / особняк,"Подойдёт для спокойного знакомства с московской усадебной архитектурой. Есть региональный охранный статус. До ближайшего монумента — «Way to ducks!», около 1.16 км.",37.57064437,1162,Way to ducks!,,60
Лиственничная аллея 6,Лиственничная аллея 6,историческое здание,"Можно рассмотреть фрагмент исторической застройки без музейной торжественности. Есть региональный охранный статус. До ближайшего монумента — «Tram station», около 1.16 км.",37.557368,1162,Tram station,,60
Ограда (Басманный),Ограда,историческое здание,"Можно рассмотреть фрагмент исторической застройки без музейной торжественности. Есть региональный охранный статус. До ближайшего монумента — «Доходный дом Перлова», около 1.16 км.",37.653514,1162,Доходный дом Перлова,,60
Комплекс церкви Рождества Пресвятой Богородицы на Кулишках (Таганский),Комплекс церкви Рождества,историческое здание,"Можно рассмотреть фрагмент исторической застройки без музейной торжественности. Есть федеральный охранный статус. До ближайшего монумента — «ГУМ», около 1.16 км.",37.639816,1162,ГУМ,,60
Ансамбль жилых домов,Ансамбль жилых домов,историческое здание,"Можно рассмотреть фрагмент исторической застройки без музейной торжественности. Считается ценной частью городской среды. До ближайшего монумента — «Усадьба Морозовых», около 1.16 км.",37.655847,1162,Усадьба Морозовых,,60
"Новая Басманная улица 23а c4, Службы южные",Новая Басманная улица,историческое здание,"Можно рассмотреть фрагмент исторической застройки без музейной торжественности. Есть охранный статус. До ближайшего монумента — «Колокольня», около 1.16 км.",37.66178,1161,Колокольня,,60
"Токмаков переулок 21/2 c2, Флигель",Токмаков переулок 21,историческое здание,"Можно рассмотреть фрагмент исторической застройки без музейной торжественности. Есть региональный охранный статус. До ближайшего монумента — «Колокольня», около 1.16 км.",37.67095924,1161,Колокольня,,60
Жилой флигель (Таганский),Жилой флигель,историческое здание,"Можно рассмотреть фрагмент исторической застройки без музейной торжественности. Есть выявленный охранный статус. До ближайшего монумента — «Дом Мёда», около 1.16 км.",37.64585133,1160,Дом Мёда,,60
Улица Барболина 3 к9,Улица Барболина 3,историческое здание,"Можно рассмотреть фрагмент исторической застройки без музейной торжественности. Считается ценной частью городской среды. До ближайшего монумента — «Дворец на Яузе», около 1.16 км.",37.687524,1160,Дворец на Яузе,,60
Теремок и ограда с башнями (Ново-Переделкино),Теремок ограда башнями,знаковое современное здание,"Выделяется силуэтом или масштабом в окружающей застройке. Есть региональный охранный статус. До ближайшего монумента — «House of Poems», около 1.16 км.",37.34880541,1158,House of Poems,,60
Са��ы Военного госпиталя (16.5 га) (Басманный),Са ы Военного,историческое здание,"Можно рассмотреть фрагмент исторической застройки без музейной торжественности. Есть региональный охранный статус. До ближайшего монумента — «Су-27», около 1.16 км.",37.69802548,1158,Су-27,,60
Службы южные (Басманный),Службы южные,историческое здание,"Можно рассмотреть фрагмент исторической застройки без музейной торжественности. Есть федеральный охранный статус. До ближайшего монумента — «Доходный дом Перлова», около 1.16 км.",37.65321751,1158,Доходный дом Перлова,,60
Производственный корпус фабрики «Брокар и Ко»,Производственный корпус фабрики,историческое здание,"Выделяется силуэтом или масштабом в окружающей застройке. Сохраняет признаки объекта наследия. До ближайшего монумента — «Дом-корабль», около 1.16 км.",37.618367,1158,Дом-корабль,,60
Лиственничная аллея 4,Лиственничная аллея 4,историческое здание,"Можно рассмотреть фрагмент исторической застройки без музейной торжественности. Есть региональный охранный статус. До ближайшего монумента — «Tram station», около 1.16 км.",37.556325,1157,Tram station,,60
Казённый винный склад № 2 (Тверской),Казённый винный склад,историческое здание,"Можно рассмотреть фрагмент исторической застройки без музейной торжественности. Считается ценной частью городской среды. До ближайшего монумента — «Еврейский музей», около 1.16 км.",37.594714,1157,Еврейский музей,,60
Флигель западный (Хамовники),Флигель западный,историческое здание,"Можно рассмотреть фрагмент исторической застройки без музейной торжественности. Есть федеральный охранный статус. До ближайшего монумента — «Пётр l», около 1.16 км.",37.59011086,1156,Пётр l,,60
Дом причта северный (Басманный),Дом причта северный,историческое здание,"Можно рассмотреть фрагмент исторической застройки без музейной торжественности. Есть федеральный охранный статус. До ближайшего монумента — «Доходный дом Перлова», около 1.16 км.",37.64052432,1156,Доходный дом Перлова,,60
Улица Барболина 3 к3,Улица Барболина 3,историческое здание,"Можно рассмотреть фрагмент исторической застройки без музейной торжественности. Считается ценной частью городской среды. До ближайшего монумента — «Дворец на Яузе», около 1.16 км.",37.688458,1156,Дворец на Яузе,,60
Дом для преподавателей и служителей (Тверской),Дом преподавателей служителей,историческое здание,"Можно рассмотреть фрагмент исторической застройки без музейной торжественности. Считается ценной частью городской среды. До ближайшего монумента — «Всем влюбленным», около 1.16 км.",37.596041,1155,Всем влюбленным,,60
Слободской дворец. Центральная часть,Слободской дворец. часть,усадьба / дворец / особняк,"Подойдёт для спокойного знакомства с московской усадебной архитектурой. Есть федеральный охранный статус. До ближайшего монумента — «Колокольня», около 1.16 км.",37.684542,1155,Колокольня,,60
Казарма (Печатники),Казарма,историческое здание,"Можно рассмотреть фрагмент исторической застройки без музейной торжественности. Считается ценной частью городской среды. До ближайшего монумента — «Футболисты», около 1.15 км.",37.683224,1154,Футболисты,,60
Ленинградский проспект 24А,Ленинградский проспект 24А,спортивная арена / стадион,"Дворец спорта «Авиахим» («Крылья Советов»). До ближайшего монумента — «Купание коней», около 1.15 км.",37.57443,1153,Купание коней,,60
улица Вавилова 32 с1,Улица Вавилова 32,историческое здание,"Главный корпус. Историческое здание в Москве, памятник архитектуры. До ближайшего монумента — «Первая Хрущёвка», около 1.15 км.",37.57206371,1153,Первая Хрущёвка,,60
Авиамоторная улица 22/18,Авиамоторная улица 22,историческое здание,"Можно рассмотреть фрагмент исторической застройки без музейной торжественности. Считается ценной частью городской среды. До ближайшего монумента — «Су-27», около 1.15 км.",37.717348,1153,Су-27,,60
Новая Басманная ул��ца 23а c2,Новая Басманная ул,историческое здание,"Историческое здание в Москве, памятник архитектуры. До ближайшего монумента — «Колокольня», около 1.15 км.",37.66210185,1152,Колокольня,,60
Жилые дома РЖСКТ «Военный строитель» (Пресненский),Жилые дома РЖСКТ,историческое здание,"Можно рассмотреть фрагмент исторической застройки без музейной торжественности. Считается ценной частью городской среды. До ближайшего монумента — «Cheapshot HQ», около 1.15 км.",37.584014,1152,Cheapshot HQ,,60
Два боковых корпуса (Таганский),Два боковых корпуса,историческое здание,"Выделяется силуэтом или масштабом в окружающей застройке. Есть федеральный охранный статус. До ближайшего монумента — «ГУМ», около 1.15 км.",37.639486,1152,ГУМ,,60
Флигель (Басманный),Флигель,историческое здание,"Можно рассмотреть фрагмент исторической застройки без музейной торжественности. Есть выявленный охранный статус. До ближайшего монумента — «ГУМ», около 1.15 км.",37.6397877,1151,ГУМ,,60
Ограда с воротами (Хамовники),Ограда воротами,историческое здание,"Можно рассмотреть фрагмент исторической застройки без музейной торжественности. Есть охранный статус. До ближайшего монумента — «Пётр l», около 1.15 км.",37.590105,1151,Пётр l,,60
Городская усадьба (Басманный),Усадьба,усадьба / дворец / особняк,"Подойдёт для спокойного знакомства с московской усадебной архитектурой. Есть региональный охранный статус. До ближайшего монумента — «Доходный дом Перлова», около 1.15 км.",37.64268027,1150,Доходный дом Перлова,,60
Фабричный корпус (Якиманка),Фабричный корпус,историческое здание,"Выделяется силуэтом или масштабом в окружающей застройке. Считается ценной частью городской среды. До ближайшего монумента — «Фигурный фонтан», около 1.15 км.",37.609038,1150,Фигурный фонтан,,60
"Новая Басманная улица 23а c5, Службы юго-западные",Новая Басманная улица,историческое здание,"Можно рассмотреть фрагмент исторической застройки без музейной торжественности. Есть охранный статус. До ближайшего монумента — «Колокольня», около 1.15 км.",37.66183,1149,Колокольня,,60
Дом причта церкви архидиакона Стефана (Таганский),Дом причта церкви,историческое здание,"Можно рассмотреть фрагмент исторической застройки без музейной торжественности. Считается ценной частью городской среды. До ближайшего монумента — «Усадьба Морозовых», около 1.15 км.",37.647198,1149,Усадьба Морозовых,,60
Ограда (Таганский),Ограда,историческое здание,"Можно рассмотреть фрагмент исторической застройки без музейной торжественности. Есть федеральный охранный статус. До ближайшего монумента — «ГУМ», около 1.15 км.",37.639562,1149,ГУМ,,60
Главный дом (Басманный),Главный дом,историческое здание,"Можно рассмотреть фрагмент исторической застройки без музейной торжественности. Есть выявленный охранный статус. До ближайшего монумента — «ГУМ», около 1.15 км.",37.63980566,1148,ГУМ,,60
Языковский переулок 5 к5,Языковский переулок 5,историческое здание,"Можно рассмотреть фрагмент исторической застройки без музейной торжественности. Считается ценной частью городской среды. До ближайшего монумента — «Фигурный фонтан», около 1.15 км.",37.583206,1148,Фигурный фонтан,,60
Пилоны ворот с фрагментом восточной ограды (Басманный),Пилоны ворот фрагментом,историческое здание,"Можно рассмотреть фрагмент исторической застройки без музейной торжественности. Есть региональный охранный статус. До ближайшего монумента — «Доходный дом Перлова», около 1.15 км.",37.643218,1148,Доходный дом Перлова,,60
Центральный флигель с проездом (бывший Каретный сарай) (Таганский),Флигель проездом бывший,историческое здание,"Можно рассмотреть фрагмент исторической застройки без музейной торжественности. Есть охранный статус. До ближайшего монумента — «ГУМ», около 1.15 км.",37.639113,1147,ГУМ,,60
Главный дом с палатами (Таганский),Главный дом палатами,усадьба / дворец / особняк,"Можно увидеть редкий для Москвы слой старой каменной застройки. Есть федеральный охранный статус. До ближайшего монумента — «Усадьба Морозовых», около 1.15 км.",37.64652506,1147,Усадьба Морозовых,,60
Ограда с воротами (Таганский),Ограда воротами,историческое здание,"Можно рассмотреть фрагмент исторической застройки без музейной торжественности. Есть федеральный охранный статус. До ближайшего монумента — «Усадьба Морозовых», около 1.15 км.",37.64652506,1147,Усадьба Морозовых,,60
Дом директора Даниловской мануфактуры Ф.Д. Лаута (Донской),Дом Лаута,историческое здание,"Дом директора Даниловской мануфактуры Ф.Д. До ближайшего монумента — «Дом-корабль», около 1.15 км.",37.622024,1147,Дом-корабль,,60
M. K. Morozova city estate main building,M. K. Morozova,историческое здание,"Можно рассмотреть фрагмент исторической застройки без музейной торжественности. Есть региональный охранный статус. До ближайшего монумента — «Пётр l», около 1.15 км.",37.59222222,1147,Пётр l,,60
Церковь Воздвижения Креста Господня в Красном селе (Красносельский),Церковь Воздвижения Креста,исторический храм / монастырь,"Тихая архитектурная точка, заметная в исторической среде района. Есть региональный охранный статус. До ближайшего монумента — «Колокольня», около 1.15 км.",37.663814,1146,Колокольня,,60
Храм Воскресения Словущего (Лефортово),Храм Воскресения Словущего,исторический храм / монастырь,"Тихая архитектурная точка, заметная в исторической среде района. Есть региональный охранный статус. До ближайшего монумента — «Су-27», около 1.15 км.",37.701647,1146,Су-27,,60
Доходное владение А.А. Лазарик – А.Л. Шанявского (Арбат),Владение Шанявского,историческое здание,"Можно рассмотреть фрагмент исторической застройки без музейной торжественности. Есть выявленный охранный статус. До ближайшего монумента — «Cheapshot HQ», около 1.15 км.",37.59849214,1146,Cheapshot HQ,,60
Главный дом (Хамовники),Главный дом,историческое здание,"Можно рассмотреть фрагмент исторической застройки без музейной торжественности. Есть региональный охранный статус. До ближайшего монумента — «Пётр l», около 1.15 км.",37.59596788,1146,Пётр l,,60
Городская усадьба А.И. Фонвизина – В.А. Еремееева (Хамовники),Усадьба Фонвизина,усадьба / дворец / особняк,"Подойдёт для спокойного знакомства с московской усадебной архитектурой. Есть региональный охранный статус. До ближайшего монумента — «Пётр l», около 1.15 км.",37.59596788,1146,Пётр l,,60
Скарлатиновый корпус (Замоскворечье),Скарлатиновый корпус,историческое здание,"Выделяется силуэтом или масштабом в окружающей застройке. Считается ценной частью городской среды. До ближайшего монумента — «Фигурный фонтан», около 1.15 км.",37.618839,1146,Фигурный фонтан,,60
Слободской дворец. Северное крыло,Слободской дворец. Северное,усадьба / дворец / особняк,"Подойдёт для спокойного знакомства с московской усадебной архитектурой. Есть федеральный охранный статус. До ближайшего монумента — «Колокольня», около 1.15 км.",37.684945,1146,Колокольня,,60
Сыромятнический проезд 8 корпус 1,Сыромятнический проезд 8,историческое здание,"Выделяется силуэтом или масштабом в окружающей застройке. Есть выявленный охранный статус. До ближайшего монумента — «Усадьба Морозовых», около 1.15 км.",37.66998906,1145,Усадьба Морозовых,,60
Комсомольский проспект 22,Комсомольский проспект 22,историческое здание,"Можно рассмотреть фрагмент исторической застройки без музейной торжественности. Есть федеральный охранный статус. До ближайшего монумента — «Фигурный фонтан», около 1.15 км.",37.582996,1145,Фигурный фонтан,,60
Ансамбль жилых домов О.А. Гартман (Хамовники),Ансамбль жилых домов,историческое здание,"Можно рассмотреть фрагмент исторической застройки без музейной торжественности. Считается ценной частью городской среды. До ближайшего монумента — «Пётр l», около 1.15 км.",37.593227,1145,Пётр l,,60
Службы (два корпуса) (Таганский),Службы два корпуса,историческое здание,"Выделяется силуэтом или масштабом в окружающей застройке. Есть охранный статус. До ближайшего монумента — «Дом Мёда», около 1.15 км.",37.645842,1145,Дом Мёда,,60
Главный корпус с храмом иконы Божией Матери «Утоли моя Печали» (Лефортово),Главный корпус храмом,исторический храм / монастырь,"Тихая архитектурная точка, заметная в исторической среде района. Есть региональный охранный статус. До ближайшего монумента — «Су-27», около 1.14 км.",37.70106178,1143,Су-27,,60
Главный дом (Таганский),Главный дом,историческое здание,"Можно рассмотреть фрагмент исторической застройки без музейной торжественности. Есть региональный охранный статус. До ближайшего монумента — «Усадьба Морозовых», около 1.14 км.",37.64658794,1143,Усадьба Морозовых,,60
Городская усадьба (Таганский),Усадьба,усадьба / дворец / особняк,"Подойдёт для спокойного знакомства с московской усадебной архитектурой. Есть региональный охранный статус. До ближайшего монумента — «Усадьба Морозовых», около 1.14 км.",37.64658794,1143,Усадьба Морозовых,,60
Флигель (Таганский),Флигель,историческое здание,"Можно рассмотреть фрагмент исторической застройки без музейной торжественности. Есть федеральный охранный статус. До ближайшего монумента — «Усадьба Морозовых», около 1.14 км.",37.64661489,1143,Усадьба Морозовых,,60
Острозаразный корпус (Замоскворечье),Острозаразный корпус,историческое здание,"Выделяется силуэтом или масштабом в окружающей застройке. Считается ценной частью городской среды. До ближайшего монумента — «Фигурный фонтан», около 1.14 км.",37.617898,1143,Фигурный фонтан,,60
Флигель (западный) (Хамовники),Флигель западный,историческое здание,"Можно рассмотреть фрагмент исторической застройки без музейной торжественности. Есть выявленный охранный статус. До ближайшего монумента — «Пётр l», около 1.14 км.",37.5913685,1142,Пётр l,,60
Флигель (Басманный),Флигель,историческое здание,"Можно рассмотреть фрагмент исторической застройки без музейной торжественности. Есть федеральный охранный статус. До ближайшего монумента — «Доходный дом Перлова», около 1.14 км.",37.65335226,1142,Доходный дом Перлова,,60
Флигель (Басманный),Флигель,историческое здание,"Можно рассмотреть фрагмент исторической застройки без музейной торжественности. Есть федеральный охранный статус. До ближайшего монумента — «Доходный дом Перлова», около 1.14 км.",37.65335226,1142,Доходный дом Перлова,,60
Шестая Парковая улица 20,Шестая Парковая улица,знаковое городское место,"Место для прогулки и передышки от плотной городской застройки. Считается ценной частью городской среды. До ближайшего монумента — «Спутник-1», около 1.14 км.",37.791171,1142,Спутник-1,,60
Фрагменты валов и дренажные канавы вдоль Владимирского тракта (Измайлово),Фрагменты валов дренажные,историческое здание,"Можно рассмотреть фрагмент исторической застройки без музейной торжественности. Считается ценной частью городской среды. До ближайшего монумента — «Царская пасека», около 1.14 км.",37.775058,1142,Царская пасека,,60
Дом Бурганова,Музей Дом Бурганова,музей,"Московский государственный музей в Москве. До ближайшего монумента — «Пётр l», около 1.14 км.",37.596944444,1141,Пётр l,https://ru.wikipedia.org/wiki/%D0%94%D0%BE%D0%BC_%D0%91%D1%83%D1%80%D0%B3%D0%B0%D0%BD%D0%BE%D0%B2%D0%B0,60
Дом кооперативного жилищного товарищества «Научные работники» (Арбат),Театр Научные работники,театр,"Камерная культурная точка для тех, кто ищет районную сцену. Есть выявленный охранный статус. До ближайшего монумента — «Пётр l», около 1.14 км.",37.59859096,1141,Пётр l,,60
"Большой Демидовский переулок 17 c2 / Новокирочный переулок 1, Главный дом усадьбы К. Ратхина",Усадьба Ратхина,усадьба / дворец / особняк,"Большой Демидовский переулок 17 c2 / Новокирочный переулок 1, Главный дом усадьбы К. До ближайшего монумента — «Колокольня», около 1.14 км.",37.67679829,1140,Колокольня,,60
Ансамбль жилых домов (Донской),Ансамбль жилых домов,историческое здание,"Можно рассмотреть фрагмент исторической застройки без музейной торжественности. Есть региональный охранный статус. До ближайшего монумента — «Фигурный фонтан», около 1.14 км.",37.59713569,1140,Фигурный фонтан,,60
Ленинский проспект 12,Ленинский проспект 12,историческое здание,"Можно рассмотреть фрагмент исторической застройки без музейной торжественности. Есть региональный охранный статус. До ближайшего монумента — «Фигурный фонтан», около 1.14 км.",37.59713569,1140,Фигурный фонтан,,60
"Новая Басманная улица 23а c6, Службы северо-западные",Новая Басманная улица,историческое здание,"Можно рассмотреть фрагмент исторической застройки без музейной торжественности. Есть охранный статус. До ближайшего монумента — «Колокольня», около 1.14 км.",37.66186,1139,Колокольня,,60
Главный дом (Хамовники),Главный дом,историческое здание,"Можно рассмотреть фрагмент исторической застройки без музейной торжественности. Есть федеральный охранный статус. До ближайшего монумента — «Пётр l», около 1.14 км.",37.59128765,1139,Пётр l,,60
Службы западные (Басманный),Службы западные,историческое здание,"Можно рассмотреть фрагмент исторической застройки без музейной торжественности. Есть федеральный охранный статус. До ближайшего монумента — «Доходный дом Перлова», около 1.14 км.",37.65309175,1139,Доходный дом Перлова,,60
Конный двор с башнями: западный корпус (конюшня) с манежем (Черёмушки),Конный двор,знаковое современное здание,"Выделяется силуэтом или масштабом в окружающей застройке. Есть федеральный охранный статус. До ближайшего монумента — «Первая Хрущёвка», около 1.14 км.",37.58437961,1138,Первая Хрущёвка,,60
Два корпуса (людская): западный корпус (Черёмушки),Два корпуса людская,историческое здание,"Выделяется силуэтом или масштабом в окружающей застройке. Есть федеральный охранный статус. До ближайшего монумента — «Первая Хрущёвка», около 1.14 км.",37.58437961,1138,Первая Хрущёвка,,60
Улица Барболина 3 к2,Улица Барболина 3,историческое здание,"Можно рассмотреть фрагмент исторической застройки без музейной торжественности. Считается ценной частью городской среды. До ближайшего монумента — «Дворец на Яузе», около 1.14 км.",37.688949,1138,Дворец на Яузе,,60
Здание для снаряжения капсюлей (Можайский),Здание снаряжения капсюлей,историческое здание,"Можно рассмотреть фрагмент исторической застройки без музейной торжественности. Сохраняет признаки объекта наследия. До ближайшего монумента — «Дача Д. Филиппова», около 1.14 км.",37.425974,1138,Дача Д. Филиппова,,60
улиц�� Вавилова 21,Улиц Вавилова 21,историческое здание,"Можно рассмотреть фрагмент исторической застройки без музейной торжественности. Сохраняет признаки объекта наследия. До ближайшего монумента — «Первая Хрущёвка», около 1.14 км.",37.575758,1137,Первая Хрущёвка,,60
Флигель городской усадьбы Глебовых (Басманный),Усадьба,усадьба / дворец / особняк,"Подойдёт для спокойного знакомства с московской усадебной архитектурой. Есть выявленный охранный статус. До ближайшего монумента — «Доходный дом Перлова», около 1.14 км.",37.6446386,1137,Доходный дом Перлова,,60
Манеж (Академический),Манеж,историческое здание,"Можно рассмотреть фрагмент исторической застройки без музейной торжественности. Есть охранный статус. До ближайшего монумента — «Первая Хрущёвка», около 1.14 км.",37.584196,1137,Первая Хрущёвка,,60
Службы юго-западные (Басманный),Службы юго-западные,историческое здание,"Можно рассмотреть фрагмент исторической застройки без музейной торжественности. Есть федеральный охранный статус. До ближайшего монумента — «Доходный дом Перлова», около 1.14 км.",37.65291208,1136,Доходный дом Перлова,,60
Богадельня Яузского попечительства о бедных,Богадельня Яузского попечительства,историческое здание,"Можно рассмотреть фрагмент исторической застройки без музейной торжественности. Сохраняет признаки объекта наследия. До ближайшего монумента — «Усадьба Морозовых», около 1.14 км.",37.648872,1136,Усадьба Морозовых,,60
Конный двор с башнями (Черёмушки),Конный двор,знаковое современное здание,"Выделяется силуэтом или масштабом в окружающей застройке. Есть федеральный охранный статус. До ближайшего монумента — «Первая Хрущёвка», около 1.13 км.",37.585096,1134,Первая Хрущёвка,,60
Главный дом (Тутолмина) (Таганский),Главный дом Тутолмина,историческое здание,"Можно рассмотреть фрагмент исторической застройки без музейной торжественности. Есть федеральный охранный статус. До ближайшего монумента — «Дом Мёда», около 1.13 км.",37.645156,1133,Дом Мёда,,60
"Дендрологический сад Шредера (площадью 13,5 га) (Тимирязевский)",Дендрологический сад Шредера,историческое здание,"Место для прогулки и передышки от плотной городской застройки. Есть региональный охранный статус. До ближайшего монумента — «Tram station», около 1.13 км.",37.546898,1131,Tram station,,60
Палаты Крутицкого казенного приказа (Таганский),Палаты Крутицкого казенного,усадьба / дворец / особняк,"Можно увидеть редкий для Москвы слой старой каменной застройки. Есть федеральный охранный статус. До ближайшего монумента — «Футболисты», около 1.13 км.",37.65917,1131,Футболисты,,60
Склады для сырья (Можайский),Склады сырья,историческое здание,"Можно рассмотреть фрагмент исторической застройки без музейной торжественности. Сохраняет признаки объекта наследия. До ближайшего монумента — «Дача Д. Филиппова», около 1.13 км.",37.425593,1131,Дача Д. Филиппова,,60
Восточный въездной корпус (Таганский),Восточный въездной корпус,историческое здание,"Выделяется силуэтом или масштабом в окружающей застройке. Есть федеральный охранный статус. До ближайшего монумента — «ГУМ», около 1.13 км.",37.63767,1130,ГУМ,,60
Городская усадьба Е.И. Васильчиковой – С.А. Оболенского – Н.Ф. фон Мекк (Хамовники),Усадьба Васильчиковой,усадьба / дворец / особняк,"Городская усадьба Е.И. Васильчиковой – С.А. До ближайшего монумента — «Пётр l», около 1.13 км.",37.60120506,1130,Пётр l,,60
Боковой флигель (северный) (Таганский),Боковой флигель северный,историческое здание,"Можно рассмотреть фрагмент исторической застройки без музейной торжественности. Есть федеральный охранный статус. До ближайшего монумента — «ГУМ», около 1.13 км.",37.638998,1130,ГУМ,,60
Башня № 8 — круглая угловая юго-восточная (Донской),Башня 8,знаковое современное здание,"Выделяется силуэтом или масштабом в окружающей застройке. Есть федеральный охранный статус. До ближайшего монумента — «Дом-корабль», около 1.13 км.",37.60455,1129,Дом-корабль,,60
Два пилона ворот с двумя белокаменными скульптурными группами (Таганский),Два пилона ворот,историческое здание,"Можно рассмотреть фрагмент исторической застройки без музейной торжественности. Есть федеральный охранный статус. До ближайшего монумента — «ГУМ», около 1.13 км.",37.639293,1129,ГУМ,,60
4-й Сыромятнический переулок 1 Мрузовский переулок 8 c1,4-й Сыромятнический переулок,историческое здание,"Можно рассмотреть фрагмент исторической застройки без музейной торжественности. Есть федеральный охранный статус. До ближайшего монумента — «Усадьба Морозовых», около 1.13 км.",37.66600952,1128,Усадьба Морозовых,,60
улица Льва Толстого 21 с5,Улица Льва Толстого,историческое здание,"Сарай. Историческое здание в Москве, памятник архитектуры. До ближайшего монумента — «Фигурный фонтан», около 1.13 км.",37.585535,1128,Фигурный фонтан,,60
Хирургический корпус (Мещанский),Хирургический корпус,историческое здание,"Выделяется силуэтом или масштабом в окружающей застройке. Сохраняет признаки объекта наследия. До ближайшего монумента — «Аптекарский огород», около 1.13 км.",37.62713,1128,Аптекарский огород,,60
Подпорная стена (Басманный),Подпорная стена,историческое здание,"Можно рассмотреть фрагмент исторической застройки без музейной торжественности. Есть региональный охранный статус. До ближайшего монумента — «Доходный дом Перлова», около 1.13 км.",37.642763,1128,Доходный дом Перлова,,60
Административное здание завода «Красный Октябрь» (Покровское-Стрешнево),Административное здание завода,историческое здание,"Напоминает об индустриальном слое московской архитектуры. Сохраняет признаки объекта наследия. До ближайшего монумента — «Стадион Спартак», около 1.13 км.",37.44466,1128,Стадион Спартак,,60
Кельи южные (Басманный),Кельи южные,историческое здание,"Можно рассмотреть фрагмент исторической застройки без музейной торжественности. Есть федеральный охранный статус. До ближайшего монумента — «Доходный дом Перлова», около 1.13 км.",37.639964,1127,Доходный дом Перлова,,60
Флигель городск��й усадьбы (Якиманка),Усадьба,усадьба / дворец / особняк,"Подойдёт для спокойного знакомства с московской усадебной архитектурой. Есть региональный охранный статус. До ближайшего монумента — «Пётр l», около 1.13 км.",37.620258,1127,Пётр l,,60
Коревый корпус (Замоскворечье),Коревый корпус,историческое здание,"Выделяется силуэтом или масштабом в окружающей застройке. Считается ценной частью городской среды. До ближайшего монумента — «Фигурный фонтан», около 1.13 км.",37.617884,1127,Фигурный фонтан,,60
1-я Фрунзенская улица 3А c1,Музей 1-я Фрунзенская,музей,"Главный павильон Постоянной Всесоюзной Строительной Выставки. До ближайшего монумента — «Фигурный фонтан», около 1.13 км.",37.58480182,1126,Фигурный фонтан,,60
Ограда (Хамовники),Ограда,историческое здание,"Можно рассмотреть фрагмент исторической застройки без музейной торжественности. Есть региональный охранный статус. До ближайшего монумента — «Пётр l», около 1.13 км.",37.5912398,1126,Пётр l,,60
Музей трёх актёров,Музей трёх актёров,музей,"Хороший вариант для короткого визита, если интересны экспозиции и локальные коллекции. До ближайшего монумента — «Ерунда», около 1.12 км.",37.518635,1125,Ерунда,https://ru.wikipedia.org/wiki/%D0%9C%D1%83%D0%B7%D0%B5%D0%B9_%D1%82%D1%80%D1%91%D1%85_%D0%B0%D0%BA%D1%82%D1%91%D1%80%D0%BE%D0%B2,60
Жилой флигель с каретным сараем городской усадьбы Обресковых (Хамовники),Усадьба,усадьба / дворец / особняк,"Подойдёт для спокойного знакомства с московской усадебной архитектурой. Есть региональный охранный статус. До ближайшего монумента — «Пётр l», около 1.12 км.",37.5956355,1124,Пётр l,,60
Больничный корпус (Сокольники),Больничный корпус,историческое здание,"Выделяется силуэтом или масштабом в окружающей застройке. Считается ценной частью городской среды. До ближайшего монумента — «Дворец на Яузе», около 1.12 км.",37.687899,1124,Дворец на Яузе,,60
Новая Басманная улица 23а/1 c1,Усадьба,усадьба / дворец / особняк,"Главный дом с палатами (городское отделение Басманной больницы). До ближайшего монумента — «Колокольня», около 1.12 км.",37.66260491,1123,Колокольня,,60
Пилоны ворот с калитками (Басманный),Пилоны ворот калитками,историческое здание,"Можно рассмотреть фрагмент исторической застройки без музейной торжественности. Есть региональный охранный статус. До ближайшего монумента — «Доходный дом Перлова», около 1.12 км.",37.644652,1123,Доходный дом Перлова,,60
Башня для сушки рукавов (Савёловский),Башня сушки рукавов,знаковое современное здание,"Выделяется силуэтом или масштабом в окружающей застройке. Сохраняет признаки объекта наследия. До ближайшего монумента — «Путевой дворец», около 1.12 км.",37.566186,1123,Путевой дворец,,60
улица Стромынка 20 c4,Улица Стромынка 20,историческое здание,"Можно рассмотреть фрагмент исторической застройки без музейной торжественности. Есть федеральный охранный статус. До ближайшего монумента — «Дворец на Яузе», около 1.12 км.",37.70079229,1122,Дворец на Яузе,,60
улица Льва Толстого 21,Усадьба,усадьба / дворец / особняк,"Подойдёт для спокойного знакомства с московской усадебной архитектурой. Есть региональный охранный статус. До ближайшего монумента — «Фигурный фонтан», около 1.12 км.",37.585155,1122,Фигурный фонтан,,60
Главный дом (Хамовники),Главный дом,историческое здание,"Можно рассмотреть фрагмент исторической застройки без музейной торжественности. Есть федеральный охранный статус. До ближайшего монумента — «Пётр l», около 1.12 км.",37.59068578,1122,Пётр l,,60
Производственный корпус (Измайлово),Производственный корпус,историческое здание,"Выделяется силуэтом или масштабом в окружающей застройке. Сохраняет признаки объекта наследия. До ближайшего монумента — «Спутник-1», около 1.12 км.",37.780826,1122,Спутник-1,,60
Флигель (Хамовники),Флигель,историческое здание,"Можно рассмотреть фрагмент исторической застройки без музейной торжественности. Есть региональный охранный статус. До ближайшего монумента — «Пётр l», около 1.12 км.",37.59221292,1121,Пётр l,,60
"улица Девятая Рота 16 c5, Службы",Улица Девятая Рота,историческое здание,"Можно рассмотреть фрагмент исторической застройки без музейной торжественности. Есть региональный охранный статус. До ближайшего монумента — «Дворец на Яузе», около 1.12 км.",37.71381786,1120,Дворец на Яузе,,60
Лиственничная аллея 2 3 4 6,Лиственничная аллея 2,историческое здание,"Учебные корпуса Сельскохозяйственной академии имени К.А. До ближайшего монумента — «Tram station», около 1.12 км.",37.55545,1120,Tram station,,60
Учебный корпус (Зеленоград),Учебный корпус,историческое здание,"Выделяется силуэтом или масштабом в окружающей застройке. Есть региональный охранный статус. До ближайшего монумента — «КЦ Зеленоград», около 1.12 км.",37.2073245,1120,КЦ Зеленоград,,60
Флигель (Басманный),Флигель,историческое здание,"Можно рассмотреть фрагмент исторической застройки без музейной торжественности. Есть выявленный охранный статус. До ближайшего монумента — «ГУМ», около 1.12 км.",37.63931159,1120,ГУМ,,60
Городская усадьба А.Б. Бутурлина – В.Ф. Голохвастовой (Басманный),Усадьба Бутурлина,усадьба / дворец / особняк,"Подойдёт для спокойного знакомства с московской усадебной архитектурой. Есть выявленный охранный статус. До ближайшего монумента — «ГУМ», около 1.12 км.",37.63931159,1120,ГУМ,,60
Корпус фабрики Г.И. Симоно (Якиманка),Фабрика Симоно,историческое здание,"Выделяется силуэтом или масштабом в окружающей застройке. Считается ценной частью городской среды. До ближайшего монумента — «Фигурный фонтан», около 1.12 км.",37.607898,1120,Фигурный фонтан,,60
улица Льва Толстого 21 с3,Улица Льва Толстого,историческое здание,"Флигель. Историческое здание в Москве, памятник архитектуры. До ближайшего монумента — «Фигурный фонтан», около 1.12 км.",37.58553844,1119,Фигурный фонтан,,60
Службы (Басманный),Службы,историческое здание,"Можно рассмотреть фрагмент исторической застройки без музейной торжественности. Есть федеральный охранный статус. До ближайшего монумента — «Доходный дом Перлова», около 1.12 км.",37.652914,1119,Доходный дом Перлова,,60
Особняк (главный дом) (Таганский),Особняк главный дом,усадьба / дворец / особняк,"Подойдёт для спокойного знакомства с московской усадебной архитектурой. Есть федеральный охранный статус. До ближайшего монумента — «Усадьба Морозовых», около 1.12 км.",37.64700117,1119,Усадьба Морозовых,,60
Главный дом (Таганский),Главный дом,историческое здание,"Можно рассмотреть фрагмент исторической застройки без музейной торжественности. Есть федеральный охранный статус. До ближайшего монумента — «Усадьба Морозовых», около 1.12 км.",37.6469832,1119,Усадьба Морозовых,,60
Здание Большого Московского цирка,Здание Большого Московского,историческое здание,"Можно рассмотреть фрагмент исторической застройки без музейной торжественности. Сохраняет признаки объекта наследия. До ближайшего монумента — «МГУ», около 1.12 км.",37.540156,1119,МГУ,,60
"Новая Басманная улица 22/2 c5, Флигель",Новая Басманная улица,историческое здание,"Историческое здание в Москве, памятник архитектуры. До ближайшего монумента — «Колокольня», около 1.12 км.",37.66310796,1118,Колокольня,,60
Новая Басманная улица 22 с1,Новая Басманная улица,историческое здание,"Историческое здание в Москве, памятник архитектуры. До ближайшего монумента — «Колокольня», около 1.12 км.",37.66360204,1118,Колокольня,,60
Флигель (Таганский),Флигель,историческое здание,"Можно рассмотреть фрагмент исторической застройки без музейной торжественности. Есть федеральный охранный статус. До ближайшего монумента — «Усадьба Морозовых», около 1.12 км.",37.6469832,1118,Усадьба Морозовых,,60
Сокольническая инфекционная больница,Сокольническая инфекционная больница,историческое здание,"Можно рассмотреть фрагмент исторической застройки без музейной торжественности. Считается ценной частью городской среды. До ближайшего монумента — «Дворец на Яузе», около 1.12 км.",37.68855,1118,Дворец на Яузе,,60
Большая Серпуховская улица 6,Большая Серпуховская улица,историческое здание,"Можно рассмотреть фрагмент исторической застройки без музейной торжественности. Считается ценной частью городской среды. До ближайшего монумента — «Усадьба Ардалионова», около 1.12 км.",37.623825,1118,Усадьба Ардалионова,,60
"Новая Басманная улица 23а c3, Службы северные",Новая Басманная улица,историческое здание,"Можно рассмотреть фрагмент исторической застройки без музейной торжественности. Есть охранный статус. До ближайшего монумента — «Колокольня», около 1.12 км.",37.66211,1117,Колокольня,,60
шоссе Энтузиастов 4,Шоссе Энтузиастов 4,историческое здание,"Главные вагоноремонтные мастерские Московско-Курской железной дороги, где 19 июля 1918 года В.И. До ближайшего монумента — «Су-27», около 1.12 км.",37.695189,1117,Су-27,,60
"Службы (каретный сарай, прачечная) (Таганский)",Службы каретный сарай,историческое здание,"Можно рассмотреть фрагмент исторической застройки без музейной торжественности. Есть выявленный охранный статус. До ближайшего монумента — «Усадьба Морозовых», около 1.12 км.",37.64706405,1117,Усадьба Морозовых,,60
2-я Боевская улица 8,2-я Боевская улица,историческое здание,"Можно рассмотреть фрагмент исторической застройки без музейной торжественности. Есть выявленный охранный статус. До ближайшего монумента — «Дворец на Яузе», около 1.12 км.",37.691332,1116,Дворец на Яузе,,60
проезд Черепановых 7,Проезд Черепановых 7,историческое здание,"Здание бани станции Лихоборы, памятник архитектуры. До ближайшего монумента — «НАМИ», около 1.12 км.",37.5266,1116,НАМИ,,60
Александринский дворец (Якиманка),Александринский дворец,усадьба / дворец / особняк,"Подойдёт для спокойного знакомства с московской усадебной архитектурой. Есть федеральный охранный статус. До ближайшего монумента — «Фигурный фонтан», около 1.12 км.",37.59347056,1116,Фигурный фонтан,,60
"Русаковская улица 26 корпус 1, Главный корпус",Русаковская улица 26,историческое здание,"Выделяется силуэтом или масштабом в окружающей застройке. Есть региональный охранный статус. До ближайшего монумента — «Большой розарий», около 1.11 км.",37.68203546,1115,Большой розарий,,60
Главный дом городской усадьбы («Шталмейстерский дворец») (Хамовники),Главный дом усадьбы,усадьба / дворец / особняк,"Подойдёт для спокойного знакомства с московской усадебной архитектурой. Есть региональный охранный статус. До ближайшего монумента — «Пётр l», около 1.11 км.",37.60465459,1115,Пётр l,,60
Бауманская улица 66/11,Бауманская улица 66,историческое здание,"Можно рассмотреть фрагмент исторической застройки без музейной торжественности. Считается ценной частью городской среды. До ближайшего монумента — «Колокольня», около 1.11 км.",37.679782,1115,Колокольня,,60
Хозяйственный корпус (Можайский),Хозяйственный корпус,историческое здание,"Выделяется силуэтом или масштабом в окружающей застройке. Сохраняет признаки объекта наследия. До ближайшего монумента — «Дача Д. Филиппова», около 1.11 км.",37.426164,1114,Дача Д. Филиппова,,60
"улица Девятая Рота 16, Ограда с воротами",Улица Девятая Рота,историческое здание,"Можно рассмотреть фрагмент исторической застройки без музейной торжественности. Есть региональный охранный статус. До ближайшего монумента — «Дворец на Яузе», около 1.11 км.",37.71315,1113,Дворец на Яузе,,60
Хозяйственный корпус (Таганский),Хозяйственный корпус,историческое здание,"Выделяется силуэтом или масштабом в окружающей застройке. Есть региональный охранный статус. До ближайшего монумента — «Дом Мёда», около 1.11 км.",37.63741,1113,Дом Мёда,,60
Грот (Лефортово),Грот,историческое здание,"Можно рассмотреть фрагмент исторической застройки без музейной торжественности. Есть федеральный охранный статус. До ближайшего монумента — «Су-27», около 1.11 км.",37.689876,1112,Су-27,,60
Флигель восточный (Хамовники),Флигель восточный,историческое здание,"Можно рассмотреть фрагмент исторической застройки без музейной торжественности. Есть федеральный охранный статус. До ближайшего монумента — «Пётр l», около 1.11 км.",37.59092833,1112,Пётр l,,60
Богадельня (Басманный),Богадельня,историческое здание,"Можно рассмотреть фрагмент исторической застройки без музейной торжественности. Есть федеральный охранный статус. До ближайшего монумента — «Доходный дом Перлова», около 1.11 км.",37.640764,1112,Доходный дом Перлова,,60
"Комсомольская площадь 1а c2, Пакгаузы Николаевской железной дороги",Комсомольская площадь 1а,историческое здание,"Пакгаузы Николаевской железной дороги. До ближайшего монумента — «Аптекарский огород», около 1.11 км.",37.65254,1111,Аптекарский огород,,60
Богадельня церкви Ризоположения (Донской),Богадельня церкви Ризоположения,историческое здание,"Можно рассмотреть фрагмент исторической застройки без музейной торжественности. Есть федеральный охранный статус. До ближайшего монумента — «Фигурный фонтан», около 1.11 км.",37.60433119,1111,Фигурный фонтан,,60
Клиника для кожных и венерических больных при 2-й Градской больнице (Донской),Клиника кожных венерических,историческое здание,"Можно рассмотреть фрагмент исторической застройки без музейной торжественности. Есть федеральный охранный статус. До ближайшего монумента — «Фигурный фонтан», около 1.11 км.",37.59868977,1111,Фигурный фонтан,,60
Дом (Таганский),Дом,историческое здание,"Можно рассмотреть фрагмент исторической застройки без музейной торжественности. Есть федеральный охранный статус. До ближайшего монумента — «Усадьба Морозовых», около 1.11 км.",37.64781864,1111,Усадьба Морозовых,,60
Сомнительный корпус (Замоскворечье),Сомнительный корпус,историческое здание,"Выделяется силуэтом или масштабом в окружающей застройке. Считается ценной частью городской среды. До ближайшего монумента — «Фигурный фонтан», около 1.11 км.",37.617851,1111,Фигурный фонтан,,60
Будка центрального управления стрелками и сигналами (Дорогомилово),Будка центрального управления,историческое здание,"Можно рассмотреть фрагмент исторической застройки без музейной торжественности. Есть региональный охранный статус. До ближайшего монумента — «Пионер», около 1.11 км.",37.532867,1110,Пионер,,60
Лялин переулок 10с1,Лялин переулок 10с1,историческое здание,"Можно рассмотреть фрагмент исторической застройки без музейной торжественности. Есть федеральный охранный статус. До ближайшего монумента — «Доходный дом Перлова», около 1.11 км.",37.65164546,1110,Доходный дом Перлова,,60
Парк усадьбы Троице-Лыково,Усадьба,усадьба / дворец / особняк,"Зелёное место для прогулки; площадь около 20.9 га. До ближайшего монумента — «Парк», около 1.11 км.",37.40529,1109,Парк,,60
Сторожка (Басманный),Сторожка,историческое здание,"Можно рассмотреть фрагмент исторической застройки без музейной торжественности. Есть федеральный охранный статус. До ближайшего монумента — «Доходный дом Перлова», около 1.11 км.",37.652664,1109,Доходный дом Перлова,,60
Навес на входе на территорию дворца пионеров,Навес входе территорию,историческое здание,"Навес при главном входе. До ближайшего монумента — «Арена Лужники», около 1.11 км.",37.55492,1107,Арена Лужники,,60
Родовспомогательный корпус (Таганский),Родовспомогательный корпус,историческое здание,"Выделяется силуэтом или масштабом в окружающей застройке. Есть региональный охранный статус. До ближайшего монумента — «Дом Мёда», около 1.11 км.",37.63897023,1107,Дом Мёда,,60
Усадьба (Якиманка),Усадьба,усадьба / дворец / особняк,"Подойдёт для спокойного знакомства с московской усадебной архитектурой. Есть региональный охранный статус. До ближайшего монумента — «Дом Мёда», около 1.11 км.",37.620363,1107,Дом Мёда,,60
Котельная (Замоскворечье),Котельная,историческое здание,"Можно рассмотреть фрагмент исторической застройки без музейной торжественности. Считается ценной частью городской среды. До ближайшего монумента — «Фигурный фонтан», около 1.11 км.",37.617213,1106,Фигурный фонтан,,60
Пожарное депо (Савёловский),Пожарное депо,историческое здание,"Интересно как часть городской инфраструктуры и повседневного движения Москвы. Сохраняет признаки объекта наследия. До ближайшего монумента — «Путевой дворец», около 1.11 км.",37.566033,1106,Путевой дворец,,60
Finnish Embassy building,Finnish Embassy building,историческое здание,"Можно рассмотреть фрагмент исторической застройки без музейной торжественности. Есть выявленный охранный статус. До ближайшего монумента — «Пётр l», около 1.11 км.",37.5906,1106,Пётр l,,60
Конный двор с башнями: западный корпус с башней (Черёмушки),Конный двор,знаковое современное здание,"Выделяется силуэтом или масштабом в окружающей застройке. Есть федеральный охранный статус. До ближайшего монумента — «Первая Хрущёвка», около 1.10 км.",37.584385,1105,Первая Хрущёвка,,60
Лабазы (Таганский),Лабазы,историческое здание,"Можно рассмотреть фрагмент исторической застройки без музейной торжественности. Есть федеральный охранный статус. До ближайшего монумента — «Дом Мёда», около 1.10 км.",37.638,1105,Дом Мёда,,60
"Дом, в котором в 1830-х гг. жил писатель С.П. Аксаков, в 1832 г. его посещал Н.В. Гоголь (Хамовники)",Дом Аксаков,историческое здание,"Дом, в котором в 1830-х гг. жил писатель С.П. До ближайшего монумента — «Пётр l», около 1.10 км.",37.59764773,1105,Пётр l,,60
"2-я Бауманская улица 5, Ограда с двумя воротами",2-я Бауманская улица,историческое здание,"Ограда с двумя воротами. До ближайшего монумента — «Колокольня», около 1.10 км.",37.683545,1104,Колокольня,,60
Два корпуса (людская): восточный корпус (Черёмушки),Два корпуса людская,историческое здание,"Выделяется силуэтом или масштабом в окружающей застройке. Есть федеральный охранный статус. До ближайшего монумента — «Первая Хрущёвка», около 1.10 км.",37.58534979,1104,Первая Хрущёвка,,60
Конный двор с башнями: восточный корпус с башней (Черёмушки),Конный двор,знаковое современное здание,"Выделяется силуэтом или масштабом в окружающей застройке. Есть федеральный охранный статус. До ближайшего монумента — «Первая Хрущёвка», около 1.10 км.",37.58534979,1104,Первая Хрущёвка,,60
Постройки хозяйственного двора (Таганский),Постройки хозяйственного двора,историческое здание,"Можно рассмотреть фрагмент исторической застройки без музейной торжественности. Есть федеральный охранный статус. До ближайшего монумента — «Усадьба Морозовых», около 1.10 км.",37.647632,1104,Усадьба Морозовых,,60
Ограда с лестницей и колоннадой,Ограда лестницей колоннадой,историческое здание,"Можно рассмотреть фрагмент исторической застройки без музейной торжественности. Считается ценной частью городской среды. До ближайшего монумента — «Усадьба Морозовых», около 1.10 км.",37.655931,1104,Усадьба Морозовых,,60
Главный корпус (Таганский),Главный корпус,историческое здание,"Выделяется силуэтом или масштабом в окружающей застройке. Есть федеральный охранный статус. До ближайшего монумента — «ГУМ», около 1.10 км.",37.636252,1103,ГУМ,,60
"Северный наземный вестибюль станции метро ""Университет""",Северный наземный вестибюль,историческое здание,"Интересно как часть городской инфраструктуры и повседневного движения Москвы. Есть региональный охранный статус. До ближайшего монумента — «МГУ», около 1.10 км.",37.534501,1102,МГУ,,60
"Юго-западные ворота со звонницей, часовней и сторожкой (Лефортово)",Юго-западные ворота звонницей,историческое здание,"Тихая архитектурная точка, заметная в исторической среде района. Есть региональный охранный статус. До ближайшего монумента — «Су-27», около 1.10 км.",37.7085328,1102,Су-27,,60
Главный дом городской усадьбы с пилонами ворот (Таганский),Усадьба,усадьба / дворец / особняк,"Подойдёт для спокойного знакомства с московской усадебной архитектурой. Есть выявленный охранный статус. До ближайшего монумента — «Усадьба Морозовых», около 1.10 км.",37.64738744,1102,Усадьба Морозовых,,60
Галерея Гари Татинцяна,Музей Галерея Гари,музей,"Хороший вариант для короткого визита, если интересны экспозиции и локальные коллекции. До ближайшего монумента — «Усадьба Морозовых», около 1.10 км.",37.6496,1101,Усадьба Морозовых,https://ru.wikipedia.org/wiki/%D0%93%D0%B0%D0%BB%D0%B5%D1%80%D0%B5%D1%8F_%D0%93%D0%B0%D1%80%D0%B8_%D0%A2%D0%B0%D1%82%D0%B8%D0%BD%D1%86%D1%8F%D0%BD%D0%B0,60
Ансамбль застройки Лялиной площади (Басманный),Ансамбль застройки Лялиной,историческое здание,"Можно рассмотреть фрагмент исторической застройки без музейной торжественности. Есть региональный охранный статус. До ближайшего монумента — «Доходный дом Перлова», около 1.10 км.",37.6517236,1101,Доходный дом Перлова,,60
Кордегардии и ограда (Таганский),Кордегардии ограда,историческое здание,"Можно рассмотреть фрагмент исторической застройки без музейной торжественности. Считается ценной частью городской среды. До ближайшего монумента — «ГУМ», около 1.10 км.",37.638137,1101,ГУМ,,60
улица Льва Толстого 21 с2,Улица Льва Толстого,историческое здание,"Дворницкая. Историческое здание в Москве, памятник архитектуры. До ближайшего монумента — «Фигурный фонтан», около 1.10 км.",37.5859337,1100,Фигурный фонтан,,60
Ограда (Таганский),Ограда,историческое здание,"Можно рассмотреть фрагмент исторической застройки без музейной торжественности. Есть региональный охранный статус. До ближайшего монумента — «Дом Мёда», около 1.10 км.",37.6391,1100,Дом Мёда,,60
Городская усадьба С. Волконской – А.К. фон Мекка (Хамовники),Усадьба Волконской,усадьба / дворец / особняк,"Подойдёт для спокойного знакомства с московской усадебной архитектурой. Есть региональный охранный статус. До ближайшего монумента — «Пётр l», около 1.10 км.",37.59224885,1100,Пётр l,,60
Главный дом (Хамовники),Главный дом,историческое здание,"Можно рассмотреть фрагмент исторической застройки без музейной торжественности. Есть региональный охранный статус. До ближайшего монумента — «Пётр l», около 1.10 км.",37.59224885,1100,Пётр l,,60
Зеленоградский историко-краеведческий музей,Музей Зеленоградский историко-краеведческий,музей,"Хороший вариант для короткого визита, если интересны экспозиции и локальные коллекции. До ближайшего монумента — «Живые камни», около 1.10 км.",37.17186,1099,Живые камни,https://ru.wikipedia.org/wiki/%D0%9C%D1%83%D0%B7%D0%B5%D0%B9_%D0%97%D0%B5%D0%BB%D0%B5%D0%BD%D0%BE%D0%B3%D1%80%D0%B0%D0%B4%D0%B0,60
Сыромятнический проезд 6 корпус 1,Сыромятнический проезд 6,исторический храм / монастырь,"Дом призрения с домовой церковью преподобного Герасима Иорданского. До ближайшего монумента — «Усадьба Морозовых», около 1.10 км.",37.6685787,1099,Усадьба Морозовых,,60
Кропоткинский переулок 13 с2,Кропоткинский переулок 13,историческое здание,"Можно рассмотреть фрагмент исторической застройки без музейной торжественности. Есть региональный охранный статус. До ближайшего монумента — «Пётр l», около 1.10 км.",37.590706,1099,Пётр l,,60
Дом комакадемии (Беговой),Дом комакадемии,историческое здание,"Можно рассмотреть фрагмент исторической застройки без музейной торжественности. Считается ценной частью городской среды. До ближайшего монумента — «Купание коней», около 1.10 км.",37.572298,1099,Купание коней,,60
4-й Сыромятнический переулок 1,4-й Сыромятнический переулок,историческое здание,"Можно рассмотреть фрагмент исторической застройки без музейной торжественности. Есть федеральный охранный статус. До ближайшего монумента — «Усадьба Морозовых», около 1.10 км.",37.66494052,1098,Усадьба Морозовых,,60
Больничный корпус (Сокольники),Больничный корпус,историческое здание,"Выделяется силуэтом или масштабом в окружающей застройке. Считается ценной частью городской среды. До ближайшего монумента — «Дворец на Яузе», около 1.10 км.",37.688027,1098,Дворец на Яузе,,60
Люсиновская улица 9,Люсиновская улица 9,историческое здание,"Можно рассмотреть фрагмент исторической застройки без музейной торжественности. Считается ценной частью городской среды. До ближайшего монумента — «Усадьба Ардалионова», около 1.10 км.",37.623618,1098,Усадьба Ардалионова,,60
Кропоткинский переулок 13 с3,Кропоткинский переулок 13,историческое здание,"Можно рассмотреть фрагмент исторической застройки без музейной торжественности. Есть региональный охранный статус. До ближайшего монумента — «Пётр l», около 1.10 км.",37.590746,1097,Пётр l,,60
Улица Матросская Тишина 19 к2,Улица Матросская Тишина,историческое здание,"Можно рассмотреть фрагмент исторической застройки без музейной торжественности. Есть выявленный охранный статус. До ближайшего монумента — «Дворец на Яузе», около 1.10 км.",37.69407289,1096,Дворец на Яузе,,60
Флигель (службы северные) (Хамовники),Флигель службы северные,историческое здание,"Можно рассмотреть фрагмент исторической застройки без музейной торжественности. Есть выявленный охранный статус. До ближайшего монумента — «Пётр l», около 1.10 км.",37.60036064,1096,Пётр l,,60
Шестая Парковая улица 22,Шестая Парковая улица,знаковое городское место,"Место для прогулки и передышки от плотной городской застройки. Считается ценной частью городской среды. До ближайшего монумента — «Спутник-1», около 1.10 км.",37.791132,1096,Спутник-1,,60
Градостроительный ансамбль посёлка «Дубровка» (Таганский),Градостроительный ансамбль посёлка,историческое здание,"Можно рассмотреть фрагмент исторической застройки без музейной торжественности. Считается ценной частью городской среды. До ближайшего монумента — «Футболисты», около 1.10 км.",37.670753,1096,Футболисты,,60
Поклонная гора,Музей Поклонная гора,музей,"Холм в Западном административном округе Москвы. До ближайшего монумента — «Круглый дом», около 1.09 км.",37.50666667,1094,Круглый дом,https://ru.wikipedia.org/wiki/%D0%9F%D0%BE%D0%BA%D0%BB%D0%BE%D0%BD%D0%BD%D0%B0%D1%8F_%D0%B3%D0%BE%D1%80%D0%B0,60
"Новая Басманная улица, 23а, Ограда",Новая Басманная улица,историческое здание,"Ограда участка с историческим зданием в Москве. До ближайшего монумента — «Колокольня», около 1.09 км.",37.66296,1094,Колокольня,,60
Лиственничная аллея 2,Лиственничная аллея 2,историческое здание,"Можно рассмотреть фрагмент исторической застройки без музейной торжественности. Есть региональный охранный статус. До ближайшего монумента — «Tram station», около 1.09 км.",37.554497,1094,Tram station,,60
Главный дом (Якиманка),Главный дом,историческое здание,"Можно рассмотреть фрагмент исторической застройки без музейной торжественности. Есть региональный охранный статус. До ближайшего монумента — «Дом Мёда», около 1.09 км.",37.620731,1094,Дом Мёда,,60
Улица Барболина 3 к4,Улица Барболина 3,историческое здание,"Можно рассмотреть фрагмент исторической застройки без музейной торжественности. Считается ценной частью городской среды. До ближайшего монумента — «Дворец на Яузе», около 1.09 км.",37.689247,1094,Дворец на Яузе,,60
Ограда (Хамовники),Ограда,историческое здание,"Можно рассмотреть фрагмент исторической застройки без музейной торжественности. Есть региональный охранный статус. До ближайшего монумента — «Пётр l», около 1.09 км.",37.592298,1093,Пётр l,,60
Ансамбль жилых домов (Хамовники),Ансамбль жилых домов,историческое здание,"Можно рассмотреть фрагмент исторической застройки без музейной торжественности. Считается ценной частью городской среды. До ближайшего монумента — «Фигурный фонтан», около 1.09 км.",37.58745,1093,Фигурный фонтан,,60
Слободской дворец. Северный переход,Слободской дворец. Северный,усадьба / дворец / особняк,"Подойдёт для спокойного знакомства с московской усадебной архитектурой. Есть федеральный охранный статус. До ближайшего монумента — «Колокольня», около 1.09 км.",37.68461,1093,Колокольня,,60
Аэровокзал Центрального аэропорта им. М.В. Фрунзе (Хорошёвский),Аэровокзал Центрального аэропорта,вокзал / транспортный объект,"Аэровокзал Центрального аэропорта им. М.В. До ближайшего монумента — «Путевой дворец», около 1.09 км.",37.535327,1092,Путевой дворец,,60
Сад (Хамовники),Сад,историческое здание,"Место для прогулки и передышки от плотной городской застройки. Есть охранный статус. До ближайшего монумента — «Пётр l», около 1.09 км.",37.591269,1091,Пётр l,,60
Машинное отделение (Можайский),Машинное отделение,историческое здание,"Можно рассмотреть фрагмент исторической застройки без музейной торжественности. Сохраняет признаки объекта наследия. До ближайшего монумента — «Дача Д. Филиппова», около 1.09 км.",37.426043,1091,Дача Д. Филиппова,,60
Казарма (Таганский),Казарма,историческое здание,"Можно рассмотреть фрагмент исторической застройки без музейной торжественности. Есть федеральный охранный статус. До ближайшего монумента — «Футболисты», около 1.09 км.",37.66038,1090,Футболисты,,60
Флигель (управительский дом) (Басманный),Флигель управительский дом,историческое здание,"Можно рассмотреть фрагмент исторической застройки без музейной торжественности. Есть федеральный охранный статус. До ближайшего монумента — «Доходный дом Перлова», около 1.09 км.",37.65248988,1090,Доходный дом Перлова,,60
Особняк Московского торгово-строительного общества (Хамовники),Особняк Московского торгово-строительного,усадьба / дворец / особняк,"Подойдёт для спокойного знакомства с московской усадебной архитектурой. Есть федеральный охранный статус. До ближайшего монумента — «Пётр l», около 1.09 км.",37.59353344,1090,Пётр l,,60
Плотина «Венера» (Лефортово),Плотина Венера,историческое здание,"Можно рассмотреть фрагмент исторической застройки без музейной торжественности. Есть федеральный охранный статус. До ближайшего монумента — «Су-27», около 1.09 км.",37.689159,1090,Су-27,,60
Краснопресненское трамвайное депо в Ваганьково,Краснопресненское трамвайное депо,историческое здание,"Трамвайное депо в Москве. До ближайшего монумента — «Купание коней», около 1.09 км.",37.558928,1089,Купание коней,,60
Главный дом (Хамовники),Главный дом,историческое здание,"Можно рассмотреть фрагмент исторической застройки без музейной торжественности. Есть региональный охранный статус. До ближайшего монумента — «Пётр l», около 1.09 км.",37.60203151,1089,Пётр l,,60
Городская усадьба В.Е. Дровосекова – В.М. Бостанджогло (Хамовники),Усадьба Дровосекова,усадьба / дворец / особняк,"Городская усадьба В.Е. Дровосекова – В.М. До ближайшего монумента — «Пётр l», около 1.09 км.",37.60203151,1089,Пётр l,,60
Улица Хромова 40,Улица Хромова 40,историческое здание,"Пожарная часть села Черкизова. До ближайшего монумента — «Локомотив арена», около 1.09 км.",37.724388,1088,Локомотив арена,,60
улица Льва Толстого 21 c1,Улица Льва Толстого,историческое здание,"Главный дом. Историческое здание в Москве, памятник архитектуры. До ближайшего монумента — «Фигурный фонтан», около 1.09 км.",37.585923,1088,Фигурный фонтан,,60
Зеленый театр с металлической оградой (Якиманка),Театр металлической оградой,театр,"Камерная культурная точка для тех, кто ищет районную сцену. Есть выявленный охранный статус. До ближайшего монумента — «Фигурный фонтан», около 1.09 км.",37.591692,1088,Фигурный фонтан,,60
Западный боковой флигель (Таганский),Западный боковой флигель,историческое здание,"Можно рассмотреть фрагмент исторической застройки без музейной торжественности. Есть федеральный охранный статус. До ближайшего монумента — «Усадьба Морозовых», около 1.09 км.",37.64770185,1088,Усадьба Морозовых,,60
Городская усадьба купца М.Н. Гусева (Якиманка),Усадьба Гусева,усадьба / дворец / особняк,"Подойдёт для спокойного знакомства с московской усадебной архитектурой. Есть региональный охранный статус. До ближайшего монумента — «Дом Мёда», около 1.09 км.",37.62321378,1087,Дом Мёда,,60
Главный дом (Якиманка),Главный дом,историческое здание,"Можно рассмотреть фрагмент исторической застройки без музейной торжественности. Есть региональный охранный статус. До ближайшего монумента — «Дом Мёда», около 1.09 км.",37.62321378,1087,Дом Мёда,,60
Флигель (Якиманка),Флигель,историческое здание,"Можно рассмотреть фрагмент исторической застройки без музейной торжественности. Есть региональный охранный статус. До ближайшего монумента — «Дом Мёда», около 1.09 км.",37.62321378,1087,Дом Мёда,,60
Новая Басманная улица 25,Новая Басманная улица,историческое здание,"Можно рассмотреть фрагмент исторической застройки без музейной торжественности. Считается ценной частью городской среды. До ближайшего монумента — «Колокольня», около 1.09 км.",37.663351,1086,Колокольня,,60
Люсиновская улица 11,Люсиновская улица 11,историческое здание,"Можно рассмотреть фрагмент исторической застройки без музейной торжественности. Считается ценной частью городской среды. До ближайшего монумента — «Усадьба Ардалионова», около 1.09 км.",37.623542,1086,Усадьба Ардалионова,,60
Две ограды сада по западной и восточной границам (Таганский),Две ограды сада,историческое здание,"Место для прогулки и передышки от плотной городской застройки. Есть выявленный охранный статус. До ближайшего монумента — «Усадьба Морозовых», около 1.09 км.",37.647999,1086,Усадьба Морозовых,,60
Фрагмент ограды (Сокольники),Фрагмент ограды,историческое здание,"Можно рассмотреть фрагмент исторической застройки без музейной торжественности. Есть региональный охранный статус. До ближайшего монумента — «Большой розарий», около 1.08 км.",37.68218,1085,Большой розарий,,60
Амбулаторный корпус (Замоскворечье),Амбулаторный корпус,историческое здание,"Выделяется силуэтом или масштабом в окружающей застройке. Есть региональный охранный статус. До ближайшего монумента — «Фигурный фонтан», около 1.08 км.",37.61774304,1085,Фигурный фонтан,,60
Корпус служб городской усадьбы (Басманный),Усадьба,усадьба / дворец / особняк,"Подойдёт для спокойного знакомства с московской усадебной архитектурой. Есть федеральный охранный статус. До ближайшего монумента — «Доходный дом Перлова», около 1.08 км.",37.6511424,1085,Доходный дом Перлова,,60
Три лестницы в парке (Таганский),Три лестницы парке,знаковое городское место,"Место для прогулки и передышки от плотной городской застройки. Есть региональный охранный статус. До ближайшего монумента — «Усадьба Морозовых», около 1.08 км.",37.652504,1085,Усадьба Морозовых,,60
"Комсомольская площадь 1а c1, Пакгаузы Николаевской железной дороги",Комсомольская площадь 1а,историческое здание,"Пакгаузы Николаевской железной дороги. До ближайшего монумента — «Аптекарский огород», около 1.08 км.",37.65213,1084,Аптекарский огород,,60
улица Преображенский Вал 25 корпус 1,Улица Преображенский Вал,историческое здание,"Северная пристройка надвратного корпуса около 1.08 км. До ближайшего монумента — «Дворец на Яузе», около 1.08 км.",37.7163,1084,Дворец на Яузе,,60
Ансамбль Бутырской пожарной части (Савёловский),Ансамбль Бутырской пожарной,историческое здание,"Можно рассмотреть фрагмент исторической застройки без музейной торжественности. Сохраняет признаки объекта наследия. До ближайшего монумента — «Путевой дворец», около 1.08 км.",37.565658,1084,Путевой дворец,,60
Главный дом (Басманный),Главный дом,историческое здание,"Можно рассмотреть фрагмент исторической застройки без музейной торжественности. Есть федеральный охранный статус. До ближайшего монумента — «Доходный дом Перлова», около 1.08 км.",37.64437809,1083,Доходный дом Перлова,,60
Ограда с воротами,Ограда воротами,историческое здание,"Можно рассмотреть фрагмент исторической застройки без музейной торжественности. Есть федеральный охранный статус. До ближайшего монумента — «Доходный дом Перлова», около 1.08 км.",37.651254,1083,Доходный дом Перлова,,60
улица Льва Толстого 21 cб,Улица Льва Толстого,историческое здание,"Беседка. Историческое здание в Москве, памятник архитектуры. До ближайшего монумента — «Фигурный фонтан», около 1.08 км.",37.585822,1082,Фигурный фонтан,,60
Цех (Пресненский),Цех,историческое здание,"Можно рассмотреть фрагмент исторической застройки без музейной торжественности. Есть выявленный охранный статус. До ближайшего монумента — «Купание коней», около 1.08 км.",37.5706941,1082,Купание коней,,60
Фабричный корпус фабрики «Брокар и Ко»,Фабричный корпус фабрики,историческое здание,"Выделяется силуэтом или масштабом в окружающей застройке. Сохраняет признаки объекта наследия. До ближайшего монумента — «Усадьба Ардалионова», около 1.08 км.",37.621406,1082,Усадьба Ардалионова,,60
Цех (Пресненский),Цех,историческое здание,"Можно рассмотреть фрагмент исторической застройки без музейной торжественности. Есть выявленный охранный статус. До ближайшего монумента — «Купание коней», около 1.08 км.",37.5716811,1081,Купание коней,,60
"Новая Басманная улица 22/2 c2, Флигель",Новая Басманная улица,историческое здание,"Историческое здание в Москве, памятник архитектуры. До ближайшего монумента — «Колокольня», около 1.08 км.",37.66386255,1080,Колокольня,,60
Русаковская улица 13 c2,Русаковская улица 13,историческое здание,"Казармы и столовая Пиво-медоваренного завода «Товарищество Калинкина СПб-М». До ближайшего монумента — «Колокольня», около 1.08 км.",37.672684,1080,Колокольня,,60
Ограда терминала аэропорта Центральный,Ограда терминала аэропорта,вокзал / транспортный объект,"Ограда и въездные ворота Московского аэровокзала в Москве. До ближайшего монумента — «Путевой дворец», около 1.08 км.",37.53657,1080,Путевой дворец,,60
Корпус больничный и храм прп. Елисаветы (Басманный),Храм прп. Елисаветы,исторический храм / монастырь,"Тихая архитектурная точка, заметная в исторической среде района. Есть федеральный охранный статус. До ближайшего монумента — «Доходный дом Перлова», около 1.08 км.",37.64059618,1080,Доходный дом Перлова,,60
Храм прп. Елисаветы (Басманный),Храм прп. Елисаветы,исторический храм / монастырь,"Тихая архитектурная точка, заметная в исторической среде района. Есть федеральный охранный статус. До ближайшего монумента — «Доходный дом Перлова», около 1.08 км.",37.64059618,1080,Доходный дом Перлова,,60
Улица Барболина 3 к5,Улица Барболина 3,историческое здание,"Можно рассмотреть фрагмент исторической застройки без музейной торжественности. Считается ценной частью городской среды. До ближайшего монумента — «Дворец на Яузе», около 1.08 км.",37.689678,1080,Дворец на Яузе,,60
"Новорязанская улица, 17, Паровозное депо Московско-Рязанской железной дороги",Новорязанская улица 17,историческое здание,"Бывшее паровозное депо, памятник архитектуры. До ближайшего монумента — «Колокольня», около 1.08 км.",37.66075,1079,Колокольня,,60
Большой Саввинский переулок 2-4-6 c13,Большой Саввинский переулок,историческое здание,"Можно рассмотреть фрагмент исторической застройки без музейной торжественности. Есть федеральный охранный статус. До ближайшего монумента — «Way to ducks!», около 1.08 км.",37.56804,1079,Way to ducks!,,60
Собор Усекновения главы Иоанна Предтечи с галереями,Собор Усекновения главы,музей,"Собор в Иоанно-Предтеченском монастыре. До ближайшего монумента — «Доходный дом Перлова», около 1.08 км.",37.64012007,1078,Доходный дом Перлова,,60
Большая Пироговская улица 19 c1,Большая Пироговская улица,историческое здание,"Здание бывшей детской больницы им. До ближайшего монумента — «Way to ducks!», около 1.08 км.",37.57182116,1078,Way to ducks!,,60
Городская усадьба Морозовых (усадьба Лопухиных – М.Ф. Морозовой) (Басманный),Усадьба Морозовых,усадьба / дворец / особняк,"Городская усадьба Морозовых (усадьба Лопухиных – М.Ф. До ближайшего монумента — «Доходный дом Перлова», около 1.08 км.",37.64391,1078,Доходный дом Перлова,,60
Производственный корпус фабрики «Брокар и Ко»,Производственный корпус фабрики,историческое здание,"Выделяется силуэтом или масштабом в окружающей застройке. Сохраняет признаки объекта наследия. До ближайшего монумента — «Усадьба Ардалионова», около 1.08 км.",37.621669,1078,Усадьба Ардалионова,,60
Казарма (Таганский),Казарма,историческое здание,"Можно рассмотреть фрагмент исторической застройки без музейной торжественности. Есть федеральный охранный статус. До ближайшего монумента — «Футболисты», около 1.08 км.",37.660924,1077,Футболисты,,60
Реальное училище К.К. Мазинга (Хамовники),Дом Мазинга,историческое здание,"Заметный след старой образовательной городской среды. Считается ценной частью городской среды. До ближайшего монумента — «Ultimate Zombie Box», около 1.08 км.",37.60522,1077,Ultimate Zombie Box,,60
Церковь Ризоположения (Донской),Церковь Ризоположения,исторический храм / монастырь,"Тихая архитектурная точка, заметная в исторической среде района. Есть федеральный охранный статус. До ближайшего монумента — «Фигурный фонтан», около 1.08 км.",37.60434018,1076,Фигурный фонтан,,60
Комплекс усадьбы Боде-Колычевых в селе Спасское-Лукино (Ново-Переделкино),Усадьба,усадьба / дворец / особняк,"Подойдёт для спокойного знакомства с московской усадебной архитектурой. Есть региональный охранный статус. До ближайшего монумента — «House of Poems», около 1.08 км.",37.34754,1076,House of Poems,,60
Ограда с воротами (Донской),Ограда воротами,историческое здание,"Можно рассмотреть фрагмент исторической застройки без музейной торжественности. Есть охранный статус. До ближайшего монумента — «Фигурный фонтан», около 1.08 км.",37.60434018,1076,Фигурный фонтан,,60
Особняк Э.М. Федотовой (Арбат),Особняк Федотовой,усадьба / дворец / особняк,"Подойдёт для спокойного знакомства с московской усадебной архитектурой. Есть выявленный охранный статус. До ближайшего монумента — «Cheapshot HQ», около 1.07 км.",37.59798,1074,Cheapshot HQ,,60
Ограда (Хамовники),Ограда,историческое здание,"Можно рассмотреть фрагмент исторической застройки без музейной торжественности. Есть региональный охранный статус. До ближайшего монумента — «Пётр l», около 1.07 км.",37.593658,1074,Пётр l,,60
Грот и фонтан дачи Н.Д. Стахеева (Сокольники),Грот фонтан дачи,историческое здание,"Можно рассмотреть фрагмент исторической застройки без музейной торжественности. Есть выявленный охранный статус. До ближайшего монумента — «Красный богатырь», около 1.07 км.",37.6951329,1071,Красный богатырь,,60
Музей Победы,Музей Победы,музей,"Музей в Москве. До ближайшего монумента — «Круглый дом», около 1.07 км.",37.503888888,1070,Круглый дом,https://ru.wikipedia.org/wiki/%D0%9C%D1%83%D0%B7%D0%B5%D0%B9_%D0%9F%D0%BE%D0%B1%D0%B5%D0%B4%D1%8B,60
Церковь Николы (Таганский),Церковь Николы,исторический храм / монастырь,"Тихая архитектурная точка, заметная в исторической среде района. Есть федеральный охранный статус. До ближайшего монумента — «Дом Мёда», около 1.07 км.",37.64487216,1070,Дом Мёда,,60
Главный корпус с двумя флигелями (центральный корпус) (Мещанский),Главный корпус двумя,историческое здание,"Выделяется силуэтом или масштабом в окружающей застройке. Есть федеральный охранный статус. До ближайшего монумента — «Еврейский музей», около 1.07 км.",37.61757,1070,Еврейский музей,,60
Городская усадьба П.П. Игнатьевой – Н.А. Белкина (Замоскворечье),Усадьба Игнатьевой,усадьба / дворец / особняк,"Подойдёт для спокойного знакомства с московской усадебной архитектурой. Есть региональный охранный статус. До ближайшего монумента — «Усадьба Ардалионова», около 1.07 км.",37.62182139,1070,Усадьба Ардалионова,,60
Флигель (Замоскворечье),Флигель,историческое здание,"Можно рассмотреть фрагмент исторической застройки без музейной торжественности. Есть региональный охранный статус. До ближайшего монумента — «Усадьба Ардалионова», около 1.07 км.",37.62182139,1070,Усадьба Ардалионова,,60
Частная клиника доктора П.Д. Соловово (Арбат),Частная клиника доктора,историческое здание,"Можно рассмотреть фрагмент исторической застройки без музейной торжественности. Есть выявленный охранный статус. До ближайшего монумента — «Cheapshot HQ», около 1.07 км.",37.59749,1069,Cheapshot HQ,,60
Большая Пироговская улица 2 с1,Большая Пироговская улица,историческое здание,"Факультетские клиники – терапевтическая и хирургическая. До ближайшего монумента — «Way to ducks!», около 1.07 км.",37.57112048,1068,Way to ducks!,,60
Улица Тимура Фрунзе 11 с56,Улица Тимура Фрунзе,историческое здание,"Можно рассмотреть фрагмент исторической застройки без музейной торжественности. Есть выявленный охранный статус. До ближайшего монумента — «Фигурный фонтан», около 1.07 км.",37.58707456,1067,Фигурный фонтан,,60
Сторожка (Хамовники),Сторожка,историческое здание,"Можно рассмотреть фрагмент исторической застройки без музейной торжественности. Есть региональный охранный статус. До ближайшего монумента — «Пётр l», около 1.07 км.",37.60532832,1067,Пётр l,,60
"Богадельня при церкви Косьмы и Дамиана, что в Таганной слободе (Таганский)",Богадельня церкви Косьмы,историческое здание,"Можно рассмотреть фрагмент исторической застройки без музейной торжественности. Сохраняет признаки объекта наследия. До ближайшего монумента — «Усадьба Морозовых», около 1.07 км.",37.647968,1067,Усадьба Морозовых,,60
Казарма (Таганский),Казарма,историческое здание,"Можно рассмотреть фрагмент исторической застройки без музейной торжественности. Есть федеральный охранный статус. До ближайшего монумента — «Футболисты», около 1.07 км.",37.661505,1066,Футболисты,,60
Западный флигель (Якиманка),Западный флигель,историческое здание,"Можно рассмотреть фрагмент исторической застройки без музейной торжественности. Есть федеральный охранный статус. До ближайшего монумента — «Фигурный фонтан», около 1.06 км.",37.59776451,1065,Фигурный фонтан,,60
Верхняя Радищевская улица 4 с2,Верхняя Радищевская улица,историческое здание,"Можно рассмотреть фрагмент исторической застройки без музейной торжественности. Считается ценной частью городской среды. До ближайшего монумента — «Усадьба Морозовых», около 1.06 км.",37.647827,1065,Усадьба Морозовых,,60
Пилоны ворот (Замоскворечье),Пилоны ворот,историческое здание,"Можно рассмотреть фрагмент исторической застройки без музейной торжественности. Есть региональный охранный статус. До ближайшего монумента — «Усадьба Ардалионова», около 1.06 км.",37.621935,1065,Усадьба Ардалионова,,60
Универмаг «Московский»,Универмаг,историческое здание,"Можно рассмотреть фрагмент исторической застройки без музейной торжественности. Сохраняет признаки объекта наследия. До ближайшего монумента — «Колокольня», около 1.06 км.",37.660413,1065,Колокольня,,60
"Дом, в котором жил и в 1926 г. умер Фурманов Дмитрий Андреевич (Хамовники)",Дом котором жил,историческое здание,"Можно рассмотреть фрагмент исторической застройки без музейной торжественности. Есть федеральный охранный статус. До ближайшего монумента — «Пётр l», около 1.06 км.",37.59854604,1064,Пётр l,,60
4-й лабораторный корпус (Таганский),4-й лабораторный корпус,историческое здание,"Выделяется силуэтом или масштабом в окружающей застройке. Считается ценной частью городской среды. До ближайшего монумента — «ГУМ», около 1.06 км.",37.637305,1063,ГУМ,,60
улица Преображенский Вал 25А,Улица Преображенский Вал,историческое здание,"Можно рассмотреть фрагмент исторической застройки без музейной торжественности. Есть федеральный охранный статус. До ближайшего монумента — «Дворец на Яузе», около 1.06 км.",37.71673738,1062,Дворец на Яузе,,60
Дом дешёвых квартир для семейных (Мещанский),Дом дешёвых квартир,историческое здание,"Можно рассмотреть фрагмент исторической застройки без музейной торжественности. Есть региональный охранный статус. До ближайшего монумента — «Аптекарский огород», около 1.06 км.",37.63238558,1062,Аптекарский огород,,60
Главный дом усадьбы С. Лаптевой-Яковлевых,Усадьба Лаптевой,усадьба / дворец / особняк,"Подойдёт для спокойного знакомства с московской усадебной архитектурой. Есть федеральный охранный статус. До ближайшего монумента — «Пётр l», около 1.06 км.",37.59761179,1062,Пётр l,,60
Храм в честь иконы Божией Матери «Всех Скорбящих Радость» (Таганский),Храм честь Всех,исторический храм / монастырь,"Тихая архитектурная точка, заметная в исторической среде района. Есть региональный охранный статус. До ближайшего монумента — «Усадьба Морозовых», около 1.06 км.",37.648158,1062,Усадьба Морозовых,,60
Ограда и ворота парадного двора (Таганский),Ограда ворота парадного,историческое здание,"Можно рассмотреть фрагмент исторической застройки без музейной торжественности. Есть федеральный охранный статус. До ближайшего монумента — «Усадьба Морозовых», около 1.06 км.",37.648002,1062,Усадьба Морозовых,,60
улица Льва Толстого 21 c11,Улица Льва Толстого,историческое здание,"Кухня. Историческое здание в Москве, памятник архитектуры. До ближайшего монумента — «Фигурный фонтан», около 1.06 км.",37.586324,1061,Фигурный фонтан,,60
Западный въездной корпус (Таганский),Западный въездной корпус,историческое здание,"Выделяется силуэтом или масштабом в окружающей застройке. Есть федеральный охранный статус. До ближайшего монумента — «ГУМ», около 1.06 км.",37.63665,1061,ГУМ,,60
Ограда с воротами и калиткой (Сокольники),Ограда воротами калиткой,историческое здание,"Можно рассмотреть фрагмент исторической застройки без музейной торжественности. Есть региональный охранный статус. До ближайшего монумента — «Красный богатырь», около 1.06 км.",37.67414,1060,Красный богатырь,,60
Ограда (Хамовники),Ограда,историческое здание,"Можно рассмотреть фрагмент исторической застройки без музейной торжественности. Есть региональный охранный статус. До ближайшего монумента — «Пётр l», около 1.06 км.",37.593895,1060,Пётр l,,60
Радиомузей РКК,Музей РКК,музей,"Хороший вариант для короткого визита, если интересны экспозиции и локальные коллекции. До ближайшего монумента — «Еврейский музей», около 1.06 км.",37.60111389,1059,Еврейский музей,https://ru.wikipedia.org/wiki/%D0%A0%D0%B0%D0%B4%D0%B8%D0%BE%D0%BC%D1%83%D0%B7%D0%B5%D0%B9_%D0%92%D0%B0%D0%BB%D0%B5%D1%80%D0%B8%D1%8F_%D0%93%D1%80%D0%BE%D0%BC%D0%BE%D0%B2%D0%B0,60
Церковь Преображения Господня (Ново-Переделкино),Церковь Преображения Господня,исторический храм / монастырь,"Тихая архитектурная точка, заметная в исторической среде района. Есть выявленный охранный статус. До ближайшего монумента — «House of Poems», около 1.06 км.",37.34722438,1058,House of Poems,,60
Ограда (Замоскворечье),Ограда,историческое здание,"Можно рассмотреть фрагмент исторической застройки без музейной торжественности. Есть региональный охранный статус. До ближайшего монумента — «Фигурный фонтан», около 1.06 км.",37.617511,1058,Фигурный фонтан,,60
Административное здание Наркомсвязи (Таганский),Административное здание Наркомсвязи,историческое здание,"Можно рассмотреть фрагмент исторической застройки без музейной торжественности. Сохраняет признаки объекта наследия. До ближайшего монумента — «Усадьба Морозовых», около 1.06 км.",37.648021,1058,Усадьба Морозовых,,60
Корпус Евангелической больницы,Корпус Евангелической больницы,историческое здание,"Выделяется силуэтом или масштабом в окружающей застройке. Считается ценной частью городской среды. До ближайшего монумента — «Усадьба Морозовых», около 1.06 км.",37.6547,1058,Усадьба Морозовых,,60
"Новая Басманная улица 26 корпус 7, Боковой флигель",Новая Басманная улица,историческое здание,"Историческое здание в Москве, памятник архитектуры. До ближайшего монумента — «Колокольня», около 1.06 км.",37.66459917,1057,Колокольня,,60
Парадный двор (Мещанский),Парадный двор,историческое здание,"Можно рассмотреть фрагмент исторической застройки без музейной торжественности. Есть федеральный охранный статус. До ближайшего монумента — «Еврейский музей», около 1.06 км.",37.61697,1057,Еврейский музей,,60
Корпус для нервных больных (Мещанский),Корпус нервных больных,историческое здание,"Выделяется силуэтом или масштабом в окружающей застройке. Есть региональный охранный статус. До ближайшего монумента — «Аптекарский огород», около 1.06 км.",37.6277,1057,Аптекарский огород,,60
Казарма (Таганский),Казарма,историческое здание,"Можно рассмотреть фрагмент исторической застройки без музейной торжественности. Есть федеральный охранный статус. До ближайшего монумента — «Футболисты», около 1.06 км.",37.662021,1057,Футболисты,,60
Здание электротеатра И.И. Дроздова и Х.К. Фаврикодороса «Кино-палас» (Якиманка),Театр Кино-палас,театр,"Здание электротеатра И.И. Дроздова и Х.К. До ближайшего монумента — «Дом Мёда», около 1.06 км.",37.624413,1057,Дом Мёда,,60
Южный флигель усадьбы С.Ф. Голицына - купца А.Н. Прибылова (Пресненский),Усадьба Голицына,усадьба / дворец / особняк,"Южный флигель усадьбы С.Ф. Голицына - купца А.Н. До ближайшего монумента — «Cheapshot HQ», около 1.06 км.",37.602021,1056,Cheapshot HQ,,60
Улица Барболина 3 к19,Улица Барболина 3,историческое здание,"Можно рассмотреть фрагмент исторической застройки без музейной торжественности. Считается ценной частью городской среды. До ближайшего монумента — «Дворец на Яузе», около 1.06 км.",37.689182,1056,Дворец на Яузе,,60
Улица Стромынка 20,Улица Стромынка 20,историческое здание,"Можно рассмотреть фрагмент исторической застройки без музейной торжественности. Есть федеральный охранный статус. До ближайшего монумента — «Дворец на Яузе», около 1.05 км.",37.70081924,1055,Дворец на Яузе,,60
улица Ленинская Слобода 17/2,Улица Ленинская Слобода,историческое здание,"Можно рассмотреть фрагмент исторической застройки без музейной торжественности. Есть региональный охранный статус. До ближайшего монумента — «Футболисты», около 1.05 км.",37.65701,1055,Футболисты,,60
Корпус настоятельский (Басманный),Корпус настоятельский,историческое здание,"Выделяется силуэтом или масштабом в окружающей застройке. Есть федеральный охранный статус. До ближайшего монумента — «Доходный дом Перлова», около 1.05 км.",37.63928464,1054,Доходный дом Перлова,,60
Садовый павильон (сторожка) (Таганский),Садовый павильон сторожка,историческое здание,"Место для прогулки и передышки от плотной городской застройки. Есть региональный охранный статус. До ближайшего монумента — «Усадьба Морозовых», около 1.05 км.",37.64867204,1054,Усадьба Морозовых,,60
Слободской дворец. Северный флигель,Слободской дворец. Северный,усадьба / дворец / особняк,"Подойдёт для спокойного знакомства с московской усадебной архитектурой. Есть федеральный охранный статус. До ближайшего монумента — «Колокольня», около 1.05 км.",37.684692,1054,Колокольня,,60
Бывшая церковь (Лефортово),Церковь,исторический храм / монастырь,"Тихая архитектурная точка, заметная в исторической среде района. Есть федеральный охранный статус. До ближайшего монумента — «Су-27», около 1.05 км.",37.686867,1053,Су-27,,60
Комсомольский проспект 20 c1,Комсомольский проспект 20,историческое здание,"Можно рассмотреть фрагмент исторической застройки без музейной торжественности. Есть федеральный охранный статус. До ближайшего монумента — «Фигурный фонтан», около 1.05 км.",37.584423,1053,Фигурный фонтан,,60
Перронный зал метро Сокольники,Перронный зал метро,историческое здание,"Интересно как часть городской инфраструктуры и повседневного движения Москвы. Есть выявленный охранный статус. До ближайшего монумента — «Большой розарий», около 1.05 км.",37.68047,1053,Большой розарий,,60
Шестая Парковая улица 24,Шестая Парковая улица,знаковое городское место,"Место для прогулки и передышки от плотной городской застройки. Считается ценной частью городской среды. До ближайшего монумента — «Спутник-1», около 1.05 км.",37.791702,1052,Спутник-1,,60
Ограда перрона Андроновка,Ограда перрона Андроновка,историческое здание,"Можно рассмотреть фрагмент исторической застройки без музейной торжественности. Есть региональный охранный статус. До ближайшего монумента — «Московские Кольца», около 1.05 км.",37.73293,1051,Московские Кольца,,60
Большой Саввинский переулок 2-4-6 c14,Усадьба,усадьба / дворец / особняк,"Главный дом усадьбы Грачёва. До ближайшего монумента — «Way to ducks!», около 1.05 км.",37.56753,1051,Way to ducks!,,60
Верхняя Красносельская улица 19,Верхняя Красносельская улица,историческое здание,"Можно рассмотреть фрагмент исторической застройки без музейной торжественности. Есть выявленный охранный статус. До ближайшего монумента — «Колокольня», около 1.05 км.",37.66439255,1050,Колокольня,,60
Большой Саввинский переулок 2-4-6 (ограда),Большой Саввинский переулок,историческое здание,"Ограда с двумя воротами в Москве. До ближайшего монумента — «Way to ducks!», около 1.05 км.",37.5678,1050,Way to ducks!,,60
Флигель (северный) (Басманный),Флигель северный,историческое здание,"Можно рассмотреть фрагмент исторической застройки без музейной торжественности. Есть федеральный охранный статус. До ближайшего монумента — «Доходный дом Перлова», около 1.05 км.",37.65217546,1050,Доходный дом Перлова,,60
Главный дом городской усадьбы И.В. Киреевского (Хамовники),Усадьба Киреевского,усадьба / дворец / особняк,"Подойдёт для спокойного знакомства с московской усадебной архитектурой. Есть выявленный охранный статус. До ближайшего монумента — «Пётр l», около 1.05 км.",37.601767,1050,Пётр l,,60
Главный дом городской усадьбы и ограда по Хохловскому переулку (Басманный),Усадьба,усадьба / дворец / особняк,"Подойдёт для спокойного знакомства с московской усадебной архитектурой. Есть выявленный охранный статус. До ближайшего монумента — «Доходный дом Перлова», около 1.05 км.",37.64264,1050,Доходный дом Перлова,,60
Дом причта (Таганский),Дом причта,историческое здание,"Можно рассмотреть фрагмент исторической застройки без музейной торжественности. Есть выявленный охранный статус. До ближайшего монумента — «Дом Мёда», около 1.05 км.",37.64438707,1050,Дом Мёда,,60
Бомбоубежище завода им. Мантулина,Музей Мантулина,музей,"Музей в бывшем подземном бомбоубежище бывшего завода Мантулина. До ближайшего монумента — «Пионер», около 1.05 км.",37.544833,1049,Пионер,https://ru.wikipedia.org/wiki/%D0%91%D0%BE%D0%BC%D0%B1%D0%BE%D1%83%D0%B1%D0%B5%D0%B6%D0%B8%D1%89%D0%B5_%D0%B7%D0%B0%D0%B2%D0%BE%D0%B4%D0%B0_%D0%B8%D0%BC._%D0%9C%D0%B0%D0%BD%D1%82%D1%83%D0%BB%D0%B8%D0%BD%D0%B0_(%D0%9C%D1%83%D0%B7%D0%B5%D0%B9_%D0%BF%D0%BE%D0%B4%D0%B7%D0%B5%D0%BC%D0%BD%D0%BE%D0%B9_%D0%9C%D0%BE%D1%81%D0%BA%D0%B2%D1%8B),60
Дом причта церкви Антипия на Колымажном дворе (Хамовники),Дом причта церкви,историческое здание,"Можно рассмотреть фрагмент исторической застройки без музейной торжественности. Есть выявленный охранный статус. До ближайшего монумента — «Ultimate Zombie Box», около 1.05 км.",37.60556188,1049,Ultimate Zombie Box,,60
Главный дом городской усадьбы (Басманный),Усадьба,усадьба / дворец / особняк,"Подойдёт для спокойного знакомства с московской усадебной архитектурой. Есть выявленный охранный статус. До ближайшего монумента — «Доходный дом Перлова», около 1.05 км.",37.64258146,1049,Доходный дом Перлова,,60
Флигель (Пресненский),Флигель,историческое здание,"Можно рассмотреть фрагмент исторической застройки без музейной торжественности. Есть региональный охранный статус. До ближайшего монумента — «Cheapshot HQ», около 1.05 км.",37.60318135,1049,Cheapshot HQ,,60
Мастерские Первой гренадерской артиллерийской бригады (Хорошёвский),Мастерские Первой гренадерской,историческое здание,"Можно рассмотреть фрагмент исторической застройки без музейной торжественности. Считается ценной частью городской среды. До ближайшего монумента — «Купание коней», около 1.05 км.",37.542231,1049,Купание коней,,60
Особняк Гутхейля (Хамовники),Особняк Гутхейля,усадьба / дворец / особняк,"Подойдёт для спокойного знакомства с московской усадебной архитектурой. Есть федеральный охранный статус. До ближайшего монумента — «Пётр l», около 1.05 км.",37.59420718,1048,Пётр l,,60
Тифозный корпус (Замоскворечье),Тифозный корпус,историческое здание,"Выделяется силуэтом или масштабом в окружающей застройке. Считается ценной частью городской среды. До ближайшего монумента — «Фигурный фонтан», около 1.05 км.",37.616469,1048,Фигурный фонтан,,60
Комплекс доходного домовладения И.С. Касаткина (Басманный),Комплекс доходного домовладения,историческое здание,"Можно рассмотреть фрагмент исторической застройки без музейной торжественности. Есть выявленный охранный статус. До ближайшего монумента — «Доходный дом Перлова», около 1.05 км.",37.649672,1048,Доходный дом Перлова,,60
Государственный Дарвиновский музей,Музей Дарвиновский музей,музей,"Хороший вариант для короткого визита, если интересны экспозиции и локальные коллекции. До ближайшего монумента — «Первая Хрущёвка», около 1.05 км.",37.561438888,1047,Первая Хрущёвка,https://ru.wikipedia.org/wiki/%D0%93%D0%BE%D1%81%D1%83%D0%B4%D0%B0%D1%80%D1%81%D1%82%D0%B2%D0%B5%D0%BD%D0%BD%D1%8B%D0%B9_%D0%94%D0%B0%D1%80%D0%B2%D0%B8%D0%BD%D0%BE%D0%B2%D1%81%D0%BA%D0%B8%D0%B9_%D0%BC%D1%83%D0%B7%D0%B5%D0%B9,60
Больничный корпус (Сокольники),Больничный корпус,историческое здание,"Выделяется силуэтом или масштабом в окружающей застройке. Считается ценной частью городской среды. До ближайшего монумента — «Дворец на Яузе», около 1.05 км.",37.688647,1047,Дворец на Яузе,,60
Ансамбль застройки проспекта Калинина,Ансамбль застройки проспекта,историческое здание,"Можно рассмотреть фрагмент исторической застройки без музейной торжественности. Сохраняет признаки объекта наследия. До ближайшего монумента — «Cheapshot HQ», около 1.05 км.",37.58939,1047,Cheapshot HQ,,60
Музей холодной войны,Музей холодной войны,музей,"Хороший вариант для короткого визита, если интересны экспозиции и локальные коллекции. До ближайшего монумента — «Усадьба Морозовых», около 1.04 км.",37.64927694,1045,Усадьба Морозовых,https://ru.wikipedia.org/wiki/%D0%9C%D1%83%D0%B7%D0%B5%D0%B9_%D1%85%D0%BE%D0%BB%D0%BE%D0%B4%D0%BD%D0%BE%D0%B9_%D0%B2%D0%BE%D0%B9%D0%BD%D1%8B_(%D0%9C%D0%BE%D1%81%D0%BA%D0%B2%D0%B0),60
Дом причта (Ново-Переделкино),Дом причта,историческое здание,"Можно рассмотреть фрагмент исторической застройки без музейной торжественности. Есть охранный статус. До ближайшего монумента — «House of Poems», около 1.04 км.",37.34704471,1045,House of Poems,,60
Гараж (Тверской),Гараж,историческое здание,"Напоминает об индустриальном слое московской архитектуры. Сохраняет признаки объекта наследия. До ближайшего монумента — «Еврейский музей», около 1.04 км.",37.591458,1045,Еврейский музей,,60
Красильная и бумажная фабрика купца А.Г. Кириллова,Красильная бумажная фабрика,историческое здание,"Напоминает об индустриальном слое московской архитектуры. Сохраняет признаки объекта наследия. До ближайшего монумента — «Усадьба Ардалионова», около 1.04 км.",37.648501,1045,Усадьба Ардалионова,,60
Учебный корпус (Зеленоград),Учебный корпус,историческое здание,"Выделяется силуэтом или масштабом в окружающей застройке. Есть региональный охранный статус. До ближайшего монумента — «КЦ Зеленоград», около 1.04 км.",37.2071207,1044,КЦ Зеленоград,,60
Ограда (Басманный),Ограда,историческое здание,"Можно рассмотреть фрагмент исторической застройки без музейной торжественности. Есть выявленный охранный статус. До ближайшего монумента — «Доходный дом Перлова», около 1.04 км.",37.64241,1044,Доходный дом Перлова,,60
Улица Барболина 3 к6,Улица Барболина 3,историческое здание,"Можно рассмотреть фрагмент исторической застройки без музейной торжественности. Считается ценной частью городской среды. До ближайшего монумента — «Дворец на Яузе», около 1.04 км.",37.689887,1044,Дворец на Яузе,,60
Перронный зал (Соколиная Гора),Перронный зал,историческое здание,"Можно рассмотреть фрагмент исторической застройки без музейной торжественности. Есть региональный охранный статус. До ближайшего монумента — «Дворец на Яузе», около 1.04 км.",37.7213,1043,Дворец на Яузе,,60
Усадьба В.И. Брозина (Якиманк��),Усадьба Брозина,усадьба / дворец / особняк,"Подойдёт для спокойного знакомства с московской усадебной архитектурой. Есть федеральный охранный статус. До ближайшего монумента — «Дом Мёда», около 1.04 км.",37.62096799,1043,Дом Мёда,,60
Главный дом (Басманный),Главный дом,историческое здание,"Можно рассмотреть фрагмент исторической застройки без музейной торжественности. Есть региональный охранный статус. До ближайшего монумента — «Доходный дом Перлова», около 1.04 км.",37.6455998,1042,Доходный дом Перлова,,60
Боковой корпус (Якиманка),Боковой корпус,историческое здание,"Выделяется силуэтом или масштабом в окружающей застройке. Есть федеральный охранный статус. До ближайшего монумента — «Фигурный фонтан», около 1.04 км.",37.59426108,1041,Фигурный фонтан,,60
Казармы Первой гренадерской артиллерийской бригады (Хорошёвский),Казармы Первой гренадерской,историческое здание,"Можно рассмотреть фрагмент исторической застройки без музейной торжественности. Считается ценной частью городской среды. До ближайшего монумента — «Купание коней», около 1.04 км.",37.541989,1041,Купание коней,,60
Часовня Иоанна Предтечи (Басманный),Часовня Иоанна Предтечи,исторический храм / монастырь,"Тихая архитектурная точка, заметная в исторической среде района. Есть федеральный охранный статус. До ближайшего монумента — «Доходный дом Перлова», около 1.04 км.",37.64023685,1040,Доходный дом Перлова,,60
Парк центральной клинической больницы им. Н.А. Семашко (Ростокино),Парк центральной клинической,знаковое городское место,"Парк центральной клинической больницы им. До ближайшего монумента — «Ростокинский акведук», около 1.04 км.",37.6695979,1040,Ростокинский акведук,,60
Успенский собор старообрядческой церкви Белокриницкого согласия (Таганский),Собор старообрядческой церкви,исторический храм / монастырь,"Тихая архитектурная точка, заметная в исторической среде района. Есть выявленный охранный статус. До ближайшего монумента — «Усадьба Морозовых», около 1.04 км.",37.668272,1040,Усадьба Морозовых,,60
Шестая Парковая улица 26,Шестая Парковая улица,знаковое городское место,"Место для прогулки и передышки от плотной городской застройки. Считается ценной частью городской среды. До ближайшего монумента — «Спутник-1», около 1.04 км.",37.791129,1040,Спутник-1,,60
Мост большой в парке,Мост большой парке,знаковое городское место,"Место для прогулки и передышки от плотной городской застройки. Есть выявленный охранный статус. До ближайшего монумента — «Сходненский ковш», около 1.04 км.",37.398287,1040,Сходненский ковш,,60
Парк усадьбы Братцево,Усадьба,усадьба / дворец / особняк,"Парк (40,2 га) с прудами в Москве. До ближайшего монумента — «Сходненский ковш», около 1.04 км.",37.39641,1039,Сходненский ковш,,60
Хозяйственный корпус (Сокольники),Хозяйственный корпус,историческое здание,"Выделяется силуэтом или масштабом в окружающей застройке. Считается ценной частью городской среды. До ближайшего монумента — «Дворец на Яузе», около 1.04 км.",37.689355,1039,Дворец на Яузе,,60
"Дача И.Я. Тестова: главный дом, флигель, крытый переход (Сокольники)",Дача Тестова,историческое здание,"Можно рассмотреть фрагмент исторической застройки без музейной торжественности. Есть выявленный охранный статус. До ближайшего монумента — «Красный богатырь», около 1.04 км.",37.68962623,1038,Красный богатырь,,60
Улица Воронцово Поле 10 с15,Улица Воронцово Поле,историческое здание,"Можно рассмотреть фрагмент исторической застройки без музейной торжественности. Есть региональный охранный статус. До ближайшего монумента — «Усадьба Морозовых», около 1.04 км.",37.65263361,1038,Усадьба Морозовых,,60
Главный корпус (с барельефом «Становление человека разумного») (Зеленоград),Главный корпус барельефом,историческое здание,"Выделяется силуэтом или масштабом в окружающей застройке. Есть региональный охранный статус. До ближайшего монумента — «КЦ Зеленоград», около 1.04 км.",37.2083116,1037,КЦ Зеленоград,,60
Покровский бульвар 8 с1А,Покровский бульвар 8,историческое здание,"Место для прогулки и передышки от плотной городской застройки. Считается ценной частью городской среды. До ближайшего монумента — «Доходный дом Перлова», около 1.04 км.",37.646905,1037,Доходный дом Перлова,,60
Гараж Наркомтяжпрома,Гараж Наркомтяжпрома,историческое здание,"Историческое здание в Москве (сохранилось частично). До ближайшего монумента — «Дом Мёда», около 1.04 км.",37.6413,1036,Дом Мёда,,60
Улица Барболина 3 к23,Улица Барболина 3,историческое здание,"Можно рассмотреть фрагмент исторической застройки без музейной торжественности. Считается ценной частью городской среды. До ближайшего монумента — «Дворец на Яузе», около 1.04 км.",37.690435,1036,Дворец на Яузе,,60
Сторожевой дом Серебрянный Бор,Сторожевой дом Серебрянный,историческое здание,"Можно рассмотреть фрагмент исторической застройки без музейной торжественности. Есть региональный охранный статус. До ближайшего монумента — «ЦСКА Арена», около 1.03 км.",37.501923,1035,ЦСКА Арена,,60
улица Верхняя Масловка 1,Улица Верхняя Масловка,историческое здание,"Дом с мастерскими художников. До ближайшего монумента — «Путевой дворец», около 1.03 км.",37.56829078,1034,Путевой дворец,,60
Ансамбль жилых домов «Матросская тишина» (Сокольники),Ансамбль жилых домов,историческое здание,"Можно рассмотреть фрагмент исторической застройки без музейной торжественности. Есть выявленный охранный статус. До ближайшего монумента — «Дворец на Яузе», около 1.03 км.",37.69472,1034,Дворец на Яузе,,60
Дом (главный дом с циркумференцией) (Хамовники),Дом главный дом,историческое здание,"Можно рассмотреть фрагмент исторической застройки без музейной торжественности. Есть охранный статус. До ближайшего монумента — «Пётр l», около 1.03 км.",37.60051335,1034,Пётр l,,60
Флигель (Якиманка),Флигель,историческое здание,"Можно рассмотреть фрагмент исторической застройки без музейной торжественности. Есть федеральный охранный статус. До ближайшего монумента — «Дом Мёда», около 1.03 км.",37.62083324,1034,Дом Мёда,,60
Верхняя Радищевская улица 4 с1,Верхняя Радищевская улица,историческое здание,"Можно рассмотреть фрагмент исторической застройки без музейной торжественности. Считается ценной частью городской среды. До ближайшего монумента — «Усадьба Морозовых», около 1.03 км.",37.64832,1034,Усадьба Морозовых,,60
Маточный сад (Сокольники),Маточный сад,историческое здание,"Место для прогулки и передышки от плотной городской застройки. Считается ценной частью городской среды. До ближайшего монумента — «Большой розарий», около 1.03 км.",37.671435,1034,Большой розарий,,60
"Новая Басманная улица 26, Ограда и ворота",Новая Басманная улица,историческое здание,"Можно рассмотреть фрагмент исторической застройки без музейной торжественности. Есть федеральный охранный статус. До ближайшего монумента — «Колокольня», около 1.03 км.",37.6648,1033,Колокольня,,60
Хавская улица 5,Хавская улица 5,историческое здание,"Школа № 50 ЛОНО. Историческое здание в Москве, памятник архитектуры. До ближайшего монумента — «Дом-корабль», около 1.03 км.",37.61418,1033,Дом-корабль,,60
Гауптвахта (Якиманка),Гауптвахта,историческое здание,"Можно рассмотреть фрагмент исторической застройки без музейной торжественности. Есть федеральный охранный статус. До ближайшего монумента — «Фигурный фонтан», около 1.03 км.",37.59480905,1033,Фигурный фонтан,,60
Главный дом промышленников Баташёвых (Таганский),Главный дом промышленников,историческое здание,"Можно рассмотреть фрагмент исторической застройки без музейной торжественности. Есть федеральный охранный статус. До ближайшего монумента — «Усадьба Морозовых», около 1.03 км.",37.64860017,1032,Усадьба Морозовых,,60
Главный дом (Басманный),Главный дом,историческое здание,"Можно рассмотреть фрагмент исторической застройки без музейной торжественности. Есть федеральный охранный статус. До ближайшего монумента — «Доходный дом Перлова», около 1.03 км.",37.65170834,1031,Доходный дом Перлова,,60
Ограда по Николоямской улице (Таганский),Ограда Николоямской улице,историческое здание,"Можно рассмотреть фрагмент исторической застройки без музейной торжественности. Есть региональный охранный статус. До ближайшего монумента — «Усадьба Морозовых», около 1.03 км.",37.649054,1031,Усадьба Морозовых,,60
Улица Воронцово Поле 10 с21,Улица Воронцово Поле,историческое здание,"Можно рассмотреть фрагмент исторической застройки без музейной торжественности. Есть выявленный охранный статус. До ближайшего монумента — «Усадьба Морозовых», около 1.03 км.",37.6522114,1030,Усадьба Морозовых,,60
Арестный дом (Басманный),Арестный дом,историческое здание,"Можно рассмотреть фрагмент исторической застройки без музейной торжественности. Есть федеральный охранный статус. До ближайшего монумента — «Колокольня», около 1.03 км.",37.66409,1029,Колокольня,,60
"2-я Бауманская улица 3, Палаты Петра Первого",2-я Бауманская улица,усадьба / дворец / особняк,"Можно увидеть редкий для Москвы слой старой каменной застройки. Есть федеральный охранный статус. До ближайшего монумента — «Колокольня», около 1.03 км.",37.68619466,1027,Колокольня,,60
"2-я Бауманская улица 3 c3, Циркумференция южная",2-я Бауманская улица,историческое здание,"Можно рассмотреть фрагмент исторической застройки без музейной торжественности. Есть федеральный охранный статус. До ближайшего монумента — «Колокольня», около 1.03 км.",37.6854311,1027,Колокольня,,60
улица Шаболовка 57,Улица Шаболовка 57,историческое здание,"Историческое здание в Москве, памятник архитектуры. До ближайшего монумента — «Дом-корабль», около 1.03 км.",37.60935278,1027,Дом-корабль,,60
"Дом, в котором в 1947-1953 гг. жила и работала выдающийся советский скульптор В.И. Мухина (Хамовники)",Дом Мухина,историческое здание,"Дом, в котором в 1947-1953 гг. жила и работала выдающийся советский скульптор В.И. До ближайшего монумента — «Пётр l», около 1.03 км.",37.5939287,1027,Пётр l,,60
Первый Басманный переулок 4,Первый Басманный переулок,историческое здание,"Можно рассмотреть фрагмент исторической застройки без музейной торжественности. Считается ценной частью городской среды. До ближайшего монумента — «Колокольня», около 1.03 км.",37.663625,1027,Колокольня,,60
"Новорязанская улица 23 с8, Проходная",Новорязанская улица 23,историческое здание,"Бывшее здание проходной, памятник архитектуры. До ближайшего монумента — «Колокольня», около 1.03 км.",37.66195812,1026,Колокольня,,60
Главный дом с палатами (Хамовники),Главный дом палатами,усадьба / дворец / особняк,"Можно увидеть редкий для Москвы слой старой каменной застройки. Есть региональный охранный статус. До ближайшего монумента — «Пётр l», около 1.03 км.",37.60292084,1026,Пётр l,,60
Пристройки к главному дому (Хамовники),Пристройки к главному,историческое здание,"Можно рассмотреть фрагмент исторической застройки без музейной торжественности. Есть региональный охранный статус. До ближайшего монумента — «Пётр l», около 1.03 км.",37.60292084,1026,Пётр l,,60
Пристройки к главному дому (Хамовники),Пристройки к главному,историческое здание,"Можно рассмотреть фрагмент исторической застройки без музейной торжественности. Есть региональный охранный статус. До ближайшего монумента — «Пётр l», около 1.03 км.",37.60292084,1026,Пётр l,,60
Главный дом (Басманный),Главный дом,историческое здание,"Можно рассмотреть фрагмент исторической застройки без музейной торжественности. Есть региональный охранный статус. До ближайшего монумента — «Доходный дом Перлова», около 1.03 км.",37.64166518,1026,Доходный дом Перлова,,60
Флигель (Басманный),Флигель,историческое здание,"Можно рассмотреть фрагмент исторической застройки без музейной торжественности. Есть региональный охранный статус. До ближайшего монумента — «Доходный дом Перлова», около 1.03 км.",37.64166518,1026,Доходный дом Перлова,,60
Северный флигель усадьбы С.Ф. Голицына - купца А.Н. Прибылова (Пресненский),Усадьба Голицына,усадьба / дворец / особняк,"Северный флигель усадьбы С.Ф. Голицына - купца А.Н. До ближайшего монумента — «Cheapshot HQ», около 1.03 км.",37.601907,1026,Cheapshot HQ,,60
Храм Иконы Божией Матери «Знамение» при 2-й Городской больнице имени князя А.А. Щербатова (Якиманка),Храм Знамение,исторический храм / монастырь,"Храм Иконы Божией Матери «Знамение» при 2-й Городской больнице имени князя А.А. До ближайшего монумента — «Фигурный фонтан», около 1.02 км.",37.59621042,1025,Фигурный фонтан,,60
Кухонный корпус смотрительского двора при Александринском дворце (Якиманка),Кухонный корпус смотрительского,историческое здание,"Выделяется силуэтом или масштабом в окружающей застройке. Есть региональный охранный статус. До ближайшего монумента — «Фигурный фонтан», около 1.02 км.",37.59373107,1025,Фигурный фонтан,,60
Ограда с воротами (Хамовники),Ограда воротами,историческое здание,"Можно рассмотреть фрагмент исторической застройки без музейной торжественности. Есть региональный охранный статус. До ближайшего монумента — «Пётр l», около 1.02 км.",37.59194342,1025,Пётр l,,60
Городская усадьба Н.Н. Медынцева (Хамовники),Усадьба Медынцева,усадьба / дворец / особняк,"Подойдёт для спокойного знакомства с московской усадебной архитектурой. Есть региональный охранный статус. До ближайшего монумента — «Пётр l», около 1.02 км.",37.59194342,1025,Пётр l,,60
Особняк (Хамовники),Особняк,усадьба / дворец / особняк,"Подойдёт для спокойного знакомства с московской усадебной архитектурой. Есть региональный охранный статус. До ближайшего монумента — «Пётр l», около 1.02 км.",37.59194342,1025,Пётр l,,60
Московский Архив Коллегии Иностранных дел (Басманный),Архив Коллегии Иностранных,историческое здание,"Можно рассмотреть фрагмент исторической застройки без музейной торжественности. Есть региональный охранный статус. До ближайшего монумента — «Доходный дом Перлова», около 1.02 км.",37.64288688,1025,Доходный дом Перлова,,60
Хирургический корпус (Замоскворечье),Хирургический корпус,историческое здание,"Выделяется силуэтом или масштабом в окружающей застройке. Считается ценной частью городской среды. До ближайшего монумента — «Фигурный фонтан», около 1.02 км.",37.616426,1025,Фигурный фонтан,,60
Дом культуры со столовой (Зеленоград),Дом культуры,историческое здание,"Сохраняет память о районной культурной жизни и общественных пространствах. Есть региональный охранный статус. До ближайшего монумента — «КЦ Зеленоград», около 1.02 км.",37.2093844,1024,КЦ Зеленоград,,60
"2-я Бауманская улица 10, Химическая лаб��ратория Императорского М��сковского технического училища",2-я Бауманская улица,историческое здание,"Химическая лаборатория Императорского Московского технического училища. До ближайшего монумента — «Колокольня», около 1.02 км.",37.683181,1023,Колокольня,,60
улица Костякова 12 c2,Улица Костякова 12,историческое здание,"Лабораторный корпус Всероссийского НИИ холодильной промышленности. До ближайшего монумента — «Tram station», около 1.02 км.",37.57011436,1023,Tram station,,60
Сторожка (Ново-Переделкино),Сторожка,историческое здание,"Можно рассмотреть фрагмент исторической застройки без музейной торжественности. Есть выявленный охранный статус. До ближайшего монумента — «House of Poems», около 1.02 км.",37.34668539,1023,House of Poems,,60
Ансамбль жилых домов (Измайлово),Ансамбль жилых домов,историческое здание,"Можно рассмотреть фрагмент исторической застройки без музейной торжественности. Считается ценной частью городской среды. До ближайшего монумента — «Спутник-1», около 1.02 км.",37.791497,1023,Спутник-1,,60
Типография П.И. Юнгерсона (Басманный),Типография Юнгерсона,историческое здание,"Можно рассмотреть фрагмент исторической застройки без музейной торжественности. Считается ценной частью городской среды. До ближайшего монумента — «Доходный дом Перлова», около 1.02 км.",37.643347,1023,Доходный дом Перлова,,60
Кухонный корпус и корпус-сторожка смотрительского двора при Александринском дворце (Якиманка),Кухонный корпус корпус-сторожка,историческое здание,"Выделяется силуэтом или масштабом в окружающей застройке. Есть региональный охранный статус. До ближайшего монумента — «Фигурный фонтан», около 1.02 км.",37.593723,1023,Фигурный фонтан,,60
Ограда (Якиманка),Ограда,историческое здание,"Можно рассмотреть фрагмент исторической застройки без музейной торжественности. Есть федеральный охранный статус. До ближайшего монумента — «Фигурный фонтан», около 1.02 км.",37.598564,1022,Фигурный фонтан,,60
"5-й Лучевой просек 14 c1, Главный дом",5-й Лучевой просек,историческое здание,"Можно рассмотреть фрагмент исторической застройки без музейной торжественности. Есть региональный охранный статус. До ближайшего монумента — «Красный богатырь», около 1.02 км.",37.67485793,1021,Красный богатырь,,60
Палаты (Замоскворечье),Палаты,усадьба / дворец / особняк,"Можно увидеть редкий для Москвы слой старой каменной застройки. Есть федеральный охранный статус. До ближайшего монумента — «Усадьба Ардалионова», около 1.02 км.",37.65110647,1021,Усадьба Ардалионова,,60
Главный дом (Пресненский),Главный дом,историческое здание,"Можно рассмотреть фрагмент исторической застройки без музейной торжественности. Есть региональный охранный статус. До ближайшего монумента — «Cheapshot HQ», около 1.02 км.",37.60222015,1021,Cheapshot HQ,,60
Ограда (Пресненский),Ограда,историческое здание,"Можно рассмотреть фрагмент исторической застройки без музейной торжественности. Есть региональный охранный статус. До ближайшего монумента — «Cheapshot HQ», около 1.02 км.",37.60222015,1021,Cheapshot HQ,,60
Южный боковой флигель (Таганский),Южный боковой флигель,историческое здание,"Можно рассмотреть фрагмент исторической застройки без музейной торжественности. Есть федеральный охранный статус. До ближайшего монумента — «Усадьба Морозовых», около 1.02 км.",37.64859119,1021,Усадьба Морозовых,,60
Больничный корпус (Сокольники),Больничный корпус,историческое здание,"Выделяется силуэтом или масштабом в окружающей застройке. Считается ценной частью городской среды. До ближайшего монумента — «Дворец на Яузе», около 1.02 км.",37.689282,1020,Дворец на Яузе,,60
Садовая-Черногрязская улица 8 c2,Театр Садовая-Черногрязская улица,театр,"Театральный флигель городской усадьбы Алексеевых, в которой с 1863 по 1903 гг. До ближайшего монумента — «Доходный дом Перлова», около 1.02 км.",37.65120528,1019,Доходный дом Перлова,,60
Большой Саввинский переулок 2-4-6 c16 (часть),Большой Саввинский переулок,историческое здание,"Можно рассмотреть фрагмент исторической застройки без музейной торжественности. Есть федеральный охранный статус. До ближайшего монумента — «Way to ducks!», около 1.02 км.",37.56739,1019,Way to ducks!,,60
Привратницкая (Арбат),Привратницкая,историческое здание,"Можно рассмотреть фрагмент исторической застройки без музейной торжественности. Есть федеральный охранный статус. До ближайшего монумента — «Ultimate Zombie Box», около 1.02 км.",37.60363949,1019,Ultimate Zombie Box,,60
"Главный дом городской усадьбы Кулаковых, Мухиных (женская гимназия)",Усадьба,усадьба / дворец / особняк,"Подойдёт для спокойного знакомства с московской усадебной архитектурой. Есть региональный охранный статус. До ближайшего монумента — «Усадьба Морозовых», около 1.02 км.",37.64857322,1019,Усадьба Морозовых,,60
Дом причта (Донской),Дом причта,историческое здание,"Можно рассмотреть фрагмент исторической застройки без музейной торжественности. Есть выявленный охранный статус. До ближайшего монумента — «Дом-корабль», около 1.02 км.",37.60801429,1018,Дом-корабль,,60
Административное здание доходного дома Московского домовладельческого и строительного общества (Пресненский),Административное здание доходного,историческое здание,"Можно рассмотреть фрагмент исторической застройки без музейной торжественности. Считается ценной частью городской среды. До ближайшего монумента — «Ultimate Zombie Box», около 1.02 км.",37.603649,1018,Ultimate Zombie Box,,60
Фрагмент галереи парадного двора (Таганский),Фрагмент галереи парадного,историческое здание,"Хороший вариант для короткого визита, если интересны экспозиции и локальные коллекции. Есть выявленный охранный статус. До ближайшего монумента — «Усадьба Морозовых», около 1.02 км.",37.648698,1018,Усадьба Морозовых,,60
Хозяйственный флигель (Арбат),Хозяйственный флигель,историческое здание,"Можно рассмотреть фрагмент исторической застройки без музейной торжественности. Есть выявленный охранный статус. До ближайшего монумента — «Ultimate Zombie Box», около 1.02 км.",37.60364847,1017,Ultimate Zombie Box,,60
Рабочий клуб текстильщиков,Рабочий клуб текстильщиков,историческое здание,"Объект культурного наследия на Сельскохозяйственной улице в Москве. До ближайшего монумента — «Каменный цветок», около 1.01 км.",37.641708,1015,Каменный цветок,,60
Ограда с воротами (Арбат),Ограда воротами,историческое здание,"Можно рассмотреть фрагмент исторической застройки без музейной торжественности. Есть федеральный охранный статус. До ближайшего монумента — «Ultimate Zombie Box», около 1.01 км.",37.603754,1014,Ultimate Zombie Box,,60
Хирургический корпус (Таганский),Хирургический корпус,историческое здание,"Выделяется силуэтом или масштабом в окружающей застройке. Есть региональный охранный статус. До ближайшего монумента — «Усадьба Морозовых», около 1.01 км.",37.649014,1014,Усадьба Морозовых,,60
Каретный сарай с амбаром (Хамовники),Каретный сарай амбаром,историческое здание,"Можно рассмотреть фрагмент исторической застройки без музейной торжественности. Есть федеральный охранный статус. До ближайшего монумента — «Ultimate Zombie Box», около 1.01 км.",37.60754716,1013,Ultimate Zombie Box,,60
"Новая Басманная улица 29, Здание полицейской части",Новая Басманная улица,историческое здание,"Историческое здание в Москве, памятник архитектуры. До ближайшего монумента — «Колокольня», около 1.01 км.",37.66454527,1012,Колокольня,,60
"Здание, где состоялось первое заседание Московского Совета рабочих депутатов (Арбат)",Здание где состоялось,историческое здание,"Можно рассмотреть фрагмент исторической застройки без музейной торжественности. Есть охранный статус. До ближайшего монумента — «Cheapshot HQ», около 1.01 км.",37.598511,1012,Cheapshot HQ,,60
Гаражный комплекс (Текстильщики),Гаражный комплекс,историческое здание,"Напоминает об индустриальном слое московской архитектуры. Считается ценной частью городской среды. До ближайшего монумента — «Скульптура из дерева», около 1.01 км.",37.741024,1012,Скульптура из дерева,,60
Улица Барболина 3 к21,Улица Барболина 3,историческое здание,"Можно рассмотреть фрагмент исторической застройки без музейной торжественности. Считается ценной частью городской среды. До ближайшего монумента — «Дворец на Яузе», около 1.01 км.",37.689601,1012,Дворец на Яузе,,60
Церковь Благовещения Пресвятой Богородицы в Федосьино с погостом (Ново-Переделкино),Церковь Благовещения Богородицы,исторический храм / монастырь,"Тихая архитектурная точка, заметная в исторической среде района. Есть выявленный охранный статус. До ближайшего монумента — «Корней Чуковский», около 1.01 км.",37.33666019,1011,Корней Чуковский,,60
Новорязанская улица 23 с5,Новорязанская улица 23,знаковое городское место,"Бывший дом администрации Новорязанского трамвайного парка, памятник архитектуры. До ближайшего монумента — «Колокольня», около 1.01 км.",37.66203897,1011,Колокольня,,60
"Новая Басманная улица 26 корпус 1, Главный дом",Новая Басманная улица,историческое здание,"Историческое здание в Москве, памятник архитектуры. До ближайшего монумента — «Колокольня», около 1.01 км.",37.66542562,1011,Колокольня,,60
Дача М.П. Хлебниковой (Сокольники),Дача Хлебниковой,историческое здание,"Можно рассмотреть фрагмент исторической застройки без музейной торжественности. Есть выявленный охранный статус. До ближайшего монумента — «Красный богатырь», около 1.01 км.",37.67484894,1011,Красный богатырь,,60
Корпус для хронических больных (Мещанский),Корпус хронических больных,историческое здание,"Выделяется силуэтом или масштабом в окружающей застройке. Есть региональный охранный статус. До ближайшего монумента — «Аптекарский огород», около 1.01 км.",37.62783,1011,Аптекарский огород,,60
Сторожка (Басманный),Сторожка,историческое здание,"Можно рассмотреть фрагмент исторической застройки без музейной торжественности. Есть региональный охранный статус. До ближайшего монумента — «Доходный дом Перлова», около 1.01 км.",37.64132382,1011,Доходный дом Перлова,,60
Здание (?) (Басманный),Здание,историческое здание,"Можно рассмотреть фрагмент исторической застройки без музейной торжественности. Считается ценной частью городской среды. До ближайшего монумента — «Колокольня», около 1.01 км.",37.679257,1011,Колокольня,,60
Городская усадьба Глебовых-Пономарёвых – ограда по улице (Хамовники),Усадьба Глебовых,усадьба / дворец / особняк,"Подойдёт для спокойного знакомства с московской усадебной архитектурой. Есть выявленный охранный статус. До ближайшего монумента — «Пётр l», около 1.01 км.",37.605884,1010,Пётр l,,60
Флигель (сторожка) (Басманный),Флигель сторожка,историческое здание,"Можно рассмотреть фрагмент исторической застройки без музейной торжественности. Есть региональный охранный статус. До ближайшего монумента — «Доходный дом Перлова», около 1.01 км.",37.63880853,1009,Доходный дом Перлова,,60
Манеж (Лефортово),Манеж,историческое здание,"Можно рассмотреть фрагмент исторической застройки без музейной торжественности. Есть федеральный охранный статус. До ближайшего монумента — «Су-27», около 1.01 км.",37.68811706,1008,Су-27,,60
Учебные корпуса с интерьерами (Лефортово),Учебные корпуса интерьерами,историческое здание,"Выделяется силуэтом или масштабом в окружающей застройке. Есть федеральный охранный статус. До ближайшего монумента — «Су-27», около 1.01 км.",37.68811706,1008,Су-27,,60
Усадьба Чернево: парк с каскадными прудами (Южное Бутово),Усадьба,усадьба / дворец / особняк,"Подойдёт для спокойного знакомства с московской усадебной архитектурой. Есть региональный охранный статус. До ближайшего монумента — «Rainbow», около 1.01 км.",37.522939,1008,Rainbow,,60
"Комплекс застройки, включивший главный дом усадьбы А.Ф. Фаминцыной и здание казенного питейного дома (Хамовники)",Усадьба Фаминцыной,усадьба / дворец / особняк,"Комплекс застройки, включивший главный дом усадьбы А.Ф. До ближайшего монумента — «Ultimate Zombie Box», около 1.01 км.",37.60774479,1006,Ultimate Zombie Box,,60
Ансамбль усадебной застройки участка улицы Волхонки (Хамовники),Ансамбль усадебной застройки,историческое здание,"Место для прогулки и передышки от плотной городской застройки. Есть федеральный охранный статус. До ближайшего монумента — «Ultimate Zombie Box», около 1.01 км.",37.60774479,1006,Ultimate Zombie Box,,60
"улица Большая Черкизовская 32Б, Хлебозавод №8",Улица Большая Черкизовская,историческое здание,"Напоминает об индустриальном слое московской архитектуры. Сохраняет признаки объекта наследия. До ближайшего монумента — «Локомотив арена», около 1.00 км.",37.741592,1005,Локомотив арена,,60
Фрагмент ограды (Таганский),Фрагмент ограды,историческое здание,"Можно рассмотреть фрагмент исторической застройки без музейной торжественности. Есть региональный охранный статус. До ближайшего монумента — «Усадьба Морозовых», около 1.00 км.",37.64883,1005,Усадьба Морозовых,,60
Музей личных коллекций,Музей личных коллекций,музей,"Хороший вариант для короткого визита, если интересны экспозиции и локальные коллекции. До ближайшего монумента — «Пётр l», около 1.00 км.",37.60752778,1004,Пётр l,https://ru.wikipedia.org/wiki/%D0%9C%D1%83%D0%B7%D0%B5%D0%B9_%D0%BB%D0%B8%D1%87%D0%BD%D1%8B%D1%85_%D0%BA%D0%BE%D0%BB%D0%BB%D0%B5%D0%BA%D1%86%D0%B8%D0%B9,60
Дом (Хамовники),Дом,историческое здание,"Можно рассмотреть фрагмент исторической застройки без музейной торжественности. Есть федеральный охранный статус. До ближайшего монумента — «Пётр l», около 1.00 км.",37.592751,1004,Пётр l,,60
Новорязанская улица 23 с2,Новорязанская улица 23,знаковое городское место,"Здание амбулатории, мастерские и гараж бывшего трамвайного парка, памятник архитектуры. До ближайшего монумента — «Колокольня», около 1.00 км.",37.66192219,1003,Колокольня,,60
"Мельницкий переулок 12, Памятное место, где находился дом, в котором в 1810 г. родился хирург Н.И. Пирогов",Мельницкий переулок 12,историческое здание,"Мельницкий переулок 12, Памятное место, где находился дом, в котором в 1810 г. До ближайшего монумента — «Усадьба Морозовых», около 1.00 км.",37.660628,1003,Усадьба Морозовых,,60
Улица Щепкина 61/2 с1,Улица Щепкина 61,историческое здание,"Можно рассмотреть фрагмент исторической застройки без музейной торжественности. Есть региональный охранный статус. До ближайшего монумента — «Аптекарский огород», около 1.00 км.",37.62717,1003,Аптекарский огород,,60
Главный дом (Басманный),Главный дом,историческое здание,"Можно рассмотреть фрагмент исторической застройки без музейной торжественности. Есть региональный охранный статус. До ближайшего монумента — «Усадьба Морозовых», около 1.00 км.",37.66644969,1003,Усадьба Морозовых,,60
Главный дом (Арбат),Главный дом,историческое здание,"Можно рассмотреть фрагмент исторической застройки без музейной торжественности. Есть федеральный охранный статус. До ближайшего монумента — «Cheapshot HQ», около 1.00 км.",37.599894,1003,Cheapshot HQ,,60
Дом учителей (Хамовники),Дом учителей,историческое здание,"Можно рассмотреть фрагмент исторической застройки без музейной торжественности. Есть охранный статус. До ближайшего монумента — «Пётр l», около 1.00 км.",37.60190574,1003,Пётр l,,60
Жилой флигель с погребами (Хамовники),Жилой флигель погребами,историческое здание,"Можно рассмотреть фрагмент исторической застройки без музейной торжественности. Есть региональный охранный статус. До ближайшего монумента — «Пётр l», около 1.00 км.",37.60190574,1003,Пётр l,,60
Хозяйственный флигель (Хамовники),Хозяйственный флигель,историческое здание,"Можно рассмотреть фрагмент исторической застройки без музейной торжественности. Есть региональный охранный статус. До ближайшего монумента — «Пётр l», около 1.00 км.",37.60190574,1003,Пётр l,,60
Домовладение Якунчиковых (Пресненский),Домовладение Якунчиковых,историческое здание,"Можно рассмотреть фрагмент исторической застройки без музейной торжественности. Есть выявленный охранный статус. До ближайшего монумента — «Cheapshot HQ», около 1.00 км.",37.60354068,1003,Cheapshot HQ,,60
Особняк С.Д. Мстиславского (Хамовники),Особняк Мстиславского,усадьба / дворец / особняк,"Подойдёт для спокойного знакомства с московской усадебной архитектурой. Есть выявленный охранный статус. До ближайшего монумента — «Пётр l», около 1.00 км.",37.59666856,1002,Пётр l,,60
Улица Барболина 3 к8,Улица Барболина 3,историческое здание,"Можно рассмотреть фрагмент исторической застройки без музейной торжественности. Считается ценной частью городской среды. До ближайшего монумента — «Дворец на Яузе», около 1.00 км.",37.690354,1002,Дворец на Яузе,,60
Гранитная ограда по улице (Басманный),Гранитная ограда улице,историческое здание,"Можно рассмотреть фрагмент исторической застройки без музейной торжественности. Есть федеральный охранный статус. До ближайшего монумента — «Доходный дом Перлова», около 1.00 км.",37.650369,1001,Доходный дом Перлова,,60
Вестибюль метро Сокольники,Вестибюль метро Сокольники,историческое здание,"Интересно как часть городской инфраструктуры и повседневного движения Москвы. Есть выявленный охранный статус. До ближайшего монумента — «Большой розарий», около 1.00 км.",37.6796611,1000,Большой розарий,,60
"Ботаническая 25, строение 30",Ботаническая 25 строение,знаковое современное здание,"Высотное офисное здание концерна ""Автоматика"" в Москве. До ближайшего монумента — «Ботанический сад», около 1.40 км.",37.5998,1398,Ботанический сад,,56
Кольцо Метро Измайловская,Кольцо Метро Измайловская,необычное здание,"Интересно как часть городской инфраструктуры и повседневного движения Москвы. До ближайшего монумента — «Передние ворота», около 1.39 км.",37.78476,1394,Передние ворота,,56
"Старая Басманная улица 18, Комплекс сооружений",Старая Басманная улица,необычное здание,"Историческое здание в Москве, памятник архитектуры. До ближайшего монумента — «Колокольня», около 1.39 км.",37.66291033,1391,Колокольня,,56
Highway,Highway,необычное здание,"Жилой микрорайон в Москве на старой территории завода КИМ-МЗМА-АЗЛК. До ближайшего монумента — «Футболисты», около 1.39 км.",37.685995418,1389,Футболисты,,56
Конечная станция Выхино,Конечная станция Выхино,вокзал / транспортный объект,"Интересно как часть городской инфраструктуры и повседневного движения Москвы. До ближайшего монумента — «Сухой фонтан», около 1.38 км.",37.8181,1383,Сухой фонтан,,56
Зубовская улица 7,Зубовская улица 7,необычное здание,"Снесённое здание в Москве. До ближайшего монумента — «Фигурный фонтан», около 1.38 км.",37.58408,1375,Фигурный фонтан,,56
"Набережная Тараса Шевченко, 3-7",Набережная Тараса Шевченко,необычное здание,"Коплекс жилых домов в Москве. До ближайшего монумента — «Пионер», около 1.37 км.",37.570409,1366,Пионер,,56
Снежная улица 26,Снежная улица 26,необычное здание,"Здание в Москва. До ближайшего монумента — «Усадьба Свиблово», около 1.36 км.",37.65331,1359,Усадьба Свиблово,,56
Здание конторы Снабгрэсс в Юрьевском переулке (стр.5),Здание конторы Снабгрэсс,необычное здание,"Конторское здание в Москве, памятник архитектуры. До ближайшего монумента — «Су-27», около 1.36 км.",37.719034,1356,Су-27,,56
Ленинский проспект 59,Ленинский проспект 59,необычное здание,"Здание в Москва. До ближайшего монумента — «Первая Хрущёвка», около 1.35 км.",37.56014,1349,Первая Хрущёвка,,56
Самокатная улица 3/8 c2,Самокатная улица 3,необычное здание,"Дом причта. Историческое здание в Москве, памятник архитектуры. До ближайшего монумента — «Су-27», около 1.34 км.",37.68098444,1339,Су-27,,56
Улица Академика Зельдовича 1,Улица Академика Зельдовича,необычное здание,"Можно рассмотреть фрагмент исторической застройки без музейной торжественности. До ближайшего монумента — «Арена Лужники», около 1.34 км.",37.56461,1339,Арена Лужники,,56
ЖК «На Базовской»,ЖК Базовской,необычное здание,"Жилой комплекс в Москве. До ближайшего монумента — «Apple garden», около 1.33 км.",37.507932,1335,Apple garden,,56
"улица Радио 24 корпус 1, Конструкторское бюро ЦАГИ",Улица Радио 24,необычное здание,"Выделяется силуэтом или масштабом в окружающей застройке. До ближайшего монумента — «Су-27», около 1.33 км.",37.68322124,1327,Су-27,,56
Оболенский переулок 9 к7,Оболенский переулок 9,необычное здание,"Можно рассмотреть фрагмент исторической застройки без музейной торжественности. До ближайшего монумента — «Фигурный фонтан», около 1.33 км.",37.5803,1326,Фигурный фонтан,,56
2-я Хуторская улица 40 c3,2-я Хуторская улица,необычное здание,"Дом причта. Историческое здание в Москве, памятник архитектуры. До ближайшего монумента — «Путевой дворец», около 1.32 км.",37.56302666,1325,Путевой дворец,,56
Квартал 21-19,Квартал 21-19,необычное здание,"Жилой массив в Москве на територии бывших заводом Моссоль и Молния. До ближайшего монумента — «Московские Кольца», около 1.32 км.",37.748298,1325,Московские Кольца,,56
Автобусная конечная метро Марьино,Автобусная конечная метро,необычное здание,"Автобусная конечная в Москва. До ближайшего монумента — «Студенческие приметы», около 1.32 км.",37.74035,1322,Студенческие приметы,,56
Южный проезд 4,Южный проезд 4,необычное здание,"Здание в Москве на Каланчёвской. До ближайшего монумента — «Аптекарский огород», около 1.32 км.",37.653442,1319,Аптекарский огород,,56
"Технический переулок, 2",Технический переулок 2,знаковое современное здание,"Комплекс зданий Следственного комитета РФ. До ближайшего монумента — «Колокольня», около 1.31 км.",37.68145,1313,Колокольня,,56
Конечная станция 138 квартал Выхина,Конечная станция 138,вокзал / транспортный объект,"Интересно как часть городской инфраструктуры и повседневного движения Москвы. До ближайшего монумента — «Сухой фонтан», около 1.31 км.",37.816979885,1311,Сухой фонтан,,56
Первый Дубровский,Первый Дубровский,необычное здание,"Жилой микрорайон в Москве на месте бетонного завода ""Монобетон"". До ближайшего монумента — «Футболисты», около 1.31 км.",37.683460223,1310,Футболисты,,56
Общежития Сельскохозяйственной академии имени К.А. Тимирязева,Общежития Сельскохозяйственной академии,необычное здание,"Общежития Сельскохозяйственной академии имени К.А. До ближайшего монумента — «Tram station», около 1.31 км.",37.56778,1309,Tram station,,56
Улица Новая Дорога 9,Улица Новая Дорога,необычное здание,"Здание в Москве. До ближайшего монумента — «Дворец на Яузе», около 1.30 км.",37.7003,1302,Дворец на Яузе,,56
Душинская улица 7 c1,Душинская улица 7,необычное здание,"Здание в Москва. До ближайшего монумента — «Су-27», около 1.29 км.",37.70624,1292,Су-27,,56
Автобусное кольцо Метро Сокол,Автобусное кольцо Метро,необычное здание,"Интересно как часть городской инфраструктуры и повседневного движения Москвы. До ближайшего монумента — «ЦСКА Арена», около 1.29 км.",37.513536214,1290,ЦСКА Арена,,56
Каширское шоссе 58 к3,Каширское шоссе 58,необычное здание,"Здание в Москва. До ближайшего монумента — «Львиный парк», около 1.29 км.",37.67065,1287,Львиный парк,,56
ЖК «Румянцево-Парк»,ЖК Румянцево-Парк,знаковое городское место,"Жилой комплекс в Москве. До ближайшего монумента — «Саларьево парк», около 1.28 км.",37.415546,1281,Саларьево парк,,56
Третья Сокольническая улица 5,Третья Сокольническая улица,необычное здание,"Можно рассмотреть фрагмент исторической застройки без музейной торжественности. До ближайшего монумента — «Дворец на Яузе», около 1.28 км.",37.68495,1279,Дворец на Яузе,,56
Конечная Метро Стахановская,Конечная Метро Стахановская,необычное здание,"Интересно как часть городской инфраструктуры и повседневного движения Москвы. До ближайшего монумента — «Московские Кольца», около 1.26 км.",37.749677896,1264,Московские Кольца,,56
Автобусная конечная Щукино,Автобусная конечная Щукино,необычное здание,"Автобусная конечная в Москва. До ближайшего монумента — «Стадион Спартак», около 1.26 км.",37.45303,1264,Стадион Спартак,,56
Камушки,Камушки,необычное здание,"Исторический микрорайон в Москве. До ближайшего монумента — «Пионер», около 1.26 км.",37.53684,1260,Пионер,,56
Новолесная улица 2,Новолесная улица 2,необычное здание,"Здание в Москва. До ближайшего монумента — «Еврейский музей», около 1.26 км.",37.59232,1259,Еврейский музей,,56
Титул на Серебрянической,Титул,необычное здание,"Можно рассмотреть фрагмент исторической застройки без музейной торжественности. До ближайшего монумента — «Усадьба Морозовых», около 1.26 км.",37.646542,1259,Усадьба Морозовых,,56
главный офис Сбербанка в Москве,Главный офис Сбербанка,необычное здание,"Можно рассмотреть фрагмент исторической застройки без музейной торжественности. До ближайшего монумента — «Первая Хрущёвка», около 1.25 км.",37.57969,1255,Первая Хрущёвка,,56
Чечёра,Чечёра,необычное здание,"Можно рассмотреть фрагмент исторической застройки без музейной торжественности. До ближайшего монумента — «Rainbow», около 1.25 км.",37.5275,1245,Rainbow,,56
Конечная станция Ивановское,Конечная станция Ивановское,вокзал / транспортный объект,"Интересно как часть городской инфраструктуры и повседневного движения Москвы. До ближайшего монумента — «Колокол Реут», около 1.24 км.",37.8389,1241,Колокол Реут,,56
Комплекс богаделен на Петербургском шоссе Императорского Человеколюбивого общества,Комплекс богаделен,необычное здание,"Комплекс богаделен на Петербургском шоссе Императорского Человеколюбивого общества. До ближайшего монумента — «Купание коней», около 1.23 км.",37.57695,1233,Купание коней,,56
Английский квартал,Английский квартал,необычное здание,"Жилой комплекс в Москве. До ближайшего монумента — «Усадьба Ардалионова», около 1.23 км.",37.618459,1233,Усадьба Ардалионова,,56
Событие,Событие,необычное здание,"Жилой комплекс в Москве-Раменки. До ближайшего монумента — «Памятник на холме», около 1.23 км.",37.4752,1225,Памятник на холме,,56
Отдел МВД по Даниловскому району,Отдел МВД Даниловскому,необычное здание,"Полицейский участок в Москве. До ближайшего монумента — «Остров мечты», около 1.19 км.",37.657536,1192,Остров мечты,,56
Улица Коровий Вал 5,Улица Коровий Вал,необычное здание,"Здание в Москва. До ближайшего монумента — «Фигурный фонтан», около 1.19 км.",37.6202,1190,Фигурный фонтан,,56
"Свободный проспект 4 4А, Усадьба Терлецких «Гиреево»",Усадьба,усадьба / дворец / особняк,"Подойдёт для спокойного знакомства с московской усадебной архитектурой. До ближайшего монумента — «Музей Вадима Сидура», около 1.19 км.",37.815671,1188,Музей Вадима Сидура,,56
Чертановская улица 60 к1,Чертановская улица 60,необычное здание,"Можно рассмотреть фрагмент исторической застройки без музейной торжественности. До ближайшего монумента — «Символ Севастополя», около 1.19 км.",37.58764,1186,Символ Севастополя,,56
Здание станции Кутузово,Здание станции Кутузово,необычное здание,"Можно рассмотреть фрагмент исторической застройки без музейной торжественности. До ближайшего монумента — «Пионер», около 1.18 км.",37.53824,1181,Пионер,,56
Улица Стромынка 18 к13,Улица Стромынка 18,необычное здание,"Можно рассмотреть фрагмент исторической застройки без музейной торжественности. До ближайшего монумента — «Дворец на Яузе», около 1.17 км.",37.69877,1172,Дворец на Яузе,,56
Примавера,Примавера,необычное здание,"Жилой комплекс в Тушино в Москве. До ближайшего монумента — «Стадион Спартак», около 1.17 км.",37.425,1170,Стадион Спартак,,56
улица Тимура Фрунзе 11 усадьба Всеволожских,Усадьба Всеволожских,усадьба / дворец / особняк,"Городская усадьба Всеволожских в Москве. До ближайшего монумента — «Фигурный фонтан», около 1.17 км.",37.58584,1168,Фигурный фонтан,,56
Вестибюль метро Марьина Роща БКЛ,Вестибюль метро Марьина,вокзал / транспортный объект,"Интересно как часть городской инфраструктуры и повседневного движения Москвы. До ближайшего монумента — «Еврейский музей», около 1.17 км.",37.61803,1168,Еврейский музей,,56
Золоторожский Вал 11 с20,Золоторожский Вал 11,необычное здание,"Можно рассмотреть фрагмент исторической застройки без музейной торжественности. До ближайшего монумента — «Су-27», около 1.17 км.",37.68659234,1166,Су-27,,56
Автобусная конечная Саратовская улица,Автобусная конечная Саратовская,необычное здание,"Автобусная конечная в Москва. До ближайшего монумента — «Скульптура из дерева», около 1.15 км.",37.74303,1152,Скульптура из дерева,,56
"Ходынская улица 5 с3, Административный корпус (Пресненский)",Ходынская улица 5,необычное здание,"Выделяется силуэтом или масштабом в окружающей застройке. До ближайшего монумента — «Купание коней», около 1.15 км.",37.558974,1146,Купание коней,,56
Sky View,Sky View,необычное здание,"Жилой комплекс в Москве. До ближайшего монумента — «Cheapshot HQ», около 1.14 км.",37.574918,1143,Cheapshot HQ,,56
Электрозаводская улица 60,Электрозаводская улица 60,необычное здание,"Напоминает об индустриальном слое московской архитектуры. До ближайшего монумента — «Дворец на Яузе», около 1.14 км.",37.7088,1141,Дворец на Яузе,,56
Севанская улица 48А,Усадьба,усадьба или дворец,"Здание в Москва. До ближайшего монумента — «Львиный парк», около 1.14 км.",37.65418,1140,Львиный парк,,56
Проспект 60-летия Октября 9,Проспект 60-летия Октября,необычное здание,"Можно рассмотреть фрагмент исторической застройки без музейной торжественности. До ближайшего монумента — «Первая Хрущёвка», около 1.13 км.",37.57916,1134,Первая Хрущёвка,,56
Садовые Кварталы,Садовые Кварталы,необычное здание,"Жилой комплекс в Москва. До ближайшего монумента — «Way to ducks!», около 1.12 км.",37.57299,1125,Way to ducks!,,56
ЖК Богородское,ЖК Богородское,необычное здание,"Можно рассмотреть фрагмент исторической застройки без музейной торжественности. До ближайшего монумента — «Локомотив арена», около 1.12 км.",37.727998137,1120,Локомотив арена,,56
Golden Gate,Golden Gate,необычное здание,"Комплекс офисных зданий в Москве. До ближайшего монумента — «Усадьба Морозовых», около 1.11 км.",37.682456,1113,Усадьба Морозовых,,56
Серпуховская площадь 36 ансамбль застройки площади,Серпуховская площадь 36,необычное здание,"Ансамбль застройки Серпуховской площади (фрагмент). До ближайшего монумента — «Дом Мёда», около 1.11 км.",37.62475,1108,Дом Мёда,,56
Конечная станция Проспект Будённого,Конечная станция Проспект,вокзал / транспортный объект,"Интересно как часть городской инфраструктуры и повседневного движения Москвы. До ближайшего монумента — «Дворец на Яузе», около 1.11 км.",37.71956,1108,Дворец на Яузе,,56
Мой Адрес на Береговом,Мой Адрес,необычное здание,"Жилой комплекс в Москве. До ближайшего монумента — «Ракета Хруничева», около 1.11 км.",37.514131,1106,Ракета Хруничева,,56
театр «Сатирикон» имени Аркадия Райкина,Театр Сатирикон,театр,"Камерная культурная точка для тех, кто ищет районную сцену. До ближайшего монумента — «Еврейский музей», около 1.10 км.",37.61824167,1100,Еврейский музей,,56
Щепкина 61/2 c12,Щепкина 61 2,необычное здание,"Офисное здание в Москве. До ближайшего монумента — «Еврейский музей», около 1.09 км.",37.624312,1094,Еврейский музей,,56
Pride,Pride,необычное здание,"Жилой комплекс (квартал) в Москве. До ближайшего монумента — «Еврейский музей», около 1.09 км.",37.598923,1091,Еврейский музей,,56
Монблан,Монблан,необычное здание,"Строящийся ЖК в Замоскворечье. До ближайшего монумента — «Дом Мёда», около 1.09 км.",37.642349,1088,Дом Мёда,,56
Большая Черёмушкинская улица 26,Большая Черёмушкинская улица,необычное здание,"Можно рассмотреть фрагмент исторической застройки без музейной торжественности. До ближайшего монумента — «Первая Хрущёвка», около 1.07 км.",37.58671,1070,Первая Хрущёвка,,56
"Русаковская улица 19 с3, Русаковская улица 19 c3",Русаковская улица 19,необычное здание,"Дом экспедиции Калинкинского медо-пивоваренного товарищества. До ближайшего монумента — «Колокольня», около 1.07 км.",37.67485793,1068,Колокольня,,56
жилой комплекс Эмеральд,Жилой комплекс Эмеральд,необычное здание,"Жилой комплекс в Москве. До ближайшего монумента — «Усадьба Воронцово», около 1.06 км.",37.5145581,1059,Усадьба Воронцово,,56
Большой Саввинский переулок 2-4-6 строения 13 14 16,Усадьба,усадьба / дворец / особняк,"Подойдёт для спокойного знакомства с московской усадебной архитектурой. До ближайшего монумента — «Way to ducks!», около 1.05 км.",37.56773,1053,Way to ducks!,,56
Вокзал Андроновка,Вокзал Андроновка,вокзал / транспортный объект,"Вокзал 1908 года на станции Андроновка в Москве. До ближайшего монумента — «Московские Кольца», около 1.05 км.",37.732792,1052,Московские Кольца,,56
городская усадьба Грачёвых-Ганешиных,Усадьба Грачёвых,усадьба / дворец / особняк,"Историческая усадьба в Хамовниках, Москва. До ближайшего монумента — «Way to ducks!», около 1.05 км.",37.567498,1051,Way to ducks!,,56
Сцена Малого театра на Большой Ордынке,Театр Сцена Малого,театр,"Вторая сцена Малого театра. До ближайшего монумента — «Дом Мёда», около 1.04 км.",37.624638888,1045,Дом Мёда,,56
Foriver,Foriver,необычное здание,"Жилой комплекс (квартал) в Даниловском районе Москвы. До ближайшего монумента — «Футболисты», около 1.02 км.",37.650528,1023,Футболисты,,56
Пресня-Сити,Пресня-Сити,знаковое современное здание,"Высотный жилой комплекс в Пресненском районе Москвы. До ближайшего монумента — «Купание коней», около 1.02 км.",37.5645,1021,Купание коней,,56
Hide,Hide,необычное здание,"Жилой комплекс в Москве. До ближайшего монумента — «Way to ducks!», около 1.02 км.",37.54093,1016,Way to ducks!,,56
Улица Тимура Фрунзе 20А,Улица Тимура Фрунзе,необычное здание,"Можно рассмотреть фрагмент исторической застройки без музейной торжественности. До ближайшего монумента — «Фигурный фонтан», около 1.01 км.",37.58842,1009,Фигурный фонтан,,56
Ансамбль жилых домов «Абельмановская застава» (Таганский),Ансамбль жилых домов,необычное здание,"Можно рассмотреть фрагмент исторической застройки без музейной торжественности. До ближайшего монумента — «Усадьба Морозовых», около 1.01 км.",37.673287,1008,Усадьба Морозовых,,56
Конечная станция Проезд Карамзина,Конечная станция Проезд,вокзал / транспортный объект,"Автобусная конечная в Москва. До ближайшего монумента — «Усадьба Ясенево», около 1.00 км.",37.54688,1004,Усадьба Ясенево,,56
Улица Маши Порываевой 34,Улица Маши Порываевой,необычное здание,"Можно рассмотреть фрагмент исторической застройки без музейной торжественности. До ближайшего монумента — «Аптекарский огород», около 1.00 км.",37.64823,1003,Аптекарский огород,,56
Храм Святой Равноапостольной Нины в Черемушках,Храм Равноапостольной Нины,исторический храм / монастырь,"Тихая архитектурная точка, заметная в исторической среде района. До ближайшего монумента — «Первая Хрущёвка», около 1.77 км.",37.562222222,1773,Первая Хрущёвка,,52
Church of Our Lady of the Joy of All Who Sorrow in Moscow,Church of Our,исторический храм / монастырь,"Тихая архитектурная точка, заметная в исторической среде района. До ближайшего монумента — «Дом-корабль», около 1.53 км.",37.605364,1526,Дом-корабль,,52
Церковь Николая Чудотворца в Кошелях,Церковь Николая Чудотворца,исторический храм / монастырь,"Тихая архитектурная точка, заметная в исторической среде района. До ближайшего монумента — «Дом Мёда», около 1.39 км.",37.643065,1389,Дом Мёда,https://ru.wikipedia.org/wiki/%D0%A6%D0%B5%D1%80%D0%BA%D0%BE%D0%B2%D1%8C_%D0%9D%D0%B8%D0%BA%D0%BE%D0%BB%D0%B0%D1%8F_%D0%A7%D1%83%D0%B4%D0%BE%D1%82%D0%B2%D0%BE%D1%80%D1%86%D0%B0_%D0%B2_%D0%9A%D0%BE%D1%88%D0%B5%D0%BB%D1%8F%D1%85,52
Церковь Смоленской Божией Матери при Орловской лечебнице на Хитровке,Церковь Смоленской,исторический храм / монастырь,"Тихая архитектурная точка, заметная в исторической среде района. До ближайшего монумента — «Доходный дом Перлова», около 1.37 км.",37.644758,1373,Доходный дом Перлова,https://ru.wikipedia.org/wiki/%D0%A6%D0%B5%D1%80%D0%BA%D0%BE%D0%B2%D1%8C_%D0%A1%D0%BC%D0%BE%D0%BB%D0%B5%D0%BD%D1%81%D0%BA%D0%BE%D0%B9_%D0%91%D0%BE%D0%B6%D0%B8%D0%B5%D0%B9_%D0%9C%D0%B0%D1%82%D0%B5%D1%80%D0%B8_%D0%BF%D1%80%D0%B8_%D0%9E%D1%80%D0%BB%D0%BE%D0%B2%D1%81%D0%BA%D0%BE%D0%B9_%D0%BB%D0%B5%D1%87%D0%B5%D0%B1%D0%BD%D0%B8%D1%86%D0%B5_%D0%BD%D0%B0_%D0%A5%D0%B8%D1%82%D1%80%D0%BE%D0%B2%D0%BA%D0%B5,52
Храм святителя Спиридона Тримифунтского в Нагатинском Затоне,Храм святителя Спиридона,исторический храм / монастырь,"Тихая архитектурная точка, заметная в исторической среде района. До ближайшего монумента — «Остров мечты», около 1.36 км.",37.695441,1361,Остров мечты,https://ru.wikipedia.org/wiki/%D0%A5%D1%80%D0%B0%D0%BC_%D0%A1%D0%BF%D0%B8%D1%80%D0%B8%D0%B4%D0%BE%D0%BD%D0%B0_%D0%A2%D1%80%D0%B8%D0%BC%D0%B8%D1%84%D1%83%D0%BD%D1%82%D1%81%D0%BA%D0%BE%D0%B3%D0%BE_%D0%B2_%D0%9D%D0%B0%D0%B3%D0%B0%D1%82%D0%B8%D0%BD%D1%81%D0%BA%D0%BE%D0%BC_%D0%97%D0%B0%D1%82%D0%BE%D0%BD%D0%B5,52
Collection,Музей Collection,музей,"Хороший вариант для короткого визита, если интересны экспозиции и локальные коллекции. До ближайшего монумента — «ГУМ», около 1.35 км.",37.641922805,1351,ГУМ,,52
Храм апостолов Петра и Павла в Петровском-Разумовском,Храм апостолов Петра,исторический храм / монастырь,"Тихая архитектурная точка, заметная в исторической среде района. До ближайшего монумента — «Tram station», около 1.32 км.",37.549502,1317,Tram station,https://ru.wikipedia.org/wiki/%D0%A5%D1%80%D0%B0%D0%BC_%D0%90%D0%BF%D0%BE%D1%81%D1%82%D0%BE%D0%BB%D0%BE%D0%B2_%D0%9F%D0%B5%D1%82%D1%80%D0%B0_%D0%B8_%D0%9F%D0%B0%D0%B2%D0%BB%D0%B0_%D0%B2_%D0%9F%D0%B5%D1%82%D1%80%D0%BE%D0%B2%D1%81%D0%BA%D0%BE%D0%BC-%D0%A0%D0%B0%D0%B7%D1%83%D0%BC%D0%BE%D0%B2%D1%81%D0%BA%D0%BE%D0%BC,52
Лютеранская церковь Святого Михаила (Москва),Церковь Святого Михаила,исторический храм / монастырь,"Лютеранская церковь Немецкой слободы, снесённая в 1928 году. До ближайшего монумента — «Колокольня», около 1.30 км.",37.676388888,1304,Колокольня,https://ru.wikipedia.org/wiki/%D0%9B%D1%8E%D1%82%D0%B5%D1%80%D0%B0%D0%BD%D1%81%D0%BA%D0%B0%D1%8F_%D1%86%D0%B5%D1%80%D0%BA%D0%BE%D0%B2%D1%8C_%D0%A1%D0%B2%D1%8F%D1%82%D0%BE%D0%B3%D0%BE_%D0%9C%D0%B8%D1%85%D0%B0%D0%B8%D0%BB%D0%B0_(%D0%9C%D0%BE%D1%81%D0%BA%D0%B2%D0%B0),52
Церковь Тихвинской Божьей Матери на Бережках,Церковь Тихвинской Божьей,исторический храм / монастырь,"Тихая архитектурная точка, заметная в исторической среде района. До ближайшего монумента — «Пионер», около 1.30 км.",37.570447,1304,Пионер,https://ru.wikipedia.org/wiki/%D0%A6%D0%B5%D1%80%D0%BA%D0%BE%D0%B2%D1%8C_%D0%A2%D0%B8%D1%85%D0%B2%D0%B8%D0%BD%D1%81%D0%BA%D0%BE%D0%B9_%D0%91%D0%BE%D0%B6%D1%8C%D0%B5%D0%B9_%D0%9C%D0%B0%D1%82%D0%B5%D1%80%D0%B8_%D0%BD%D0%B0_%D0%91%D0%B5%D1%80%D0%B5%D0%B6%D0%BA%D0%B0%D1%85,52
Церковь великомученицы Анастасии Узорешительницы в Тёплом Стане,Церковь Анастасии Узорешительницы,исторический храм / монастырь,"Тихая архитектурная точка, заметная в исторической среде района. До ближайшего монумента — «Шишки», около 1.25 км.",37.490527,1250,Шишки,https://ru.wikipedia.org/wiki/%D0%A5%D1%80%D0%B0%D0%BC_%D0%90%D0%BD%D0%B0%D1%81%D1%82%D0%B0%D1%81%D0%B8%D0%B8_%D0%A3%D0%B7%D0%BE%D1%80%D0%B5%D1%88%D0%B8%D1%82%D0%B5%D0%BB%D1%8C%D0%BD%D0%B8%D1%86%D1%8B_%D0%B2_%D0%A2%D1%91%D0%BF%D0%BB%D0%BE%D0%BC_%D0%A1%D1%82%D0%B0%D0%BD%D0%B5,52
Московская центральная церковь ЕХБ,Церковь ЕХБ,исторический храм / монастырь,"Тихая архитектурная точка, заметная в исторической среде района. До ближайшего монумента — «Доходный дом Перлова», около 1.23 км.",37.64611,1226,Доходный дом Перлова,https://ru.wikipedia.org/wiki/%D0%9C%D0%BE%D1%81%D0%BA%D0%BE%D0%B2%D1%81%D0%BA%D0%B0%D1%8F_%D1%86%D0%B5%D0%BD%D1%82%D1%80%D0%B0%D0%BB%D1%8C%D0%BD%D0%B0%D1%8F_%D1%86%D0%B5%D1%80%D0%BA%D0%BE%D0%B2%D1%8C_%D0%B5%D0%B2%D0%B0%D0%BD%D0%B3%D0%B5%D0%BB%D1%8C%D1%81%D0%BA%D0%B8%D1%85_%D1%85%D1%80%D0%B8%D1%81%D1%82%D0%B8%D0%B0%D0%BD-%D0%B1%D0%B0%D0%BF%D1%82%D0%B8%D1%81%D1%82%D0%BE%D0%B2,52
музей индустриальной культуры,Музей индустриальной культуры,музей,"Хороший вариант для короткого визита, если интересны экспозиции и локальные коллекции. До ближайшего монумента — «Paustovsky Museum», около 1.21 км.",37.77171,1210,Paustovsky Museum,,52
Храм Троицы в Орехове-Борисове,Храм Троицы,исторический храм / монастырь,"Тихая архитектурная точка, заметная в исторической среде района. До ближайшего монумента — «Борисовская плотина», около 1.21 км.",37.71195,1205,Борисовская плотина,https://ru.wikipedia.org/wiki/%D0%A5%D1%80%D0%B0%D0%BC_%D0%A2%D1%80%D0%BE%D0%B8%D1%86%D1%8B_%D0%B2_%D0%9E%D1%80%D0%B5%D1%85%D0%BE%D0%B2%D0%B5-%D0%91%D0%BE%D1%80%D0%B8%D1%81%D0%BE%D0%B2%D0%B5,52
Александро-Невский собор,Собор,исторический храм / монастырь,"Разрушенный православный собор в Москве. До ближайшего монумента — «Всем влюбленным», около 1.20 км.",37.592222222,1200,Всем влюбленным,https://ru.wikipedia.org/wiki/%D0%90%D0%BB%D0%B5%D0%BA%D1%81%D0%B0%D0%BD%D0%B4%D1%80%D0%BE-%D0%9D%D0%B5%D0%B2%D1%81%D0%BA%D0%B8%D0%B9_%D1%81%D0%BE%D0%B1%D0%BE%D1%80_(%D0%9C%D0%BE%D1%81%D0%BA%D0%B2%D0%B0),52
Храм Святого Праведного Иоанна Русского в Кунцеве,Храм Праведного Иоанна,исторический храм / монастырь,"Тихая архитектурная точка, заметная в исторической среде района. До ближайшего монумента — «Полёт», около 1.19 км.",37.406172222,1192,Полёт,https://ru.wikipedia.org/wiki/%D0%A5%D1%80%D0%B0%D0%BC_%D0%98%D0%BE%D0%B0%D0%BD%D0%BD%D0%B0_%D0%A0%D1%83%D1%81%D1%81%D0%BA%D0%BE%D0%B3%D0%BE_%D0%B2_%D0%9A%D1%83%D0%BD%D1%86%D0%B5%D0%B2%D0%B5,52
"Храм Бориса и Глеба, что у Арбатских ворот",Храм Бориса Глеба,исторический храм / монастырь,"Сохранившийся православный храм, существовавший в Москве, в Белом городе, на Арбатской площади. До ближайшего монумента — «Ultimate Zombie Box», около 1.15 км.",37.60192,1150,Ultimate Zombie Box,"https://ru.wikipedia.org/wiki/%D0%A5%D1%80%D0%B0%D0%BC_%D0%91%D0%BE%D1%80%D0%B8%D1%81%D0%B0_%D0%B8_%D0%93%D0%BB%D0%B5%D0%B1%D0%B0,_%D1%87%D1%82%D0%BE_%D1%83_%D0%90%D1%80%D0%B1%D0%B0%D1%82%D1%81%D0%BA%D0%B8%D1%85_%D0%B2%D0%BE%D1%80%D0%BE%D1%82",52
Церковь Святого Игоря Черниговского (Ново-Переделкино),Церковь Игоря Черниговского,исторический храм / монастырь,"Сохранившийся православный храм в Москве. До ближайшего монумента — «House of Poems», около 1.11 км.",37.347937,1112,House of Poems,https://ru.wikipedia.org/wiki/%D0%A1%D0%BE%D0%B1%D0%BE%D1%80_%D0%A1%D0%B2%D1%8F%D1%82%D0%BE%D0%B3%D0%BE_%D0%98%D0%B3%D0%BE%D1%80%D1%8F_%D0%A7%D0%B5%D1%80%D0%BD%D0%B8%D0%B3%D0%BE%D0%B2%D1%81%D0%BA%D0%BE%D0%B3%D0%BE_%D0%B2_%D0%9F%D0%B5%D1%80%D0%B5%D0%B4%D0%B5%D0%BB%D0%BA%D0%B8%D0%BD%D0%B5,52
Церковь Успения Пресвятой Богородицы в Кожевниках,Церковь Успения Богородицы,исторический храм / монастырь,"Тихая архитектурная точка, заметная в исторической среде района. До ближайшего монумента — «Усадьба Ардалионова», около 1.11 км.",37.653888888,1109,Усадьба Ардалионова,https://ru.wikipedia.org/wiki/%D0%A6%D0%B5%D1%80%D0%BA%D0%BE%D0%B2%D1%8C_%D0%A3%D1%81%D0%BF%D0%B5%D0%BD%D0%B8%D1%8F_%D0%9F%D1%80%D0%B5%D1%81%D0%B2%D1%8F%D1%82%D0%BE%D0%B9_%D0%91%D0%BE%D0%B3%D0%BE%D1%80%D0%BE%D0%B4%D0%B8%D1%86%D1%8B_%D0%B2_%D0%9A%D0%BE%D0%B6%D0%B5%D0%B2%D0%BD%D0%B8%D0%BA%D0%B0%D1%85,52
Храм Святителя Николая в Старом Коптеве,Храм Николая,исторический храм / монастырь,"Тихая архитектурная точка, заметная в исторической среде района. До ближайшего монумента — «Ерунда», около 1.11 км.",37.517297222,1107,Ерунда,https://ru.wikipedia.org/wiki/%D0%A5%D1%80%D0%B0%D0%BC_%D0%A1%D0%B2%D1%8F%D1%82%D0%B8%D1%82%D0%B5%D0%BB%D1%8F_%D0%9D%D0%B8%D0%BA%D0%BE%D0%BB%D0%B0%D1%8F_%D0%B2_%D0%A1%D1%82%D0%B0%D1%80%D0%BE%D0%BC_%D0%9A%D0%BE%D0%BF%D1%82%D0%B5%D0%B2%D0%B5,52
Церковь Василия Кесарийского в Тверской ямской слободе,Церковь Василия Кесарийского,исторический храм / монастырь,"Тихая архитектурная точка, заметная в исторической среде района. До ближайшего монумента — «Всем влюбленным», около 1.10 км.",37.59083,1096,Всем влюбленным,https://ru.wikipedia.org/wiki/%D0%A6%D0%B5%D1%80%D0%BA%D0%BE%D0%B2%D1%8C_%D0%92%D0%B0%D1%81%D0%B8%D0%BB%D0%B8%D1%8F_%D0%9A%D0%B5%D1%81%D0%B0%D1%80%D0%B8%D0%B9%D1%81%D0%BA%D0%BE%D0%B3%D0%BE_%D0%B2_%D0%A2%D0%B2%D0%B5%D1%80%D1%81%D0%BA%D0%BE%D0%B9_%D1%8F%D0%BC%D1%81%D0%BA%D0%BE%D0%B9_%D1%81%D0%BB%D0%BE%D0%B1%D0%BE%D0%B4%D0%B5,52
Храм Георгия Победоносца на Поклонной горе,Храм Георгия Победоносца,исторический храм / монастырь,"Сохранившийся православный храм в Москве. До ближайшего монумента — «Круглый дом», около 1.08 км.",37.512138888,1083,Круглый дом,https://ru.wikipedia.org/wiki/%D0%A5%D1%80%D0%B0%D0%BC_%D0%93%D0%B5%D0%BE%D1%80%D0%B3%D0%B8%D1%8F_%D0%9F%D0%BE%D0%B1%D0%B5%D0%B4%D0%BE%D0%BD%D0%BE%D1%81%D1%86%D0%B0_%D0%BD%D0%B0_%D0%9F%D0%BE%D0%BA%D0%BB%D0%BE%D0%BD%D0%BD%D0%BE%D0%B9_%D0%B3%D0%BE%D1%80%D0%B5,52
Мемориальная мечеть,Мемориальная мечеть,исторический храм или монастырь,"Мечеть в Москве. До ближайшего монумента — «Круглый дом», около 1.08 км.",37.496944444,1082,Круглый дом,https://ru.wikipedia.org/wiki/%D0%9C%D0%B5%D0%BC%D0%BE%D1%80%D0%B8%D0%B0%D0%BB%D1%8C%D0%BD%D0%B0%D1%8F_%D0%BC%D0%B5%D1%87%D0%B5%D1%82%D1%8C,52
Mosfilm Museum,Музей Mosfilm Museum,музей,"Хороший вариант для короткого визита, если интересны экспозиции и локальные коллекции. До ближайшего монумента — «Круглый дом», около 1.08 км.",37.530826111,1081,Круглый дом,,52
Храм Живоначальной Троицы в Старых Черёмушках,Храм Живоначальной Троицы,исторический храм / монастырь,"Тихая архитектурная точка, заметная в исторической среде района. До ближайшего монумента — «Первая Хрущёвка», около 1.04 км.",37.593626944,1043,Первая Хрущёвка,https://ru.wikipedia.org/wiki/%D0%A5%D1%80%D0%B0%D0%BC_%D0%96%D0%B8%D0%B2%D0%BE%D0%BD%D0%B0%D1%87%D0%B0%D0%BB%D1%8C%D0%BD%D0%BE%D0%B9_%D0%A2%D1%80%D0%BE%D0%B8%D1%86%D1%8B_%D0%B2_%D0%A1%D1%82%D0%B0%D1%80%D1%8B%D1%85_%D0%A7%D0%B5%D1%80%D1%91%D0%BC%D1%83%D1%88%D0%BA%D0%B0%D1%85,52
Храм Тихона Задонского в Сокольниках,Храм Тихона Задонского,исторический храм / монастырь,"Тихая архитектурная точка, заметная в исторической среде района. До ближайшего монумента — «Большой розарий», около 1.02 км.",37.683,1017,Большой розарий,https://ru.wikipedia.org/wiki/%D0%A5%D1%80%D0%B0%D0%BC_%D0%A2%D0%B8%D1%85%D0%BE%D0%BD%D0%B0_%D0%97%D0%B0%D0%B4%D0%BE%D0%BD%D1%81%D0%BA%D0%BE%D0%B3%D0%BE_%D0%B2_%D0%A1%D0%BE%D0%BA%D0%BE%D0%BB%D1%8C%D0%BD%D0%B8%D0%BA%D0%B0%D1%85,52
Церковь Введения во храм Пресвятой Богородицы в Черневе,Храм Введения храм,исторический храм / монастырь,"Тихая архитектурная точка, заметная в исторической среде района. До ближайшего монумента — «Rainbow», около 1.00 км.",37.52651,1000,Rainbow,https://ru.wikipedia.org/wiki/%D0%A6%D0%B5%D1%80%D0%BA%D0%BE%D0%B2%D1%8C_%D0%92%D0%B2%D0%B5%D0%B4%D0%B5%D0%BD%D0%B8%D1%8F_%D0%B2%D0%BE_%D1%85%D1%80%D0%B0%D0%BC_%D0%9F%D1%80%D0%B5%D1%81%D0%B2%D1%8F%D1%82%D0%BE%D0%B9_%D0%91%D0%BE%D0%B3%D0%BE%D1%80%D0%BE%D0%B4%D0%B8%D1%86%D1%8B_%D0%B2_%D0%A7%D0%B5%D1%80%D0%BD%D0%B5%D0%B2%D0%B5,52
"Saint John of Rila Church, Moscow",Saint John of,исторический храм / монастырь,"Тихая архитектурная точка, заметная в исторической среде района. До ближайшего монумента — «Дом-корабль», около 1.28 км.",37.607992,1280,Дом-корабль,,44
церковь Андрея Боголюбского,Церковь Андрея Боголюбского,исторический храм / монастырь,"Сохранившийся православный храм в Москве. До ближайшего монумента — «Чебурашка», около 1.21 км.",37.346085,1206,Чебурашка,,44
деревянная церковь св. Владимира в Тушино,Церковь св. Владимира,исторический храм / монастырь,"Тихая архитектурная точка, заметная в исторической среде района. До ближайшего монумента — «🏖 пляж», около 1.16 км.",37.4227,1159,🏖 пляж,,44
часовня Бориса и Глеба на Арбатской площади,Часовня Бориса Глеба,исторический храм / монастырь,"Тихая архитектурная точка, заметная в исторической среде района. До ближайшего монумента — «Ultimate Zombie Box», около 1.15 км.",37.60189,1153,Ultimate Zombie Box,,44
Церковь Александра Невского в Кожухове,Церковь Александра Невского,исторический храм / монастырь,"Тихая архитектурная точка, заметная в исторической среде района. До ближайшего монумента — «Остров мечты», около 1.01 км.",37.668611111,1007,Остров мечты,,44
